unit_id,source,source_detail,url,retrieved_at,text,platform_mentioned,query_matched
play_ee3e49d1e760,playstore,Myntra (Android),https://play.google.com/store/apps/details?id=com.myntra.android&reviewId=47b8d8de-10aa-4cc9-a64e-381c05aed50f,2026-08-22T15:54:12+00:00,"app is extremely slow , it takes forever to search something and then lands on ""oops something went wrong"" (It is not my network issue). once clicked on any item, it opens as a 3/4th page pop up(shows double click to wishlist) - why do I need to put in wishlist, if I couldnt even see the photos properly.",Myntra,wishlist
play_c1c56d43011f,playstore,Myntra (Android),https://play.google.com/store/apps/details?id=com.myntra.android&reviewId=38a151a8-e415-48ee-b4e9-188c1f93013a,2026-08-22T15:54:12+00:00,"I have given so many reviews but I never got any prize... this is just a scam... if you are not willing to provide any prize then why have you written there that you will get a reward..... stop scamming people...... also whenever I open my wishlist, the app functions slow... I click on the wishlisted product and it takes too much time to open",Myntra,wishlist
play_5608d43108bb,playstore,Myntra (Android),https://play.google.com/store/apps/details?id=com.myntra.android&reviewId=ed5a41ba-5b82-4cdf-81c9-8842c4e5d991,2026-08-22T15:54:12+00:00,2 days ago I shortlisted few nikes to buy but I didn't order it because at that moment I was a bit busy with my work and I saw sale is for few days. Today I wanted to order a what the all discounts of sale are gone for those shoes Why??? sale is still going to last 4 hours so why those offers a deducted??? is the sale over?? No so why can't you guys continue with the sale offers. Another thing give us price list check like Amazon did to review recent prices.,Myntra,shortlisted
play_3a83761ec513,playstore,Myntra (Android),https://play.google.com/store/apps/details?id=com.myntra.android&reviewId=507ce767-900a-4ba4-b6e1-6749fa1c2ff3,2026-08-22T15:54:12+00:00,"What happened to Myntras wishlist category? it save a lott of time. sometimes I only open wishlist products, do quick search and order. please bring it back",Myntra,wishlist
play_720a2cca675c,playstore,Myntra (Android),https://play.google.com/store/apps/details?id=com.myntra.android&reviewId=1fe282b8-0168-43a6-9cb2-2abf1769180f,2026-08-22T15:54:12+00:00,"if I have several items added to cart, now when I go to see details of an individual item and then return back to cart, the page resets at the top of the cart. can you please fix it so that it comes back to where I left off. its not a big deal but when U have several items in cart, its kind of annoying.",Myntra,added to cart / bag
play_bd2f691f7904,playstore,Myntra (Android),https://play.google.com/store/apps/details?id=com.myntra.android&reviewId=85f9c08f-79ef-45c1-a793-835a9fc47b62,2026-08-22T15:54:12+00:00,"App sucks after update removing and adding item in cart takes a very long time. After clicking the x mark to remove items from cart the remove or move to wishlist pop up takes a very long time to display. Then clicking remove take another minute. The app became trash. Sent the mail with registered mobile number and got response that they are unable to find the account, bravo👏",Myntra,wishlist
play_a961a96b3656,playstore,Myntra (Android),https://play.google.com/store/apps/details?id=com.myntra.android&reviewId=a835d4e8-14ad-4d9d-bbbd-21101d9d9521,2026-08-22T15:54:12+00:00,"good but the price is very high according the product if you want to buy you can take from meesho,flipkart and if you're going to buy they will not give the option add to Cart they will give BAG option it's lot of hassle and they didn't featured direct buy and very high price according other apps don't use its waste",Myntra,added to cart / bag
play_6d73d9d2e8b3,playstore,Myntra (Android),https://play.google.com/store/apps/details?id=com.myntra.android&reviewId=3982e971-5bb0-421f-86cf-587c76451741,2026-08-22T15:54:12+00:00,"I have felt quite cheated. Every time I view a product or add it to my wishlist, the price refuses to drop. Frequently, I see prices decrease for every size except the one I actually need. This consistent pattern is making me consider leaving the platform entirely.",Myntra,wishlist
play_2bb85e6004e6,playstore,Myntra (Android),https://play.google.com/store/apps/details?id=com.myntra.android&reviewId=ac1271d1-a861-426e-adde-953a9c06eb5f,2026-08-22T15:54:12+00:00,"I think they shouldn't charge us for COD when they're already taking platform and delivery charges or else the app is quite ok, though I would love if they can increase the capacity of wishlist inventory. Love this app regardless",Myntra,wishlist
play_75b773b74f33,playstore,Myntra (Android),https://play.google.com/store/apps/details?id=com.myntra.android&reviewId=71fc02ba-7221-4494-a4ad-8d75053b5e4f,2026-08-22T15:54:12+00:00,awesome app to shop on this price is so low and super deals on this app and I add the products on the cart it will get the free products and we can add to cart and we can buy the three product also this is the best app to purchase the product I will thanks for the Myntra it's the best deals and now was going a sell up to 80 to 90% shop now,Myntra,added to cart / bag
play_852f01565e52,playstore,Myntra (Android),https://play.google.com/store/apps/details?id=com.myntra.android&reviewId=65f2457e-cdbf-4bfc-a4dc-01c3ea82188e,2026-08-22T15:54:12+00:00,"Myntra is a great fashion shopping app with a huge collection of trendy clothes, footwear, beauty products, and accessories. The app is easy to use, offers frequent discounts, fast delivery, and genuine branded products. Its smooth interface, wishlist feature, and easy return policy make online shopping simple and enjoyable. Perfect for finding stylish outfits at affordable prices",Myntra,wishlist
play_6c2eccfbbc4f,playstore,Myntra (Android),https://play.google.com/store/apps/details?id=com.myntra.android&reviewId=80b4fdf4-eb2f-4d3f-8cd6-4a32cd94c67f,2026-08-22T15:54:12+00:00,"actually I love this app before, but now a days it's testing my calmness, whenever the price drops or any sale like EROS now, they don't allow me to get what I want, always it comes with not deliverable option in most of the products in my wishlist, fed up😫",Myntra,wishlist
play_b6f7f224aa2f,playstore,Myntra (Android),https://play.google.com/store/apps/details?id=com.myntra.android&reviewId=c03d949d-6061-48db-b6bc-e0f85d2d62da,2026-08-22T15:54:12+00:00,"Everything on Myntra is great, but the wishlist has a limit. Please remove the wishlist limit.",Myntra,wishlist
play_a5d2a85eed38,playstore,Myntra (Android),https://play.google.com/store/apps/details?id=com.myntra.android&reviewId=0e9d85a7-187b-49ce-a8a9-81a1713dc83d,2026-08-22T15:54:12+00:00,Very Bad Experience....Ordered a product (Pre-paid) .... Application got deleted...Faced problems while login and all my items in wishlist and orders got deleted...I informed it via customer care..Got no response.... Worst Service,Myntra,wishlist
play_cef7ce46c982,playstore,Myntra (Android),https://play.google.com/store/apps/details?id=com.myntra.android&reviewId=90db46cb-8b5a-4c65-9c48-d83ec7b9d462,2026-08-22T15:54:12+00:00,"Myntra is my go-to app for fashion shopping, and for good reason. The UI is clean and super easy to navigate: filters actually work, size guides are accurate, and the wishlist + cart sync instantly across devices. *What I love:* - *Variety*: Huge range of brands from H&M and Nike to local labels and Myntra’s in-house collections. Good mix of budget and premium. - *Sales & deals*: Myntra End of Reason Sale is wild. Plus daily deals, bank offers, and Myntra Insider points",Myntra,wishlist
play_75b1c6e3d915,playstore,Myntra (Android),https://play.google.com/store/apps/details?id=com.myntra.android&reviewId=ffa695e7-3ff2-4660-8a67-9cb97e5f9171,2026-08-22T15:54:12+00:00,"myntra is really scammer. Item in wishlist is shown at almost 50% discount. once you add it in cart, discount reduces to 30%. worst experience.",Myntra,wishlist
play_92ebc0642605,playstore,Myntra (Android),https://play.google.com/store/apps/details?id=com.myntra.android&reviewId=b2652b65-27b1-46b9-a85d-2ffad1b13d6d,2026-08-22T15:54:12+00:00,Worst online shopping app ever I used....item i add to wishlist is always showing unable to deliver to the available pincode...such a big platform still so much inquiries!!!,Myntra,wishlist; added to wishlist
play_2ea906c6569c,playstore,Myntra (Android),https://play.google.com/store/apps/details?id=com.myntra.android&reviewId=18c52668-fade-46a0-9aeb-b67bec724a84,2026-08-22T15:54:12+00:00,"fast and comfortable delivery, arrived order is exactly on wishlist",Myntra,wishlist
play_85b93bf3b685,playstore,Myntra (Android),https://play.google.com/store/apps/details?id=com.myntra.android&reviewId=9a055d5a-e421-407b-9282-1f7befba5694,2026-08-22T15:54:12+00:00,"worst experience, every time tutorial double tap to wishlist just fed-up.",Myntra,wishlist
play_213c13f1c0e8,playstore,Myntra (Android),https://play.google.com/store/apps/details?id=com.myntra.android&reviewId=ffaed538-a0e9-4bf6-99b9-563a4692de0c,2026-08-22T15:54:13+00:00,prices get increased after adding the product to the wishlist specially for the luxury brands.,Myntra,wishlist
play_69e2b2858326,playstore,Myntra (Android),https://play.google.com/store/apps/details?id=com.myntra.android&reviewId=dee4b286-2e7f-4c61-8e2e-893233ac4502,2026-08-22T15:54:13+00:00,hey myntra recently I added some clothes in my myntra wishlist and all of them are showing unavailable delivery for my address I am using myntra for a decade now it never happened what's wrong with you myntra almost 20 or 30 items are showing delivery unavailable for my address I am so disappointed with you,Myntra,wishlist
play_2de0c2e7a78a,playstore,Myntra (Android),https://play.google.com/store/apps/details?id=com.myntra.android&reviewId=b7b62daf-ae91-4e62-a40e-3064d8ef268f,2026-08-22T15:54:13+00:00,"scamming customer. If I add something in wishlist, and try to buy they suddenly increase there price. this is second time",Myntra,wishlist
play_fa396993b54f,playstore,Myntra (Android),https://play.google.com/store/apps/details?id=com.myntra.android&reviewId=b2ff27c9-18ec-4d65-8c29-39ea2f338f69,2026-08-22T15:54:13+00:00,i add item on wishlist it shows a lower price and when I try to purchase it shows more.,Myntra,wishlist
play_9e050692ebfe,playstore,Myntra (Android),https://play.google.com/store/apps/details?id=com.myntra.android&reviewId=0ab8cd0c-f9d5-4abb-9d5e-12ae3ea04b7e,2026-08-22T15:54:13+00:00,"Hi., recently planned to buy an woodland sandle... 5000 product with discount it came to 3500 ... but this myntra didn't provide us that product by cancelling the order.. don't buy ur desired product from this app.. better to buy from original website . They will make you fool. they will provide you the offer and tends to decrease the price amount. until the offer ends they will not deliver that product. After offer ends either ur product got cancelled or seller didn't provide the product.",Myntra,meant to buy
play_2c652b4edc85,playstore,Myntra (Android),https://play.google.com/store/apps/details?id=com.myntra.android&reviewId=2d97562d-e37e-4445-8c2e-a1f7dcb834b6,2026-08-22T15:54:13+00:00,"Increases the price of items that are on your wish list.Size chars are always confusíng.You almost every time get the sizes of çlothes wrong .Their delivery partner is the worst,you won't get your order on expeçted date or.You will get wrong order or defective ones.They will always delay your order.Myntra as an app is handy to use but the products, though many,won't be as shown in the app.Lower your expectations.There are way too many features and offers to extract money from you.Don't be a fool",Myntra,wishlist
play_32de93f7ea16,playstore,Myntra (Android),https://play.google.com/store/apps/details?id=com.myntra.android&reviewId=9ec616fb-30c8-4b1a-badd-cc172e7d0da2,2026-08-22T15:54:13+00:00,"I have one suggestion for a future update regarding the wishlist feature. Removing products from the wishlist is currently quite slow, especially when there are many items. It would be much more convenient to have a ""Select All / Deselect All"" option along with a bulk delete feature. This would allow users to quickly clear out wishlist items that are out of stock or no longer needed, instead of removing them one by one. I believe this would significantly improve the user experience. Thank You",Myntra,wishlist
play_937a60e34159,playstore,Myntra (Android),https://play.google.com/store/apps/details?id=com.myntra.android&reviewId=5b25b802-3251-45fd-b783-d2801c3d313c,2026-08-22T15:54:13+00:00,It was great until the last update. Somehow the option to create new collections OR view existing collections is gone. I had spent so much time in creating and saving no of products into it because wishlist only supports limited no of items. Suddenly collections are gone. Looks like Myntra wishlist has a limit. I have about 1000 products in it and it now says can't wishlist more products because maximum has reached. Bad user experience.,Myntra,wishlist
play_c4eac29b1ab2,playstore,Myntra (Android),https://play.google.com/store/apps/details?id=com.myntra.android&reviewId=2260b79f-8c79-400e-a140-bd33e76598f4,2026-08-22T15:54:13+00:00,"The platform fee is very high when compared to all other apps! Unusual price drop of products High ranged product suddenly come down to lowest price, we need to wishlist product and wait long time to know the exact price of product, the products which I paid in 1000's came down in the range of 100's that is really disappointing also newly they are including platform fee for exchange products also which was free early this is such loot from customers, hence forth i try to avoid shopping in Myntra",Myntra,wishlist
play_ece5999dc2d8,playstore,Myntra (Android),https://play.google.com/store/apps/details?id=com.myntra.android&reviewId=7903ddcf-f9a8-4efd-8b41-4110cc3b5eef,2026-08-22T15:54:13+00:00,l really like myntra and whenever l wanted to buy clothes so l just opened the app and just started shopping It gives the best discounts and loved it 💘,Myntra,meant to buy
play_ffad08d61929,playstore,Myntra (Android),https://play.google.com/store/apps/details?id=com.myntra.android&reviewId=79d1e9b7-d8fd-4067-8579-c83369898b9a,2026-08-22T15:54:13+00:00,Myntra is my go-to app for shopping. This is the only app I have for buying clothes and I just love and I'm obsessed with shopping at Myntra. But recently some of my wishlist items disappeared. Like the number of items that I've added and is mentioned is 200 but it just shows 50 items to me. Where are the other products? Please fix this!,Myntra,wishlist
play_de5742a6a17a,playstore,Myntra (Android),https://play.google.com/store/apps/details?id=com.myntra.android&reviewId=cee57846-3637-4d9b-859e-7685089970e1,2026-08-22T15:54:13+00:00,Worst day by day. App interface is not at all user friendly. I'm trying view products in cart I had added a min ago not sure where it actually was moved. My wishlist empty now. I regret choosing myntra to redeem my coupons now I'm stuck with credits in myntra account. Please work on your app at the earliest before you lose your customers.,Myntra,wishlist
play_34d5c4380f48,playstore,Myntra (Android),https://play.google.com/store/apps/details?id=com.myntra.android&reviewId=4f12d353-de59-41c4-a095-1abf95261be8,2026-08-22T15:54:13+00:00,"It was going fine, I was checking products and added some of them on my wishlist. Suddenly two days ago, I opened the app & my wishlist was gone.There was 0 items on my wishlist. I added more than 6 items but my wishlist is empty now. Please fix this issue, I added my favourite products which I was planning to buy.",Myntra,wishlist
play_52c5ff31100e,playstore,Myntra (Android),https://play.google.com/store/apps/details?id=com.myntra.android&reviewId=b2cd0a25-01ad-4c7b-a350-ce27470b1efb,2026-08-22T15:54:13+00:00,Myntra can be useful if you wanted to buy high end products and high quality brands but if you want to buy from low quality and cheap products they aren't fit to buy from this app and the return and refund process is a scam cuz like 20 % of my money is not received. The delivery is also so delayed and there is no response.,Myntra,meant to buy
play_d180fb28bedf,playstore,Myntra (Android),https://play.google.com/store/apps/details?id=com.myntra.android&reviewId=202cfd03-ed56-4f13-a2f4-4dd06a05af99,2026-08-22T15:54:13+00:00,"I am using this app from almost 3 months. so far i wasn't having any problem with the application. But from last week, i am having issue with the app. Issue: I have added few products into my cart, and i changed my mind and thought of buying them later. So wanted to move the items to wishlist, but when i tried to click ""move to wishlist"", none of the items are moving to wishlist. I am getting some error saying ""Something went wrong, try again later"". Kindly help me fix this issues.",Myntra,wishlist
play_7846b3f38fe7,playstore,Myntra (Android),https://play.google.com/store/apps/details?id=com.myntra.android&reviewId=10c31371-62e1-40d8-a065-68eb0ea68024,2026-08-22T15:54:13+00:00,"Everytime I try to remove an item from my bag it keeps lagging and when I do remove it from my bag or even unselect it from buying, it goes back to how it was. I have been trying to remove stuff and move them to wishlist for 10 mins and it's still lagging and isn't very helpful. Please look into it.",Myntra,wishlist
play_c991a9c83633,playstore,Myntra (Android),https://play.google.com/store/apps/details?id=com.myntra.android&reviewId=b46ce23f-d3cc-46ac-a592-51e3e74ae0c1,2026-08-22T15:54:13+00:00,"""I would like to suggest an update to add filter and sort options in the wishlist. With over 300 items in my wishlist, it would be helpful to sort by options like price drop, out of stock, or price in ascending order. Additionally, a feature to delete permanently out-of-stock items that won't be restocked would help reduce cloud storage usage."" And providing me an a job will give so many updates like this which is beneficial for us and customers.",Myntra,wishlist
play_f64774642047,playstore,Myntra (Android),https://play.google.com/store/apps/details?id=com.myntra.android&reviewId=abe3e710-fbea-445d-910a-2dc1650e1be9,2026-08-22T15:54:13+00:00,"I have been shopping on myntra since ages and I used to love this app but not now. I don't know what's wrong with the upgraded version of the app these days , my wish list doesn't open up, whenever I open wishlist ""something went wrong"" Pop up comes up at the bottom.I tried several times to fix it but nothing worked. Please fix the bug myntra",Myntra,wishlist
play_f2304e67ca76,playstore,Myntra (Android),https://play.google.com/store/apps/details?id=com.myntra.android&reviewId=27b348db-a0d4-4ed6-96a3-6b20b040ee8d,2026-08-22T15:54:13+00:00,"My favourite store...just superb..it has always been my go-to store for anything I wanted to buy or I want to buy in terms of fashion....just love myntra..best part is when some dress goes out of stock which you liked soooooo much but couldn't buy at that time due to some reason in that case don't worry just keep the item in your wishlist after couple of days, it will come back in stock which is rarely seen with others.....",Myntra,wishlist; meant to buy
play_1cf9bbca3f7a,playstore,Myntra (Android),https://play.google.com/store/apps/details?id=com.myntra.android&reviewId=c0aba1ad-fcb8-4cb3-a9e6-45a0f78ec161,2026-08-22T15:54:13+00:00,"So many products are out of stock since a long time. For several products , size is not available. Stock is not good. Also, at sale time, u put some more offers so that the wishlisted items get out of stock before Sale day. I like the products and quality also. But I have problem with what is mentioned above. Edit: What has been done in the app. Resolution is scaled to more than 100% it seems. Fonts are big. Why did u give update at EORS time? 🙆🏻‍♂️ Update : Sort and Filter is not working.",Myntra,wishlist
play_e5d580ed44d6,playstore,Myntra (Android),https://play.google.com/store/apps/details?id=com.myntra.android&reviewId=de4d0f8c-b2b8-4967-97a9-26e965859bd5,2026-08-22T15:54:13+00:00,"[new edit] - I reinstalled the app and was was adding things to wishlist. It fails 95% of the time!!!! If I could five 0 stars, I would!!! Very bad user experience even though the products are good. [Old] - i love the app but right now i am having a bad experience. It is not letting me see my bag. I tried logging out and reinstalling the app. But it is not letting me login either.",Myntra,wishlist
play_832f81c60eca,playstore,Myntra (Android),https://play.google.com/store/apps/details?id=com.myntra.android&reviewId=8c77e8fe-c28b-414b-b392-cd7bf6e1e814,2026-08-22T15:54:13+00:00,"The app is quite slow and takes a while to load your wishlist and cart. Plus deleting items from wishlist is also tedious, even if you group items to delete together, it's still quite slow. The app itself has a good design, with easy to navigate filters and options. I do hope they work on its lagging issues though. All other apps function very smoothly, but Myntra doesn't.",Myntra,wishlist
play_c830d08490fb,playstore,Myntra (Android),https://play.google.com/store/apps/details?id=com.myntra.android&reviewId=ae298dc6-193b-423c-9774-f065c51ffec2,2026-08-22T15:54:13+00:00,"it's very slow... can't see my wishlist, my order",Myntra,wishlist
play_91360af46401,playstore,Myntra (Android),https://play.google.com/store/apps/details?id=com.myntra.android&reviewId=d644cf0a-4b8d-413b-abf6-5f7e847605b7,2026-08-22T15:54:13+00:00,"Please can you have an option of removing the wishlisted items quicker? Or an option to remove all the out of stock items at once? My wishlist gets full so frequently because there's no auto delete for out of stock options and it's annoying, maybe I want to save a few recommendations for my friends or have things in wishlist for later but it quickly fills up only on this platform.",Myntra,wishlist
play_368ccc520d7a,playstore,Myntra (Android),https://play.google.com/store/apps/details?id=com.myntra.android&reviewId=4180ded9-3a70-45a4-8694-bcd412fcce1b,2026-08-22T15:54:13+00:00,"Good app,,, maintains genuinity in products👍,,,,best thing is the software/ui,,,,it's very easy to use and lagg free,,,,,just hate the laggy/slowy software of Flipkart/Amazon/etc etc....and only one problem that they know what we are going to buy(don't know how) and then increase the price of specific product,that is in our wishlist or cart🥲",Myntra,wishlist
play_becce5ecda5f,playstore,Myntra (Android),https://play.google.com/store/apps/details?id=com.myntra.android&reviewId=3804003d-9f99-4768-991f-6fba5be6ba7c,2026-08-22T15:54:13+00:00,"Good product assortment but fraudulent differential pricing technique adopted, users beware. Myntra promotes codes for discounts but mostly promotional codes doesn't provide any discount, most are 'fake' codes to lure unsuspecting buyers. Once a dress is added to cart, often Myntra raises the price, so be very careful at price you are ordering.",Myntra,added to cart / bag
play_65a756d6b2b1,playstore,Myntra (Android),https://play.google.com/store/apps/details?id=com.myntra.android&reviewId=885a7280-bab9-43db-baac-4d585bac43ee,2026-08-22T15:54:13+00:00,"Unethical shopping app . Once you add the product into wishlist. They raise the price. I was looking redtape and nike shoes. once they know, i was looking size 7. They doubled the price of specifically size 7 shoes. Misuse of cache and cookies👎 I remember the price of product was 1258 and after some days it was 3500 something",Myntra,wishlist
play_b4e3d42e5dc8,playstore,Myntra (Android),https://play.google.com/store/apps/details?id=com.myntra.android&reviewId=4c2e3c53-8847-412d-8438-e2883589e6ce,2026-08-22T15:54:13+00:00,"I'm gradually loosing my interest to shop with Myntra. Product prices are higher than other e-commerce platforms. Once you wishlist a product, they immediately raise its prices, almost double. There's also an issue with their exchange policy as they deliver the product at your mentioned address but most often it pops up that exchange is not available at provided address. Many times a wrong product is delivered and when it's comes to return, the pick up agents create lot of hassles.",Myntra,wishlist
play_a9f3c769542d,playstore,Myntra (Android),https://play.google.com/store/apps/details?id=com.myntra.android&reviewId=8a6438a8-f521-4f29-ad14-c9cf5e8b9a53,2026-08-22T15:54:13+00:00,"Good app. But shouldn't put light effects on clothes, colour variations online and offline may create difference, shouldn't increase the price as soon someone wishlist it. Moreover the delivery date should be accurate, i have seen in most cases that it comes earlier which is a good thing but sometimes people may go out of station. I would say it's the best EC app in clothing line so far in India. Try to have the latest arrivals like in stores.",Myntra,wishlist
play_3afd14fc8f6b,playstore,Myntra (Android),https://play.google.com/store/apps/details?id=com.myntra.android&reviewId=a1f2868d-c202-4830-a598-8a0045ac01be,2026-08-22T15:54:13+00:00,"Such a bad experience! I don't know why did they keep the coupon option when they aren't even ready for giving discounts. I tried for an entire day but no use . They say 300 off for new customers if we shop more than 1999 and so did I but at last when I was about to check out ,weirdly the option of ""apply coupon"" isn't even visible. I really loved the dresses and wanted to buy them and after an entire day of strucking with this app I guess there is nothing I'm gonna order from here .Uninstalling",Myntra,meant to buy
play_b4567f448521,playstore,Myntra (Android),https://play.google.com/store/apps/details?id=com.myntra.android&reviewId=2f58c956-dfb0-4e74-9b71-ab703ed70335,2026-08-22T15:54:13+00:00,"the app got so laggy . it starts glitching anytime. and the algorithm is so bad . in this era u can do just so much better. and what is with the only 1k items wishlist limit. bro its not that i wishlist items that i wish to buy it is so i can compare at the time of purchase , ain't nobody got the time and energy to unlike the items i had to do that a few times. TAKE THE FEEDBACKS SERIOUSLY.",Myntra,wishlist
play_86c9612fea2f,playstore,Myntra (Android),https://play.google.com/store/apps/details?id=com.myntra.android&reviewId=fab7ca80-0317-4124-bd09-6e3c1ca2fd68,2026-08-22T15:54:13+00:00,"I'm really upset with myntra. I'm facing lots of problems, my cart is showing empty though I have added multiple things to it and it is showing 'something went wrong'. The items I have added to my wishlist went missing without any reason. I'm very disappointed with these ongoing issues.is was very disappointed",Myntra,wishlist; added to wishlist
play_eda850905835,playstore,Myntra (Android),https://play.google.com/store/apps/details?id=com.myntra.android&reviewId=ac2f5d99-f7a7-42a5-95e2-ea76758a3727,2026-08-22T15:54:13+00:00,"probably the most reliable shopping app in terms of product authenticity, Sales alert, similar product suggestion, packaging, delivery and customer service. I had some issues like payment failure while placing order. Also, i'd like to request Myntra to upgrade their wishlist page. It's primitive and circuitous",Myntra,wishlist
play_a4e3a89216de,playstore,Myntra (Android),https://play.google.com/store/apps/details?id=com.myntra.android&reviewId=663b11d8-a54e-41b2-aca0-1446e9ce5a67,2026-08-22T15:54:13+00:00,if i put anything on wishlist today the next day price of the product will increase,Myntra,wishlist
play_af9473f92b17,playstore,Myntra (Android),https://play.google.com/store/apps/details?id=com.myntra.android&reviewId=0360d38a-5153-45af-9185-154f6bf35680,2026-08-22T15:54:13+00:00,updated 30 march 2026.. superb experience and interface. please improve wishlist available and out of stock.,Myntra,wishlist
play_f495dfb95495,playstore,Myntra (Android),https://play.google.com/store/apps/details?id=com.myntra.android&reviewId=b3fd9a4a-8ede-47ea-8990-17a2acb96ca5,2026-08-22T15:54:13+00:00,"Good app for purchases , crazy discount during sales, remember to wishlist you products 😉",Myntra,wishlist
play_a197813904b8,playstore,Myntra (Android),https://play.google.com/store/apps/details?id=com.myntra.android&reviewId=3479b1df-91f8-49ae-93bd-4d4899518f45,2026-08-22T15:54:13+00:00,High priced products and some products didn't even have any discounts. Also variety must be looked into. One has to add extra items unnecessary just to make up the cost to 299 Rs just to avail COD. Otherwise easy to use and send gift cards. Adding to bag and wishlist easy. Hence shopping was easy.,Myntra,wishlist
play_f16ed3beb739,playstore,Myntra (Android),https://play.google.com/store/apps/details?id=com.myntra.android&reviewId=9e03191c-94d3-4d82-ad2e-1824073ecdcb,2026-08-22T15:54:13+00:00,"Horrible after the last update. The app's user interface doesn't work anymore. I can't search, go look at my orders or wishlist or anything for that matter of fact. Refreshed, updated, cleared cache did everything. and now that I changed my password via my computer can't even log back in???? It's so frustrating. If you click on the options it doens't respond. Please fix this ASAP!!!",Myntra,wishlist
play_7796af383465,playstore,Myntra (Android),https://play.google.com/store/apps/details?id=com.myntra.android&reviewId=b64d8c74-1323-470a-bc6c-6d0b5712f550,2026-08-22T15:54:13+00:00,"Found a bug, while adding my wishlisted item to bag which cost 1700/- (round off) and the same item shows cost 5999/- while checkout from bag, this is faced during the current sale, and I have removed and again added the item but the price was wrong and higher , since no other item is there other than the current one. Please check! I can provide you with screenshots as well.",Myntra,wishlist
play_9cfa7fd967b2,playstore,Myntra (Android),https://play.google.com/store/apps/details?id=com.myntra.android&reviewId=a72bf5ff-77a1-4f88-9281-a3bc56a31612,2026-08-22T15:54:13+00:00,"Earlier I was a regular customer as the app ran smooth and customer service was best of all online shopping apps. But now the app always has some glitch. After waiting for minutes for the app to open, I'm not able to access my wishlist. And last product that I ordered was not of my size, after exchanging it I got some other product. The return process was too tiresome. I'm losing my patience with this app. Do something!!!",Myntra,wishlist
play_4ea3887c7946,playstore,Myntra (Android),https://play.google.com/store/apps/details?id=com.myntra.android&reviewId=b8cea9ce-7e7f-4aba-90ee-2b1fbd7f394a,2026-08-22T15:54:13+00:00,"Probably the best online clothing stores in India with all cool, funky, branded, and budget clothes. Only if there were some feature in which you can find the exact pair of clothe as in the picture like the matching shirts or shoes as shown in the picture. And there is only limited items you can add in wishlist after which it won't add any further items and also won't notify that your wishlist is full and items aren't added from now on.",Myntra,wishlist
play_51095032613e,playstore,Myntra (Android),https://play.google.com/store/apps/details?id=com.myntra.android&reviewId=3000c15c-bc1d-4b2a-8e10-552cc0461489,2026-08-22T15:54:13+00:00,Amazing!!!! They always notify us when there is a price drop for wishlisted items also when you want to cancel the order they have a reason as a. Cash issue... For people like me young and broke this is really useful 😂 Really loved it !!!!!!!✨ Also would like to mention when I selected cash issue reason for cancellation I got refund within 10 min 💖,Myntra,wishlist
play_00b96e657342,playstore,Myntra (Android),https://play.google.com/store/apps/details?id=com.myntra.android&reviewId=edf0ab17-bdf0-48d6-9f45-350b79997e61,2026-08-22T15:54:13+00:00,"The app is really buggy & most of the time my wishlist, cart or the list of orders placed dont load no matter how good your internet is. I have to uninstall & reinstall the app to make it work but that only helps for a few days & again the same things starts happening. Better to use it from the web.",Myntra,wishlist
play_41a48466209c,playstore,Myntra (Android),https://play.google.com/store/apps/details?id=com.myntra.android&reviewId=61dd9ab1-60ee-4c3e-9755-51417014e9c8,2026-08-22T15:54:13+00:00,"Myntra is a mobile fashion shopping app where you can browse and buy clothing, footwear, accessories, beauty products, and home items from many brands. It offers a big variety of styles for men, women and kids, frequent sales and discounts, secure payments, and features like wishlist, filters, and easy browsing. The app lets you shop from big brands and enjoy deals on trending fashion.",Myntra,wishlist
play_bd5498296f77,playstore,Myntra (Android),https://play.google.com/store/apps/details?id=com.myntra.android&reviewId=183ce6c3-cab3-4f7f-8abc-f38061f6ea8d,2026-08-22T15:54:13+00:00,"Love the app, live the collection. Never shopped from anywhere but Myntra and Ajio for the last 3 years. BUT inspite of being such a reputed brand, the wishlist on their app is horrible...you see out of stock items as you finish seeing some items in your wishlist. Then you have to scroll to the bottom, and the other wishlisted products that are actually in stock can be seen after you scroll up. I have to repeat the same thing for about 5-6 times!!",Multiple,wishlist
play_3a15536fd72c,playstore,Myntra (Android),https://play.google.com/store/apps/details?id=com.myntra.android&reviewId=959c2e75-5c97-44b7-adbb-607f6461804b,2026-08-22T15:54:13+00:00,"suggestion - i want the like option in myntra to be back, so we can like amd keep the products which we can buy in distant future, both the wishlist and the 'bag' has limit to the no. of products i add, so like option should be added. I used to like Myntra cause even though they take time for delivery and have no option for customer reviews on products, they will always give branded products. nowadays getting cheap products.",Myntra,wishlist
play_9a3d79fbacc7,playstore,Myntra (Android),https://play.google.com/store/apps/details?id=com.myntra.android&reviewId=6e382626-b372-438b-955b-e172bbb0c20a,2026-08-22T15:54:13+00:00,Well I created an account a couple months ago and did a whole lotta shopping. I added items to my wishlist etc so that I know what I have to buy next. Yesterday I had to reset my phone and now the app won't log me in. It keeps asking for a password that I don't remember. I can't reset my password because I don't have an email associated with my account. Essentially I am locked out and will be refusing the orders that are on the way because there's no way for me to return those in case..,Myntra,wishlist
play_5db022f12885,playstore,Myntra (Android),https://play.google.com/store/apps/details?id=com.myntra.android&reviewId=3d22352a-35ca-4f01-8bb0-c92625863a7b,2026-08-22T15:54:13+00:00,Myntra's wish list surfing experience is the worst. The wish list hangs like anything... You can't find your items category wise which is the most stupid thing this app can't deal with.. If you have wish listed too many products like me u have to invest hours for scrolling up and down to find your desired product...in between out of stock items will also keep haunting... I request the it team to work upon the wish list so that one could stream through the list effortlessly in no time..,Myntra,wishlist
play_75c390274571,playstore,Myntra (Android),https://play.google.com/store/apps/details?id=com.myntra.android&reviewId=aa91166e-a271-4799-8705-31297b560639,2026-08-22T15:54:13+00:00,"Unable to use the app. Something is wrong with the app after an update. Except scrolling the home page I can't perform any other action. The search bar, shopping bag, wishlist, profile, etc nothings works even if I try it 100 times or more. Of all the shopping apps myntra used to be my favorite. I am so disappointed as I can't use myntra like I used to few days back. Hope the team will solve this issue soon.😞",Myntra,wishlist
play_704ebdedf615,playstore,Myntra (Android),https://play.google.com/store/apps/details?id=com.myntra.android&reviewId=34759b36-cc4e-47f2-87d6-7f3de2edefc3,2026-08-22T15:54:13+00:00,"The app has been down since 2-3 days. Cant view my orders saved in the wishlist nor can search any new product. Tried reaching out to customer care, but doesn't look like they are attending any complaints. Return policy and shopping experience of this app no doubt has been good. However for first time users, you need to be aware & keep a track of cost of a particular item over a week to know what exactly is the lowest price you can buy that product for. They can fool yoy saying its discounted!",Myntra,wishlist
play_06c4aa824c73,playstore,Myntra (Android),https://play.google.com/store/apps/details?id=com.myntra.android&reviewId=6a2d87de-00cb-46e6-b882-c4715b2f7728,2026-08-22T15:54:13+00:00,Very poor shopping experience these days especially with pricing. Higher discount is shown in wishlist but upon adding to cart it shows lower discount. Also price changes on payment screen. You get charged more than what was available on summary screen. Lot of notifications come about coupons but none get applied. Lot of such issues noticed these days. Please do not cheat your customers!,Myntra,wishlist
play_74ae73dc0d8f,playstore,Myntra (Android),https://play.google.com/store/apps/details?id=com.myntra.android&reviewId=16a29eef-8104-4540-ad02-42d55fa40b80,2026-08-22T15:54:13+00:00,"I have been using this app frequently, this app still doesn't give an alert notification if an ""out of stock"" item is available back. This is a very small thing but the management still doesn't pay attention to this small detail. The notification tab is supposed to ""notify"" if a wishlisted and out of stock item is available, but it doesn't do that.",Myntra,wishlist
play_9540a3a787c6,playstore,Myntra (Android),https://play.google.com/store/apps/details?id=com.myntra.android&reviewId=d7e1c50d-9f90-451f-8d1b-eb38c54ac484,2026-08-22T15:54:13+00:00,"No doubt, it is a trusted online shopping app, especially for buying the original products. However, the user-interface must be improved. Like, once the product is back in stock and the customer has added it to wishlist or cart then they should be notified automatically. It would be more convenient for the customers who always prefer Myntra. Thank you!",Myntra,wishlist
play_3001fc8f412e,playstore,Myntra (Android),https://play.google.com/store/apps/details?id=com.myntra.android&reviewId=4afe82ad-e201-4662-a00d-8bdac933ad7c,2026-08-22T15:54:13+00:00,When it's about online shopping I always prefer this app. I am very much satisfied with the brands & the products that available on myntra. But I always find it difficult to go through the wishlist for the selection. If you provide an option for creating different sections for certain kind of products then it will be very helpful to go through all the option. Just like for selecting a pair of jeans through our wishlist we have to scroll all the way down.,Myntra,wishlist
play_56d1e95c6c1e,playstore,Myntra (Android),https://play.google.com/store/apps/details?id=com.myntra.android&reviewId=5c128ec9-0764-4dec-ab29-7550f7a466be,2026-08-22T15:54:13+00:00,"Myntra is my all time favorite shopping app and will always be but it is becoming worse than ever the app keeps freezing while searching the product and while going through the product reviews as well. It hangs a lot I have to close the app multiple times and then come back and have to start searching from the beginning. It's really annoying, please look into the issue and fix it and the product's prices are so high and goes extra high after the adding in wishlist. I hope this issue gets fixed.",Myntra,wishlist
play_35823cb1e272,playstore,Myntra (Android),https://play.google.com/store/apps/details?id=com.myntra.android&reviewId=f22ed91f-6e97-4637-ac6c-bba8baf98a8a,2026-08-22T15:54:13+00:00,"Recently the app isn't working. The top line of menu, wishlist, search etc doesn't respond when clicked. It makes the shopping experience so tedious. So much so that i completely stopped using the app. I even uninstalled and reinstalled it a couple of times, but the problem persisted. Edit: I reached out to them. Sent them all details as they asked. Still the problem persists even they say they've rectified it.",Myntra,wishlist
play_5d2c7ca35c40,playstore,Myntra (Android),https://play.google.com/store/apps/details?id=com.myntra.android&reviewId=b7a817b2-10bb-411a-b2ba-b2a300ce19d6,2026-08-22T15:54:13+00:00,"Hi! The whole menu bar at the top of the app doesn't work.i can't see categories, notifications,search,wish list and i can't access my shopping bag to checkout.the top menu bar is not responding at all but the bottom menu works just fine.ifthis continues and people are not able to place orders on the app,we will just lose interest.please fix this asap. Thanks",Myntra,wishlist
play_d7210ed623d1,playstore,Myntra (Android),https://play.google.com/store/apps/details?id=com.myntra.android&reviewId=0d4910f0-938a-4f8f-8ecf-ae80adc5dc1a,2026-08-22T15:54:13+00:00,"Well the products are good and all if you are buying from the brand's. But the app itself causes a lot of suffering. The UX is really bad. You cannot put anything on the wishlist and this has been happening for last 7-8months now. It keeps showing ""oops, something went wrong"". I have tried reinstalling the app, creating another account, but the problem gas not been resolved.",Myntra,wishlist
play_5eeae6c84618,playstore,Myntra (Android),https://play.google.com/store/apps/details?id=com.myntra.android&reviewId=a83b1566-0230-401d-b495-037b2e187f77,2026-08-22T15:54:13+00:00,"There should be an option of removing the out of stock items from wishlist as I have around 1000 of items in it. And your applications hangs alot.... Update - Thank you for listening, but your app hangs all the time while deleting and also doesn't load quickly even when I have a 100 mbps wifi and also my device is stable. it took me an hour just to delete the out of stock items as it was loading all the time. and when I tryna select, it takes around 10 seconds to select one product,please fix it",Myntra,wishlist
play_472da4ac5b47,playstore,Myntra (Android),https://play.google.com/store/apps/details?id=com.myntra.android&reviewId=cf27ecbd-1fbd-4520-9932-688a93611dca,2026-08-22T15:54:13+00:00,"From past one week, every now and then while exploring products either the app will go haywire or on clicking any product the white screen will appear and will stay there and nothing will happen when you click back the app will crash and when we try to reopen the same all the search results are disappeared and eventhelast item put into wishlist is also disappeared. The wishlist if exceeds by a certain number leads to a problem where no item can be added in it and it gives error sonethingwent wro",Myntra,wishlist
play_c114a72408aa,playstore,Myntra (Android),https://play.google.com/store/apps/details?id=com.myntra.android&reviewId=3b525966-4b68-4012-a4be-de151fd86040,2026-08-22T15:54:13+00:00,"The last update is a complete failure.... earlier i was able to search through my wishlist, shopping was more easy with preference to various body types and styles...but now there is no search bar in wishlist and the body shape option has also disappeared from the 'filter' option...please fix this ASAP... and the page freezes midway...HORRIBLE",Myntra,wishlist
play_c1ccf0aa660a,playstore,Myntra (Android),https://play.google.com/store/apps/details?id=com.myntra.android&reviewId=ed4da22c-f628-4b2a-aa9e-345178b47f88,2026-08-22T15:54:13+00:00,"Removed the option of logging in with mail ID. I have been a loyal Myntra customer since 2011 but they have disappointed me this time. I had to re-install the app on my phone only to realise that I can no longer login from my mail ID and nor can they help me restore my previous account. My Myntra insiders benefits, reward points, wishlist, profiles, order history- all gone. Uninstalled it immediately since I cannot start from scratch all over again.",Myntra,wishlist
play_a1fd8a9db65d,playstore,Myntra (Android),https://play.google.com/store/apps/details?id=com.myntra.android&reviewId=6700ee0b-0716-420b-92ba-043931557d9d,2026-08-22T15:54:13+00:00,"Half of the things in this app does not work. The whishlist toggle does not work half of the time, Sometimes search recommendation does not open at once it takes multiple touch tries to open it, also even after adding products to whishlist sometimes it does not show up in the wishlist section and many more. This app is getting shittier and shittier with every new update.",Myntra,wishlist
play_3411f586651a,playstore,Myntra (Android),https://play.google.com/store/apps/details?id=com.myntra.android&reviewId=74933818-a26b-484a-a564-b98eb405dfa9,2026-08-22T15:54:14+00:00,"this app is decent enough for purchasing clothes, but it is not up to the mark when it comes to the point that i wanted to buy that t-shirt or shoe , whatever was in that advertisement. The point is, the advertisement and displays are over exaggerated and that this app is too over-rated to some extent.",Myntra,meant to buy
play_85ab5fa42e7f,playstore,Myntra (Android),https://play.google.com/store/apps/details?id=com.myntra.android&reviewId=831efb20-a86a-4db6-bd55-e4e7a64fdc0f,2026-08-22T15:54:14+00:00,"It was good previously. It had options of categories, what we wanted to see in wishlist. On the top, in the wishlist it was given to find out the same categories of products. It is difficult now to find out the products from many products in wishlist. For example, I have 1000 products in my wishlist, I want to see the shoes from my wishlist. Previously we can click on the option ""shoes"" to find all the shoes in wishlist. But now we have to scroll down and down to find what we want",Myntra,wishlist
play_8a1aeb7b3d02,playstore,Myntra (Android),https://play.google.com/store/apps/details?id=com.myntra.android&reviewId=3a3987f6-fcd9-4742-924a-b4ff6c23ec4e,2026-08-22T15:54:14+00:00,"Dont ever think to buy from this site......whenever you add a product to your cart/wishlist they increase the price.I have noticed it a lot of time.And the price shown is just a number to attract people,when you would go to checkout they add extra taxes and make the price higher,the worst part is that they charge 149 as a delivery charges also.....just horrible",Myntra,wishlist
play_1f51c6d21568,playstore,Myntra (Android),https://play.google.com/store/apps/details?id=com.myntra.android&reviewId=c90d5344-a0ea-4c19-b1e1-91005bfb1669,2026-08-22T15:54:14+00:00,Shopping through this App means totally you waste ur money as soon as I wishlist any item they suddenly raise their prices I don't understand why they do so... The moment I wishlist any item or put in the cart they do this.... Plz don't try to cheat the customers after all they also have sense....,Myntra,wishlist
play_92b1f2caec2d,playstore,Myntra (Android),https://play.google.com/store/apps/details?id=com.myntra.android&reviewId=7e3f01d3-3bab-4a33-8b74-185549deeb8b,2026-08-22T15:54:14+00:00,"Myntra app has become very slow. When you click to view any product it take lot of time to open, same thing while going back. Sometimes I think I maybe I haven't clicked it so I do 2-3 times which becomes headache when you have pressed back button because then all the actions are performed after some time and you are at the home page and your filtered navigation is lost !! Items in the wishlist are not opening. Very bad user experience from past few months.",Myntra,wishlist
play_2f0cd9aca6c2,playstore,Myntra (Android),https://play.google.com/store/apps/details?id=com.myntra.android&reviewId=ce4cd041-79ed-4ae3-8c67-7a6943797fe5,2026-08-22T15:54:14+00:00,After I added to bag some items it automatically disappeared from the whole app. Even I found the product on Google then tried to open it to the app through the link provided on Google and still failed..if the products is not available the app can show it insead it just suddenly disappeared..this is the worst experience of this app.,Myntra,added to cart / bag
play_aeff6430e011,playstore,Myntra (Android),https://play.google.com/store/apps/details?id=com.myntra.android&reviewId=6ff4841e-a37b-402a-aea6-91e530f19a30,2026-08-22T15:54:14+00:00,"The new feature of converting points into super coins and spending it through all the apps using supercoins is really smart and amazing upgrade. Also, just a suggestion,if possible,kindly create a tracker where we can get updated as when a particular product from our wishlist gets restocked will help to buy more products. Well done myntra, keep up the good work , more strength , power to you people always REALLY PROUD TO BE RELATED TO MYNTRA😊, 500word limit is less for your appreciation ! ☺️👍",Myntra,wishlist
play_d4ee133d7b53,playstore,Myntra (Android),https://play.google.com/store/apps/details?id=com.myntra.android&reviewId=8e97ff68-d337-4ae6-ac7e-73ff28752610,2026-08-22T15:54:14+00:00,"They are trust worthy. Even after they show discounts, the price is generally on the higher side. But the best thing about Myntra is their wishlist. The wishlist has now been updated to have categories which makes it so much more convient to navigate. This feature is not found in any other app. Hope u can add more filters to the wishlist section. It would really be helpful.",Myntra,wishlist
play_56d44cf25b0d,playstore,Myntra (Android),https://play.google.com/store/apps/details?id=com.myntra.android&reviewId=5e92cd47-0f4b-4818-b66a-1dfd75f82ff6,2026-08-22T15:54:14+00:00,Everything about about this app is good but I find one thing very annoying that when I open shopping bag and scroll down n open any of the saved item to see the product details and come back to shopping bag by clicking back. The shopping bag reload from the top n I have to scroll down again to go find the same saved item. This is very irritating. Myntra really needs to fix this issue of reloading shopping bag from the top,Myntra,saved items
play_9a729e58b6ed,playstore,Myntra (Android),https://play.google.com/store/apps/details?id=com.myntra.android&reviewId=face1026-dc3f-4c53-8683-555f1a7a6236,2026-08-22T15:54:14+00:00,"My wishlist is completely wiped out!!! This has never happened to me before. I have always had a smooth experience with this app. This thing is really bothering me. I had saved 300+ items, and they are all gone overnight.",Myntra,wishlist
play_e67a74178262,playstore,Myntra (Android),https://play.google.com/store/apps/details?id=com.myntra.android&reviewId=9ceec741-3360-48e8-ad3a-74c236bf03b1,2026-08-22T15:54:14+00:00,"Suddenly what just happened to the app?? All my saved/wishlisted items have disappeared! I saw it last around 6 hrs back and now it's all empty. Plus when I started a new shopping session and started saving again freshly now, even that is not showing in the wishlist. PLS HELP ME IN HOW TO RETRIEVE ALL THAT",Myntra,wishlist
play_0fc9e613a23e,playstore,Myntra (Android),https://play.google.com/store/apps/details?id=com.myntra.android&reviewId=70506c11-8164-4eed-92cc-57d60cad57a0,2026-08-22T15:54:14+00:00,"I am a regular user of Myntra. These days app is so buggy, my items keep disappearing from cart. It happens so frequently that I had to add all my items in cart and wishlist to avoid losing them. This happened atleast 4-5 times I was trying to order some 5-6 items. Its really frustating to see 1 hr worth of scrolling go to waste. Pls try to fix such crucial bugs that make it off putting for a user to order anything on the app.",Myntra,wishlist
play_04e7ceb82c7e,playstore,Myntra (Android),https://play.google.com/store/apps/details?id=com.myntra.android&reviewId=1f780cb6-d665-4d7c-8a7c-1623f2853171,2026-08-22T15:54:14+00:00,"when i want to buy something online i prefer myntra first, such a nice collection and quality is best go for it guys !!!! ❤ and one thing the wish list allows me limited items they sholud allow more limit to save more items !! otherwise myntra is super best app for shopping online !!❤",Myntra,wishlist
play_3d45e92df784,playstore,Myntra (Android),https://play.google.com/store/apps/details?id=com.myntra.android&reviewId=42050d35-3425-4046-a6b8-d20864a85e9f,2026-08-22T15:54:14+00:00,"I browse lots of items and saved under my wishlist and later on when i wanted to check my saved list, not a singlr item was saved. I lost my all efforts browsing thousands of items and saving it for later check The filter is also not working.",Myntra,wishlist; saved for later
play_0cbf88f93212,playstore,Myntra (Android),https://play.google.com/store/apps/details?id=com.myntra.android&reviewId=df6b82e0-8e10-47c8-9872-ea4edb8e535a,2026-08-22T15:54:14+00:00,I have more than 700 items in wishlist....but it doesn't show all the items when i scroll the screen....loader keeps on loading for longer time....tried after clearing cache...even reinstalled....plzz fix this major issue asap...as i want to find few items from my wishlist to buy Device- redmi note 4 Android ver - 7,Myntra,wishlist
play_e5bd5dc71cb8,playstore,Myntra (Android),https://play.google.com/store/apps/details?id=com.myntra.android&reviewId=39033f8f-cc50-4489-8142-cb0450ef6f30,2026-08-22T15:54:14+00:00,They are making fools with reference code log in with code but didn't get you any benifit but account is created after u register complain they mention its not possible after created account if u wanna deleted account with these issues they told you if u deleted account than ur not re created with register number and e-mail id also if u wanna buy something please do not added in wish list if you add than price will be increased next day with same items,Myntra,wishlist
play_0e74b2d0b54a,playstore,Myntra (Android),https://play.google.com/store/apps/details?id=com.myntra.android&reviewId=ac9b95ee-1899-42b4-8601-c8e36f1e22d8,2026-08-22T15:54:14+00:00,"All my wishlist items and all past orders except the last one are deleted by them, i mean why, when i called up they fooled around that it should be there but no trace. Just some days back stores kurtis for which i did not had my fit. Now i don't find them in wishlist. We are paying you to buy and mainly people shop online to save time, not to dig again and again to find what you deleted. Hope you can retian your customers with all the fooling around. Buying from insta and amazon now",Myntra,wishlist
play_8f8ce9f3b6d8,playstore,Myntra (Android),https://play.google.com/store/apps/details?id=com.myntra.android&reviewId=472a0fa1-2036-4f04-a927-5ec72ad1e065,2026-08-22T15:54:14+00:00,I have always loved shipping in myntra. Wide range of products and hassle free returns make myntra my one stop shop. There are some browsing problems in the app like moving from wish list to bag and forth. Hope it will gets resolved soon.,Myntra,wishlist
play_8193263c39f3,playstore,Myntra (Android),https://play.google.com/store/apps/details?id=com.myntra.android&reviewId=a356dd5b-fc4f-4869-a765-105158f14aaf,2026-08-22T15:54:14+00:00,"Myntra is playing trick or something. Everytime I try to click on some items which I like very much it saw the another item. I tried many time but it doesn't work. And if I put those items on my wishlist and try to open my wishlist I can't open it. This problem is going on for quite some times and this is the only reason that, I hardly do shopping from Myntra these days.",Myntra,wishlist
play_8a7c85037740,playstore,Myntra (Android),https://play.google.com/store/apps/details?id=com.myntra.android&reviewId=3750af19-5885-43af-84a1-5a0e24b82c55,2026-08-22T15:54:14+00:00,"It is a great app for shopping but if you want to search a specific item which you have searched already, it shows other results and also sometimes when we click the ""add to bag"" option and exit to see if it's in our bag, it doesn't show and of course we can't remember the name of it so it will be hard to search it and find it to add it to our bag.",Myntra,added to cart / bag
play_8a72b1e14470,playstore,Myntra (Android),https://play.google.com/store/apps/details?id=com.myntra.android&reviewId=fa9dbdec-9fdb-4ab0-9370-b1eaa3519561,2026-08-22T15:54:14+00:00,"The amount of tax included in each order is disgusting.Further the items doesn't have a fixed price,it's keeps on increasing if kept in wishlist. The coupouns and discount are just a trap.Even if coupon or discount is applied the price remains same. I have stopped buying from myntra. Amazon is far better than Myntra.",Myntra,wishlist
play_9395092cc091,playstore,Myntra (Android),https://play.google.com/store/apps/details?id=com.myntra.android&reviewId=47e12e4e-cb3f-4c00-bc78-de5fcd40b042,2026-08-22T15:54:14+00:00,"The app interface is extremely slow, especially wishlist section where the products once added is way tooooo difficult to remove or declutter them. Because it's way super damn slow to select or delete even one item literally takes many seconds and minutes to respond. So, frustrating. No matter if it's a storage or interface issue, sort it. The speed is too slow. Today I've decluttered the wishlist section by wasting literally 4 hours. If this keeps happening, I'll stop using this app.",Myntra,wishlist
play_fced86160fda,playstore,Myntra (Android),https://play.google.com/store/apps/details?id=com.myntra.android&reviewId=20adc4eb-9d36-44d3-a8ae-9fc65f93257f,2026-08-22T15:54:14+00:00,Please allow to have unlimited wishlist. Only after 1000 wishlist the wishlist quota gets over. I wishlist my favourite items and then choose from my selected wishlist. But the limited wishlist feature is really frustrating😤 i hope in the next update my request and problem will be taken seriously.,Myntra,wishlist
play_f42ca2c6ce20,playstore,Myntra (Android),https://play.google.com/store/apps/details?id=com.myntra.android&reviewId=5c8018c8-38e4-491c-a47a-0ee0017e1c45,2026-08-22T15:54:14+00:00,I buy few things from myntra the products are good but ever time I disappoint by the service and app I can't choose the option of cash on delivery and it is happening with me everytime I try to call in customer care but the number was not available and now the app is not showing my wishlist now I'm frustrated of this app,Myntra,wishlist
play_10f96a166b34,playstore,Myntra (Android),https://play.google.com/store/apps/details?id=com.myntra.android&reviewId=c4382206-135a-44a7-99ef-c80c6203f775,2026-08-22T15:54:14+00:00,"Great experience..... best options available...😘😘😘.... Thanks for adding more varieties and shopping stores....😘😘😘😘😘😘😘. Should not have limitations to add items to wishlist. Also if the items are sold out, we should get the options for requesting for it and it should be made available",Myntra,wishlist
play_e7b6bbd873ae,playstore,Myntra (Android),https://play.google.com/store/apps/details?id=com.myntra.android&reviewId=28a0f06e-325c-4155-8842-961494aac709,2026-08-22T15:54:14+00:00,"Tricksters!! I browsed some products while traveling and wishlisted a few to check later. Later when I checked the app to buy I found they had more than doubled it's price. So I went to a competing store and found the same product at less than the original price in Myntra and so bought from there. Next day I checked Myntra app again and found the price had fallen back to original level.. but too late Myntra, you lost the order and my trust. Need option to give this feedback in the app itself.",Myntra,wishlist
play_06f1f712b1ec,playstore,Myntra (Android),https://play.google.com/store/apps/details?id=com.myntra.android&reviewId=749baa47-8427-44f2-a208-6b54fb7cbdc3,2026-08-22T15:54:14+00:00,"DO NOT ASK FOR CREDITS, TAKE REFUND Now i cant log into my account. One customer care person said he could see the refund credits and said he will send an email for account verification. Never recd the email. Now the customer care is saying it's showing sent so we cant do much further. Lost all refund credits and cant even access that account s wishlist/ past orders.",Myntra,wishlist
play_28c5c3f69489,playstore,Myntra (Android),https://play.google.com/store/apps/details?id=com.myntra.android&reviewId=7b6030a3-8e5f-43d8-900c-a730a20665ae,2026-08-22T15:54:14+00:00,"I am unable to login. The moment I would wishlist an item, the app prompts that I enter my phone number. After doing so and the OTP, I'm asked my details. After filling that as well, I'm back to the page where I again could not wishlist without the whole process starting again and again!",Myntra,wishlist
play_c39b35f79e16,playstore,Myntra (Android),https://play.google.com/store/apps/details?id=com.myntra.android&reviewId=d0130782-df66-4fe3-80a8-03aba8b429cd,2026-08-22T15:54:14+00:00,"it was the best app, but the app itself has become so so slow that a sloth is better than it, it shows no internet connection even when the wifi is connected, I can't edit my wishlist or scroll through items because of the slow app, I thought it might be because I didn't update the app, but when checked there is no update for this app, i also tried refreshing, but nothing worked.",Myntra,wishlist
play_306848c3744b,playstore,Myntra (Android),https://play.google.com/store/apps/details?id=com.myntra.android&reviewId=86fbee36-cd40-4bad-86ec-a07ace852012,2026-08-22T15:54:14+00:00,"Please do not do shopping from this platform, you can also be cheated, which can cause huge loss to you and it does not take any responsibility as happened to me and will refuse to give your refund in the last and will say that we will help you in this. Can't help anyone, it will hurt you a lot, so I would advise you to save it and shop from some other platform, so that you can get help if you have problems, this was my opinion about it, the rest is your choice.",Myntra,saved it but
play_4306b87022ce,playstore,Myntra (Android),https://play.google.com/store/apps/details?id=com.myntra.android&reviewId=b331ce38-c74d-4350-a065-3c7b3eb64c98,2026-08-22T15:54:14+00:00,"Good app overall. But recently it often keeps malfunctioning with ""Something went wrong"" message - I'm unable to add anything to wishlist or proceed with purchases when this happens. This has been reducing my purchase frequency from Myntra as I get frustrated and move on to other apps.",Myntra,wishlist
play_e7a3272fb8d8,playstore,Myntra (Android),https://play.google.com/store/apps/details?id=com.myntra.android&reviewId=9e5bcabc-3811-43c5-9921-0110e40ff631,2026-08-22T15:54:14+00:00,"I genuinely use this application the most, but what I really hate about this application is that in the wishlist it takes too long time to load all the products which are below. Also the out of stock products are really making am issue when scrolling down. Hoping for an update in this regard.",Myntra,wishlist
play_59978739ec2f,playstore,Myntra (Android),https://play.google.com/store/apps/details?id=com.myntra.android&reviewId=64b6ea25-2cbc-42d6-a1c0-253733264cdf,2026-08-22T15:54:14+00:00,M giving 2 stars for their coupons...as it's jst useless ...each product u shortlist have different coupon code..I mean hw is one suppose to apply them?? Put all products on discount under one coupon jst like ajio does so we can use that coupon to buy and get discount or check out only those stuff where that specific coupon is applicable.10 products shortlisted each having different coupon code..conclusion none can be applied no discount or 10k bill with 51rs discount. Dats disappointing,AJIO,shortlisted
play_7e8c7fb2a463,playstore,Myntra (Android),https://play.google.com/store/apps/details?id=com.myntra.android&reviewId=ad3a5e0e-081a-4567-bd66-48a5832dc272,2026-08-22T15:54:14+00:00,"Something is wrong with the app. None of the options (wishlist, search bar, cart, etc.) seem to work. Myntra is my go to app for online shopping but I'm super disappointed with the app lately. I hope you guys fix it soon.",Myntra,wishlist
play_8e5c82bdc5a0,playstore,Myntra (Android),https://play.google.com/store/apps/details?id=com.myntra.android&reviewId=3664b3e3-3498-44cc-aaa7-5f113c8c0efa,2026-08-22T15:54:14+00:00,Editing from 5star to 1 Because on customer care they are not connecting to resolve my issue . I made hundreds of calls.I am the prime buyer from Myntra. But without informing me for no reason they cancelled my order. They said they were unable to deliver the order. Firstly I wish listed my items and bought them after hours of scrolling and surfing and what I get is no resolution. Plus Cancellations of all the items.,Myntra,wishlist
play_5683283bc802,playstore,Myntra (Android),https://play.google.com/store/apps/details?id=com.myntra.android&reviewId=6b240724-1e1a-4e0a-b5e8-323667a1eeeb,2026-08-22T15:54:14+00:00,"So many Bugs!!!!!!!! The app is a headache to use. Nothing works well. I can't save any product to my wishlist, I can't view images from the reviews, I can't add stuff to my cart. I'm literally done with it! I'd rather buy stuff from Ajio or Amazon rather than Myntra now.",Multiple,wishlist
play_dbb251b2284d,playstore,Myntra (Android),https://play.google.com/store/apps/details?id=com.myntra.android&reviewId=7ffa1cb3-938c-42d2-9bb4-1e5279c3c320,2026-08-22T15:54:14+00:00,Your products are excellent in quality but your dealer don't have any sense each time increasing rate. It's look so nonsense once we see 500 rs then next day it's shows 800. When ever we save items in wishlist and again come to order product.. always we cancel plan to order. As a customer I feel horrible for this. In sale also dealer make people fool. There is no such sale price discount.but the dealer increases price rate more than before stop making people fool.,Myntra,wishlist; saved items
play_40c4a7a8e52f,playstore,Myntra (Android),https://play.google.com/store/apps/details?id=com.myntra.android&reviewId=1f96dcdc-6aca-40f5-b394-0f6c511c45ba,2026-08-22T15:54:14+00:00,"all products are genuine, they r doing welll. trustworthy app. I really love it.. there is no other app like this... they sold their products at very less price. even the sales which they offer are amazing. I have a great experience with this app. I wish list many products. and I am going to buy on festival sale. I really love myntra. moreover people love this app. it's ratings are very amazing.. they treat their customer very well. their packaging and delivery is very nice and fast.In love myn.",Myntra,wishlist
play_a6d6c9f54730,playstore,Myntra (Android),https://play.google.com/store/apps/details?id=com.myntra.android&reviewId=9e90f090-bc12-4829-a6c5-4e08004dbdb4,2026-08-22T15:54:14+00:00,"Please keep an option where you can notify a customer about the restocking of a product which the customer has wishlisted and couldn't buy just because it was out of stock I now wanted to buy shoes for me but the one i selected did'nt have my foot size! So i waited for some days so that the out of stock size could be stored again, but after some days the product itself was out of stock!! I had wishlisted it but i wasnt notified about this. If i would have been notified then i would have buyed another shoes instead!! Plz fix",Myntra,wishlist; meant to buy
play_e256ecb659fe,playstore,Myntra (Android),https://play.google.com/store/apps/details?id=com.myntra.android&reviewId=2f0a91b9-88d9-4c66-8ff1-2c6a423c6e1d,2026-08-22T15:54:14+00:00,"I was given a pre sale slot to buy stuff before the actual sale and guess what their app doesn't let you place order and then a page opens that says ""we're preparing for the sale keep wishlist"". And again you can't place order and at last your slot time ends and after that your app works perfectly. Great way to engage customers and making fool out of them. I'm a very old customer of myntra but htis kind of thing happened with me twice and it's pathetic. You guys just lost a loyal customer.",Myntra,wishlist
play_84c23b28af16,playstore,Myntra (Android),https://play.google.com/store/apps/details?id=com.myntra.android&reviewId=4ea98d6c-b8f1-497f-9cc5-7fe394052356,2026-08-22T15:54:14+00:00,"Some serious bug in the app. Unselected items automatically getting added during final checkout. Also, items getting added in the cart even after being deleted or moved to wishlist. Tried unstalling the app and then reinstalled it but the issue still persist. Have amount in Myntra credit and can't even shop. Kindly fix the issue. Very irritating.",Myntra,wishlist
play_cf41ceb4dbfa,playstore,Myntra (Android),https://play.google.com/store/apps/details?id=com.myntra.android&reviewId=86f2215d-9ebc-4975-9e1d-a37a29838e03,2026-08-22T15:54:14+00:00,I love the app but I am no longer able to add items in my wishlist because my wishlist is full. I am not able to understand why have you kept a restriction on the size of the wishlist. Please refine it because removing other item to add more doesn't look like an approachable you would have wanted.,Myntra,wishlist
play_3f589cf1e13a,playstore,Myntra (Android),https://play.google.com/store/apps/details?id=com.myntra.android&reviewId=c9f5fd08-e73a-4097-aa1a-53c8236683b0,2026-08-22T15:54:14+00:00,"when ever I wishlist a product or added a product to cart, the price of the product is getting high after a day, which I feel is unfair. this kind of strategy changes the good opinion of myntra. in before hand if the price is high never mind but once it is opted liked later making the price high that is very unfair, kindly look into this matter please.",Myntra,wishlist
play_d20de676a275,playstore,Myntra (Android),https://play.google.com/store/apps/details?id=com.myntra.android&reviewId=c645695b-e2cb-4449-aa3f-19d0afd2db45,2026-08-22T15:54:14+00:00,Wish you could make wishlist unlimited. Unable to add since reached 1000. I don't want to delete and can't each & every single time cuz I might look for them afterwards. Now cuz of this issue I am unable shop on Myntra since I feel it would be waste as I can't save & look at them later.,Myntra,wishlist
play_2157afe77d12,playstore,Myntra (Android),https://play.google.com/store/apps/details?id=com.myntra.android&reviewId=5dc47bd3-adf0-4334-b70a-44cba863a2fc,2026-08-22T15:54:14+00:00,"Why is there a platform fee every time? Additional charges for COD too? Really? Edit: Wanted to buy a simple tshirt which cost 399, that's available offline too but not in size so I thought to order the same. Platform fee: 20 Delivery charges: 79 Seriously? I thought delivery time was the worst but now they're charging for anything and everywhere.",Myntra,meant to buy
play_ceafc5cb75da,playstore,Myntra (Android),https://play.google.com/store/apps/details?id=com.myntra.android&reviewId=313d66ae-9a51-4d67-9054-22de68b1e3d5,2026-08-22T15:54:14+00:00,"This app is mind boggling. You will have highest quality app experience which none of the other online shopping app provides. It has a wonderful option of short by discount which gives us an extra shortlisting facility which no other app provides. This app doesn't lag while showing the products like other online shopping app does. Of all the online shopping apps it is ultimate. Apart from app experience, the product quality, delivery time and intimation.. supperr se uper..",Myntra,shortlisted
play_5866846a3e3b,playstore,Myntra (Android),https://play.google.com/store/apps/details?id=com.myntra.android&reviewId=6c12820f-b962-40b4-a0f0-54ee29953a4a,2026-08-22T15:54:14+00:00,"Disgusting app!!! When they see you are interested in any product, they immediately raise the prices .....within few minutes. Moreover the items you select for your wishlist is also observed by them and raise the prices accordingly. ☹️☹️ worst experience..😡😡",Myntra,wishlist
play_47f8f95e0c08,playstore,Myntra (Android),https://play.google.com/store/apps/details?id=com.myntra.android&reviewId=ed35f8ea-2dd2-4b3e-8d9e-53954b1f81f1,2026-08-22T15:54:14+00:00,"Frustrated with the app, I really thought it was a cool app and just got addicted to it but now I am not able to login my account which I was using, all my wishlist all my order details im not able to see, please change login process which asks for password while i already have otp it sends me a link on email which is linked to my number but if my number is not linked to any email then what?",Myntra,wishlist
play_cdf822109d8b,playstore,Myntra (Android),https://play.google.com/store/apps/details?id=com.myntra.android&reviewId=9ddc96a6-b3f7-4c06-bd63-6ca0e2f6c4b8,2026-08-22T15:54:14+00:00,"Love the small customer friendly features on the app like you can categorise your wishlist, you can search for a specific category in the wishlist, you can just swipe on the items while scrolling thru the app without the need of opening every item to view it. Just a small issue with the wishlist, when I scroll down, after a while it stops loading more items. It jumps to the out of stock items. Please fix this.",Myntra,wishlist
play_dcd79a53f645,playstore,Myntra (Android),https://play.google.com/store/apps/details?id=com.myntra.android&reviewId=7e87a94f-a2a3-4b0e-ae49-86a70f32c61b,2026-08-22T15:54:14+00:00,With EORS.. i had to update my app. Lost all my shortlisted stuff which i kept in the 'like' section. And on top of that you hv removed the easy to do 'heart' button. Please include a product review section so that i get to knw the opinion of other ppl bfor buying it. Update- i appreciate the review section. Changing 2 stars to 4 stars,Myntra,shortlisted
play_b0fd66d4403d,playstore,Myntra (Android),https://play.google.com/store/apps/details?id=com.myntra.android&reviewId=9c021163-a908-41b4-8a6e-30ff91826944,2026-08-22T15:54:14+00:00,"This is the worst app I have ever come across. When I logged into Myntra app on my new phone I couldn't get my old account, my wishlist, my orders everything was gone. Now when I try to login, it shows your account is in deletion process. What the heck is going on, pathetic customer service",Myntra,wishlist
play_45cab6b0b871,playstore,Myntra (Android),https://play.google.com/store/apps/details?id=com.myntra.android&reviewId=7759145f-9acd-440a-b0c8-d1f665929d47,2026-08-22T15:54:14+00:00,The app crashes or freezes at times but myntra is hands down THE BEST online shopping center for clothing and apparels in India. Kudos team! Edit : Rating it 1 from 5. Always had myntra on every device I use but now I get a dozen notifications every 5 minutes. The only notification I wanted was about an item in my wishlist back in stock. But this app throws too many notifications. More notifications ≠ More sales,Myntra,wishlist
play_ab9b3c09eb8b,playstore,Myntra (Android),https://play.google.com/store/apps/details?id=com.myntra.android&reviewId=a908dc42-c27e-4997-bdd7-9771a9648e9e,2026-08-22T15:54:14+00:00,Please fix the recent changes that have gone into the app. The app has become unusable - an operation as simple as search hangs forever. I can't believe a product like Myntra has such basic bugs - I took an hour to add so many products to wishlist and that functionality is broken. Unbelievable. It s been more than a year and app has got worse. Such a slow app. God. Plus customer support cannot get worse,Myntra,wishlist
play_cd6699ce78f9,playstore,Myntra (Android),https://play.google.com/store/apps/details?id=com.myntra.android&reviewId=28ed6571-db7e-4448-930c-f29a7b002dc9,2026-08-22T15:54:14+00:00,Myntra has never failed to surprise me with the amazing fashion they get with discounted prices which are so light on the pocket. Recently i wanted to buy a bluetooth headphone and all the apps that came to my mind were amazon n flipkart i didnt even imagine ill b buying it at way cheaper price on myntra. So thank you myntra for being such a customer satisfaction concerned business.,Myntra,meant to buy
play_8db522d08f4f,playstore,Myntra (Android),https://play.google.com/store/apps/details?id=com.myntra.android&reviewId=f603ebc3-856f-458a-8733-c4d81aac76bd,2026-08-22T15:54:14+00:00,"Myntra is a very good platform. It offers really amazing deals and frequent price drops. But there is one thing I would like to suggest: In the wishlist section, when some products are out of stock, we have to scroll through all of them. It would be very helpful if Myntra adds a button to hide out-of-stock items—just like the option available on Meesho. After turning it on, only available products should be visible.",Myntra,wishlist
play_944c764d3888,playstore,Myntra (Android),https://play.google.com/store/apps/details?id=com.myntra.android&reviewId=c29eb5b0-eda2-4b38-8950-4e238bd68371,2026-08-22T15:54:14+00:00,"Everything under one room with ample options to choose from. Easy breezy process of ordering, and hassle free return policy. At times the wishlist doesn't integrate well from the website version to the app version, nevertheless a great shoppinng experience is what synonymous with Myntra. Product review add to the authenticity of shopping experience and helps in choosing the products as well.",Myntra,wishlist
play_71f7278c4eac,playstore,Myntra (Android),https://play.google.com/store/apps/details?id=com.myntra.android&reviewId=9173e0ce-2885-45c4-b421-3ef588bc4ea3,2026-08-22T15:54:14+00:00,"At the time of end of season all your wishlist will goes out of size,,not available.. Delivery charges is higher than other shopping site... Discounts are making people fool...50% percent discount upto ...... They give discounts only partner app to make a trap to install the app,,after installing the app discount will be vanish... Material is good but myntra always high price than other",Myntra,wishlist
play_d32bd0ff0724,playstore,Myntra (Android),https://play.google.com/store/apps/details?id=com.myntra.android&reviewId=c6a0a838-5592-4a27-bd91-83eefdf6a88e,2026-08-22T15:54:14+00:00,Myntra's sale is just to make people fool. They create hype and lure people into panic buying. Not a single item in my wishlist got any cheaper. They increase prices a few days before and reduce the discounts and keep that price in the sale for most products. Pathetic. I get better discounts in off-sale time.,Myntra,wishlist
play_fc9ed856752d,playstore,Myntra (Android),https://play.google.com/store/apps/details?id=com.myntra.android&reviewId=b0e4f6ce-5772-4787-b939-0345c6bdc3dd,2026-08-22T15:54:14+00:00,"There is something wrong with the recent update of myntra app. The wishlist keeps on erasing automatically and when you call the customer care they simply say that there is no issue with the app and you can again search and add items in your wishlist. Are you people serious, how can anybody remember what all products where there in wishlist, that's what wishlist is for, right. Pathetic experience!!",Myntra,wishlist
play_48080025a4e8,playstore,Myntra (Android),https://play.google.com/store/apps/details?id=com.myntra.android&reviewId=0871383f-0e71-41d8-98ca-ef552dde6662,2026-08-22T15:54:14+00:00,I think they could improve more on the stocks of items which are on demand at a particular moment. Also the latest version of the app has stopped showing all the items which are present in my wish list particularly the ones which are out of stock. So I am unable to recognize the items which I am waiting for to be in stock.,Myntra,wishlist
play_95c843bfd098,playstore,Myntra (Android),https://play.google.com/store/apps/details?id=com.myntra.android&reviewId=8a05bb92-8258-46d2-aefc-c39b6cf3e74e,2026-08-22T15:54:14+00:00,"Finally after shopping for past 5 years , previous the experience was good but now its time to uninstall this shittiest clothing app , the products are good the price is the highest among all the brands , this app is getting worst day by day , there is problem of wishlist showing most of the products out of stock as you scroll it comes in stock , i have reported it several times but nothing happened , finally finally i can say i had a good time with you Myntra but now you are the worst .",Myntra,wishlist
play_b0a9964c29cc,playstore,Myntra (Android),https://play.google.com/store/apps/details?id=com.myntra.android&reviewId=9b6dd14d-9f02-4e34-9a56-8458b9bde920,2026-08-22T15:54:14+00:00,Myntra is manipulating people with their fake offer days. I've always took screenshots of the products I wanted to buy before a sale but during the sale the prices don't drop and the products are showed in offer section. Stop fooling people!! + Most products are always out of stock. Couldn't buy tons of items because it always shows out of stock. But one good thing is they have made in India in filters.,Myntra,meant to buy
play_54a912c2ea85,playstore,Myntra (Android),https://play.google.com/store/apps/details?id=com.myntra.android&reviewId=bc8e3aaa-81a9-44ac-ac04-936f5687b633,2026-08-22T15:54:14+00:00,"Application is extremely poor, loading takes forever and in that you lose filters. Don't understand the 1000 products limit on wishlist either. Give option to save favourite filters and just ask if you want to remove out of stock products on Top of wishlist instead of loading it again and again, fix the forever loading bug.",Myntra,wishlist
play_e7f31035e5f2,playstore,Myntra (Android),https://play.google.com/store/apps/details?id=com.myntra.android&reviewId=e4f8eb73-e133-4ce6-87e2-1d51f3c16b5b,2026-08-22T15:54:15+00:00,"I love Myntra's collection, they're just so beautiful! I always purchase from Myntra only. But there is one drawback with the app after new update, previously we can view our wishlist based on the categories like jeans, tops, tunics etc., but now I am not able to view using categories like that where I have to search in my wishlist by scrolling only.",Myntra,wishlist
play_147098b47914,playstore,Myntra (Android),https://play.google.com/store/apps/details?id=com.myntra.android&reviewId=3ce88dd6-cc1e-47f9-a1b8-b854282486ff,2026-08-22T15:54:15+00:00,"I totally love and recommend shopping at Myntra but I noticed few flaws. Firstly , it will be better if we can create multiple wishlists like in Amazon . Secondly , you can improve the tracking system . Thirdly , out of stock items remain out for a long time . I wanted to a purchase velvet top but it has been out of stock for a year.. its better if you restock them completely",Myntra,wishlist
play_1617c31dec76,playstore,Myntra (Android),https://play.google.com/store/apps/details?id=com.myntra.android&reviewId=9947cd7e-e2dd-4f5f-ac7a-62c257487f47,2026-08-22T15:54:15+00:00,"I used to love this app and order so much from them but now everything I add to cart it says it's unavailable at my pincode, which is the same pincode I've used everytime before. I don't understand what's the problem..... On the product's page when I check my pincode it says they can deliver it to me in 3-4 days and COD is available but when I add the same product to my cart for checkout, it starts saying that the product is unavailable at my pincode. So disappointed, pls see to this ASAP.",Myntra,added to cart / bag
play_b89f04714ce6,playstore,Myntra (Android),https://play.google.com/store/apps/details?id=com.myntra.android&reviewId=c5db0d9b-f744-4ccb-81fc-97c107d4fbc5,2026-08-22T15:54:15+00:00,"Love the app, it looks visually appealing and the features to filter even through wishlist is amazing. It makes everything look clear and organised. The price can be expensive sometimes but such wide range of western clothes can be found here in a click away. Their packaging is as beautiful as the app is. They do have 30 days returns or exchange for most and it is very helpful if the outfit isn't what it seemed or isnt of a right fit.",Myntra,wishlist
play_93a7c072a94d,playstore,Myntra (Android),https://play.google.com/store/apps/details?id=com.myntra.android&reviewId=89fdce3f-f4fd-48ff-9b16-58bf2901f798,2026-08-22T15:54:15+00:00,"Worst app. My personal experience says When you do wishlist some items, the product price of many of them will increase till next hour and it could be almost double if you don't order the same day. I had to purchase some 4-5 products, and i had wishlisted some 12-13 products.. But the prices got increased when i came to purchase them 🙄🙄 Never expected this from myntra.",Myntra,wishlist
play_cdec20a222a8,playstore,Myntra (Android),https://play.google.com/store/apps/details?id=com.myntra.android&reviewId=b8202927-e2a7-41e9-9a74-0ff85fd137ec,2026-08-22T15:54:15+00:00,"There is a huge bug in the app where I'm unable to open the items from wishlist. Using a Pixel 6a phone. Reached out and reported to the technical team but they just closed the ticket without resolving. The issue happens to be there even after clearing cache, uninstalling the app. But guess they aren't taking it seriously.",Myntra,wishlist
play_68f80c465cb6,playstore,Myntra (Android),https://play.google.com/store/apps/details?id=com.myntra.android&reviewId=84d02fd7-21dc-466d-80a8-8f5ae684103a,2026-08-22T15:54:15+00:00,"Pathetic app. None of the icons r working in the app. I have to find ways to get to choose the products. To go to wishlist, orders and even search is not possible . Please sort out the issue at the earliest, it's very irritating.",Myntra,wishlist
play_a1577f522acf,playstore,Myntra (Android),https://play.google.com/store/apps/details?id=com.myntra.android&reviewId=66c40d9e-fe31-4a21-89a2-1c29ecf7e8e4,2026-08-22T15:54:15+00:00,"Hey, Myntra your customer care service sucks. You wasted my time. I ordered and then it never reached to me. I contacted customer care they kept saying your issue is open we are trying to solve it and after 14 days from ordering they cancelled my order. I wasted my time in wishlist and then order it. Just fuc* yourself.",Myntra,wishlist
play_367acaecec34,playstore,Myntra (Android),https://play.google.com/store/apps/details?id=com.myntra.android&reviewId=6aa1943d-1894-431a-9518-a4edff192ffe,2026-08-22T15:54:15+00:00,"I received a call from Myntra asking why the rating is so poor. I could not remember that time. This is because, whenever I put some item in wish list, I observed that you people always increased the price for that item without notifying me. This is not good at all. This is only cause, nothing else.",Myntra,wishlist
play_cb6c7a9473e5,playstore,Myntra (Android),https://play.google.com/store/apps/details?id=com.myntra.android&reviewId=97c14ab4-d59b-4f45-b445-13df643894ce,2026-08-22T15:54:15+00:00,"List of things that could be resolved - When I add something to wishlist,the price of such products goes up and down. Recently all my order are getting delayed as a result not coming. I contacted customer care team but not getting my problem solved.",Myntra,wishlist
play_14772a6d2c03,playstore,Myntra (Android),https://play.google.com/store/apps/details?id=com.myntra.android&reviewId=d3b50bfd-e878-4ed7-82cb-034522102ffd,2026-08-22T15:54:15+00:00,That's a crazy app at times . Il be unable to access my wishlist at tymz and even the payment too..the cc team is of no use as they have never replied to ny of my query till date . It logs out all of a sudden when I am checking out the collections .,Myntra,wishlist
play_800b206e21ac,playstore,Myntra (Android),https://play.google.com/store/apps/details?id=com.myntra.android&reviewId=fbaf394d-3b1e-45fc-a641-d7104318ac16,2026-08-22T15:54:15+00:00,In this app every products cost starts from 600 and the estimated delivery charges are 149 and plus tax.Seeing one price in selection and when added to bag another huge price that would have come up to a total of 1000/- which the actual price will be around 600-800/- .It's better I'll not use this app.Other apps are better than this .Such a worst strategy you guys have 😤,Myntra,added to cart / bag
play_0c9fc29d9901,playstore,Myntra (Android),https://play.google.com/store/apps/details?id=com.myntra.android&reviewId=c9dd0e96-ceb0-4f72-943d-81a420f1d00a,2026-08-22T15:54:15+00:00,"Great choice of products, very good discounts and offers, easy exchange and returns. Delivery before time for most products. My favorite online store for the past 6+ years now <3 But in last few months, inventory has some issues. When i try to add items to cart, it says not deliverable to selected pin code, but item shows up in search results. i even get notifications about price drop & add to cart when it is not deliverable. Not even to another pin code. Hope they fix this asap. Very annoying.",Myntra,added to cart / bag
play_68cb9dcbbb1e,playstore,Myntra (Android),https://play.google.com/store/apps/details?id=com.myntra.android&reviewId=4c420f85-2365-4ae1-886f-a2b01295eac5,2026-08-22T15:54:15+00:00,If there was an option to rate it above 5 stars i would definitely do that without any hesitation... Myntra services are the best from wishlisting your product till the delivery everything is perfect... Once i received a wrong item and they provided exchange without any hesitation... Better than any other app i have ever used. Thank you Myntra!❤️,Myntra,wishlist
play_5ca5c2a7ddac,playstore,Myntra (Android),https://play.google.com/store/apps/details?id=com.myntra.android&reviewId=d17fd422-8084-493a-9c35-48ac45cc26e4,2026-08-22T15:54:15+00:00,"The app is not working as expected. I use Myntra so frequently and i noticed that the view similar option, sort and filter options does not work sometimes...If I go to my wishlist, i am not able to open any item to view it properly. I think this is a glitch and happens every day or alternate days..please check",Myntra,wishlist
play_0e6ba676b39e,playstore,Myntra (Android),https://play.google.com/store/apps/details?id=com.myntra.android&reviewId=735d5984-40a4-4f69-bbc3-c13dd398bf37,2026-08-22T15:54:15+00:00,"Before the last update the whole app and UI was very good but since the last update rolled out whole of the app became a heck. The wishlist option does not opens saying that something went wrong! Also when we cluck on the any product to get its details and description it doesn't opens saying to retry again and again. I tried a variety of measures to overcome it, I cleared its data, uninstalled and reinstalled the app, and a lot but still the problems persisted. Please help it out.",Myntra,wishlist
play_30cd683e3af8,playstore,Myntra (Android),https://play.google.com/store/apps/details?id=com.myntra.android&reviewId=1a0bdf8e-5eea-499a-b974-ac217bce65da,2026-08-22T15:54:15+00:00,Too much price fluctuations; once product added in bag or wishlist price increases or it forces to add another product or price gets double. Specially observed while End Of Season Sale. Not good to fluctuate prices too frequently once the sale starts. Bad experience.,Myntra,wishlist
play_53c8a5c7e036,playstore,Myntra (Android),https://play.google.com/store/apps/details?id=com.myntra.android&reviewId=602e55b2-13ca-4322-bfca-6be2b25d4b6e,2026-08-22T15:54:15+00:00,Please restore the wishlist feature of sorting category wise items. It's not very user friendly to not be able to sort the wishlist. I am a constant myntra user and have ordered many products before. So far it has been a good experience but changes like this can make it difficult to continue engagement with the app.,Myntra,wishlist
play_8ec354e2ee6a,playstore,Myntra (Android),https://play.google.com/store/apps/details?id=com.myntra.android&reviewId=227fb8d1-a2f0-42a6-8f4e-131bd46e5723,2026-08-22T15:54:15+00:00,"I would appreciate if we had the option to choose the day/date and time of delivery at the time of placing the order itself. Why is your app designed in such a way that you can't buy items from your shopping bag, one by one. I always have to move some items to the wishlist before placing one particular item's order?! Why can't i pick and choose from my own shopping bag! Why am I bound by it according to the features of the app! Why dont you guys have a category of "" save for later""? more stocks!!",Myntra,wishlist; saved for later
play_29e3cf9d602d,playstore,Myntra (Android),https://play.google.com/store/apps/details?id=com.myntra.android&reviewId=12a4b908-a874-48e5-87b4-36315fc5f993,2026-08-22T15:54:15+00:00,I really like your sperate product line for different products in my wishlist....... because of this feature it is easier to me...to find my any kind of product. I don't know why you guys remove this awesome feature. Now I have to explore my whole wishlist from up to bottom to find one product.,Myntra,wishlist
play_79de9d851d4b,playstore,Myntra (Android),https://play.google.com/store/apps/details?id=com.myntra.android&reviewId=8994d85e-c190-4013-8611-83206bc09001,2026-08-22T15:54:15+00:00,The app has turned worse overtime. Worst quality and defective products are delivered. Also a new thing I noticed yesterday was the category thing that used to be there in wishlist at the top is missing. It has become very difficult to find products in my wishlist. That category option in wishlist was one good change which has now vanished. Please look into it and revive it.,Myntra,wishlist
play_c6f8d758dd73,playstore,Myntra (Android),https://play.google.com/store/apps/details?id=com.myntra.android&reviewId=c2dc746b-ac19-4855-afda-ec2324a1ba5a,2026-08-22T15:54:15+00:00,"I ordered products during this sale time b4 by paying 149rs. I nearly ordered 6 products none of them were good and now I kept for return. Even myntra changed its price tags becoz I added to cart ,just b4 paying I came to that prices got increased a lot before the sale .I'm very much disappointed by thia sale",Myntra,added to cart / bag
play_d9ec4f50d626,playstore,Myntra (Android),https://play.google.com/store/apps/details?id=com.myntra.android&reviewId=2e89d1d3-c15c-48d0-9b4f-273d28a5f6d8,2026-08-22T15:54:15+00:00,"App has an issue , search , add to cart etc many options are not working .......and after seeing many reviews , you have to resolve this at your end only . Sent mail to given id with pics but still no resolution. Still waiting No resolution yet...have sent mail but no response",Myntra,added to cart / bag
play_50a0ccc59e00,playstore,Myntra (Android),https://play.google.com/store/apps/details?id=com.myntra.android&reviewId=a4400fff-dce5-4a9c-96a1-b193d25b3e04,2026-08-22T15:54:15+00:00,"The app has some or the other issue all the time. It is slow, the wishlist isn't loading and rest of the app is working but slow as mentioned before. No updates are pending. This app is going from bad to worse. Do something about it Myntra. Please.",Myntra,wishlist
play_234ea1c1d9e8,playstore,Myntra (Android),https://play.google.com/store/apps/details?id=com.myntra.android&reviewId=da843506-8413-4ada-99f7-8d84493e730b,2026-08-22T15:54:15+00:00,"Good app they updated me about my delivery pirior few hours even I recived product 2 days earlier the mentioned data, every thing is good deliveryty, returns,refund, exchange but keep the feature of letting us view the items in our wish list even if they are out of stock it helps customers to buy it elsewhere in future if out of stock on myntra",Myntra,wishlist
play_eed19e9b65c8,playstore,Myntra (Android),https://play.google.com/store/apps/details?id=com.myntra.android&reviewId=0a19b2c3-c990-4776-b57b-b7f1340dca00,2026-08-22T15:54:15+00:00,"App is bloated with gimmicks while core features fail. Same number spawns ghost accounts, support pushes for ID even after OTP + order proof, and they locked my account as “inactive” right after a fresh order. Fix login, limited wishlist capacity and support before adding clutter.",Myntra,wishlist
play_7cf2cd20e9ed,playstore,Myntra (Android),https://play.google.com/store/apps/details?id=com.myntra.android&reviewId=9bd2c287-2e2e-46f0-8dd5-0ee92980d17f,2026-08-22T15:54:15+00:00,Worst app forever I am regular user mantra app but here Price of products are highly increase when you are selected your wishlist product. this is a great headache because when you are select your products for wishlist price is other and when you are purchasing Price is highly increase.....Now I am going delete this app finally and try offline shopping.,Myntra,wishlist
play_81e4492d838c,playstore,Myntra (Android),https://play.google.com/store/apps/details?id=com.myntra.android&reviewId=0086b422-1393-4d3c-a06f-2e4da41df9a8,2026-08-22T15:54:15+00:00,The app is great for purchasing trendy stuff on a good discounts. But the problem is that now i want to purchase in lockdown at the EORS the app doesn't let you know beforehand that it doesn't deliver to containment zones. I literally spent a lot of time searching and wishlisting stuff only to find out they don't deliver it to my pincode. It's better if they inform it before letting in customers blindly.,Myntra,wishlist
play_7d871fc30154,playstore,Myntra (Android),https://play.google.com/store/apps/details?id=com.myntra.android&reviewId=64d0ed95-fe7e-4eda-8c16-35d8d719a961,2026-08-22T15:54:15+00:00,Stopped using Myntra because prices shown for product are without tax. Not sut what actual price become after tax at the time of billing. Just waste of time to check every time add to cart then check taxes. When trying to buy a show price was 2600 and taxes applied was Ra. 450.,Myntra,added to cart / bag
play_f7d87b9dc939,playstore,Myntra (Android),https://play.google.com/store/apps/details?id=com.myntra.android&reviewId=af36666b-98a5-4602-a2aa-86de492cf07c,2026-08-22T15:54:15+00:00,"If you add an item to the wishlist the price will change within an hour or 2. I don't understand how's that even ethical and legal?? I added a shirt of 499rs to my bag checked it after few hours the price went from 499 to 1299rs...??? Also, the deliver service is getting worse day by day.The updated supercoin insider is thrashy and of no use since you can't avail of any voucher like before.",Myntra,wishlist
play_433417aea14b,playstore,Myntra (Android),https://play.google.com/store/apps/details?id=com.myntra.android&reviewId=fd7a32b7-3875-4373-82df-b74f3e7437d6,2026-08-22T15:54:15+00:00,"Worst shopping app, i would rather give zero star. It increases price if you keep products it in wishlist or take screenshot, ihave taken ss of a jacket rs1000 and next day the price increases to rs1300 and got a coupon of 200rs off which is still higher than previous price. Too hilarious if they think we don't have options, i buyied better jacket in 650rs from offline market.",Myntra,wishlist
play_e8ea064d4c4e,playstore,Myntra (Android),https://play.google.com/store/apps/details?id=com.myntra.android&reviewId=249ae085-f706-4bec-ba1d-fa5baa5473c1,2026-08-22T15:54:15+00:00,"This is really disappointing. The malpractice of increasing the price needs to end. As soon as I add something to my wishlist/cart , the price is increased in no time within half and hour . This is really a bad malpractice which needs to be addressed by your executives. Do something about otherwise will have to switch to other options.",Myntra,wishlist
play_f98ae1f1d601,playstore,Myntra (Android),https://play.google.com/store/apps/details?id=com.myntra.android&reviewId=10978b51-a409-4b88-8913-de8544ee2ded,2026-08-22T15:54:15+00:00,"The only reason I gave 4 and not 5 is because there's a lot of tax and Even if the product is on some offer, when it is added to bag the,the price is not reduced and remains same as mrp. It's like buyers of the product are fooled.",Myntra,added to cart / bag
play_942f55273286,playstore,Myntra (Android),https://play.google.com/store/apps/details?id=com.myntra.android&reviewId=bbbeddd0-b9b4-4054-b7fd-e68e2c0880cf,2026-08-22T15:54:15+00:00,"It's an amazing app for shopping fashionable clothes but I'm really frustrated with the wishlist, it's quite annoying when you have to sort through all the different articles of clothing or accessories to find the one you like. Their is NO ORGANIZATION and NO OPTION for sorting items that are not in STOCK. THE BEST WISHLIST EXAMPLE IS AMAZON'S WISHLIST SYSTEM. If this problem get solved, then I'll give 5 stars. 🌟🌟🌟",Myntra,wishlist
play_70dae89b50e1,playstore,Myntra (Android),https://play.google.com/store/apps/details?id=com.myntra.android&reviewId=d5d40a0b-5729-44dc-a714-242eaa00c46a,2026-08-22T15:54:15+00:00,Good app usually. I have used this app a lot over the past few years. Recently reinstalled to purchase something I had purchased from Myntra before. But the item just doesn't show in my Order history? It is so weird. What kind of weird bug is this. Half my items don't show in order history. Even website has some weird bugs now. Scrolling through my wishlist just keeps refreshing. Very annoying.,Myntra,wishlist
play_0c660025acfb,playstore,Myntra (Android),https://play.google.com/store/apps/details?id=com.myntra.android&reviewId=a081e065-b296-4b2a-bc47-59e46461b13c,2026-08-22T15:54:15+00:00,Overall app is very good with the new features but since the last update which I did on 09/12/20...it's little problematic.. Whenever I try to open my wishlist it just buffers over there for minutes and minutes..that's seriously frustrating .. I'm not able to open my wishlist can't see wishlisted products and now I have to add everything to bag to save them for coming sale..,Myntra,wishlist
play_e42f98d14b2b,playstore,Myntra (Android),https://play.google.com/store/apps/details?id=com.myntra.android&reviewId=adadb824-3c64-420d-8702-9b6b0336db80,2026-08-22T15:54:15+00:00,"Have been facing problems recently. The app keeps closing. Also, while moving items from the wishlist to the cart, some of them are disappearing. Don't understand why this is happening, and there seems to be no solution.",Myntra,wishlist
play_621fb950f953,playstore,Myntra (Android),https://play.google.com/store/apps/details?id=com.myntra.android&reviewId=5c7c6bfc-91fe-407e-a137-d8e226a62873,2026-08-22T15:54:15+00:00,Never trust any sale mentioned in the app. First they'll give you the slot and then they wont going to allow you for your time slot which is totally unfair. I wishlisted my things to buy it in my Vip time slot but they went out of stock at that time.,Myntra,wishlist
play_689cb36fd9e3,playstore,Myntra (Android),https://play.google.com/store/apps/details?id=com.myntra.android&reviewId=403c7931-b6a2-4d33-b3f5-99eab7cf30c6,2026-08-22T15:54:15+00:00,"The overall experience seems to be good. But one flow where I have added 4 items to bag, then removed all items from bag using option of move all to wishlist and when I come back i could still see 'go to bag' instead of Add to bag.",Myntra,wishlist; added to cart / bag
play_0e55eb0f7e63,playstore,Myntra (Android),https://play.google.com/store/apps/details?id=com.myntra.android&reviewId=3b81272b-a83b-4166-b76c-9c4990a9b0c1,2026-08-22T15:54:15+00:00,I used to watch Mantra Products almost every week and I can assure that Myntra is cheating their customers saying big deals on products. I used to wish list the products I like and if you are looking at the same products on these big sales time the price would be DOUBLE after offers. I have seen products which cost 250-300 is going to 400 -600 range. I have seen many products like that which is big cheating,Myntra,wishlist
play_373790074caf,playstore,Myntra (Android),https://play.google.com/store/apps/details?id=com.myntra.android&reviewId=3cf6e467-0f5c-4dec-93ff-50a1d8bbfd95,2026-08-22T15:54:15+00:00,"The one long pending feature to be brought up in the wishlist part is LISTS option (like that of Amazon). This would help the users to wishlist the items person-wise in the family/ ocassion-wise (like for husband, wife, brother, sister etc) so that it would be easy to manage/shortlist while moving the items to shopping bag or keep for future reference. This badly needed. Apart from that, UI features are great!",Myntra,wishlist; shortlisted
play_c842b3ea3dad,playstore,Myntra (Android),https://play.google.com/store/apps/details?id=com.myntra.android&reviewId=e17b7b76-c989-460c-b8d0-71ec142cfe27,2026-08-22T15:54:15+00:00,"There seems to be a problem with the app. When I try to check the orders it doesn't open the orders list and just shows undefined and when I try to check the shopping bag, it is just loading for hours. However I am able to add items to bag or see the wishlist. Please check the issue and rectify.",Myntra,wishlist
play_5d8819ffa92d,playstore,Myntra (Android),https://play.google.com/store/apps/details?id=com.myntra.android&reviewId=a24eec78-3901-4320-a83b-92bdded004d3,2026-08-22T15:54:15+00:00,I have been using myntra for past 4 years but now myntra laggs most of the times and now I can not even open my wishlist and my order that I have to exchange and this time myntra rejected my request which is totally valid. It stopped varify otp also whenever I try to open the goddamn app it says opps something went wrong.,Myntra,wishlist
play_1030fc7189ce,playstore,Myntra (Android),https://play.google.com/store/apps/details?id=com.myntra.android&reviewId=4ad03704-c50a-4588-8445-ba54bdad018b,2026-08-22T15:54:15+00:00,"I absolutely love this app, especially the feature to clearly view all the products without blurring out the picture. But I really want this one feature which I found in my wish list, but its not available anymore, where all the items get divided into categories and sub-categories automatically. I've 700+ items in my wishlist and it comes out as very helpful if I want to, let's say buy heels, I can click on the heels category and get all the heels that I wishlisted in my past right infront of me",Myntra,wishlist
play_22f3aa301864,playstore,Myntra (Android),https://play.google.com/store/apps/details?id=com.myntra.android&reviewId=681e5f32-c924-4baa-812a-b970399e941b,2026-08-22T15:54:15+00:00,"Myntra, want to order quite a few things. But there is some problem My favourite saved items are not seen. My profile is also not showing. I uninstalled and reinstalled but of no use. This is not a good sign, as you will start loosing customer in peak season",Myntra,saved items
play_3b20bc1225bf,playstore,Myntra (Android),https://play.google.com/store/apps/details?id=com.myntra.android&reviewId=14898377-3017-431a-86d2-cc31f2086c79,2026-08-22T15:54:15+00:00,So disappointed with Myntra. Please stop fooling people myntra. I bought few cloths on this mo th where in the shown price was 231 so i added to cart then that 231 became 340 witb their added myntra credit of 90. Quality was also worst of that product not even worth for 200. Please show actual price n maintain customers trust by providing actual details of product with real prices.,Myntra,added to cart / bag
play_e099a34984b3,playstore,Myntra (Android),https://play.google.com/store/apps/details?id=com.myntra.android&reviewId=ea3b6dbb-1b07-499d-be58-ee103960ea4e,2026-08-22T15:54:15+00:00,This is fraud app .don't install it . Because when I like some dress then I put in my wishlist after a hour it increases price on my all wishlist item . They don't have any fixed price on clothes they increases according to what we are seeing so buy offline or on flipkart but don't install this bad app.,Myntra,wishlist
play_67fba87aa84b,playstore,Myntra (Android),https://play.google.com/store/apps/details?id=com.myntra.android&reviewId=baa86db0-7648-4532-b238-4ce4dcdea124,2026-08-22T15:54:15+00:00,"1 ⭐ less is for the wishlist section which is easy to add but difficult to remove...the other con is that when the items goes to the cart,the price goes higher than before automatically(not right at that time but after few days)..but overall it's nice n user-friendly.",Myntra,wishlist
play_11e010e79457,playstore,Myntra (Android),https://play.google.com/store/apps/details?id=com.myntra.android&reviewId=4144465b-e7fa-4a40-8522-80715c5b7a39,2026-08-22T15:54:15+00:00,I love this app but recently I couldn't login into my wishlists or order details .I tried several times with the same phone number which i bind with Myntra app.customer care are the worst part coz they are of no help. many of my orders are still yet to be delivered to me .,Myntra,wishlist
play_cf95b8a5507b,playstore,Myntra (Android),https://play.google.com/store/apps/details?id=com.myntra.android&reviewId=e83a572d-15da-4c6c-b0bb-b2ae3001411d,2026-08-22T15:54:15+00:00,"I've an issue regarding personalised ads. After searching for and wishlisting items on Myntra, I noticed that similar items started appearing as ads on my Instagram feed. While I understand the concept of targeted advertising, I found this experience to be a bit intrusive and somewhat unsettling because my family members sometimes see my Insta, and I don't want them to see everything I search for. Overall, I've had a positive shopping experience with Myntra. Please minimize ads for more privacy.",Myntra,wishlist
play_7b0b098e4a96,playstore,Myntra (Android),https://play.google.com/store/apps/details?id=com.myntra.android&reviewId=c085190b-b457-4861-bb08-03ef78cf897f,2026-08-22T15:54:15+00:00,"Till now good shopping experience.....though I have read many bad reviews about customer care..... just wish not to face any such issues......I just had a suggestion, it will be helpful if we can create different categories or folders like kurtas, pants, jackets etc. in our wishlist...it will be helpful to retrieve what we want to order, when we get back to our wishlist at a later date......",Myntra,wishlist
play_ed2c4a9af1ee,playstore,Myntra (Android),https://play.google.com/store/apps/details?id=com.myntra.android&reviewId=905bb2e4-7bd3-48b1-a6db-806a8f79fb1f,2026-08-22T15:54:15+00:00,"At times, products do not get added to the cart up on clicking ""add to cart"", I ended up missing a whole lot of products. By the time I realised, they aren't added in the cart, they were sold out😰",Myntra,added to cart / bag
play_b0fedf881a2d,playstore,Myntra (Android),https://play.google.com/store/apps/details?id=com.myntra.android&reviewId=a29f6637-d3b7-4315-be81-3e7489e2969b,2026-08-22T15:54:15+00:00,"Dear myntra, longtime user here!! I have no major issues with you guys, except for the fact that some items, when they are out of stock or size unavailable, you guys rarely make them available again. And if you do, you do not get all the sizes. Specially with shoes. God, I have had shoes in my wishlist for ages now, and still sizes are unavailable. Please, atleast bring converse/chucks back. Really disappointing!! 🥺",Myntra,wishlist
play_023004b51480,playstore,Myntra (Android),https://play.google.com/store/apps/details?id=com.myntra.android&reviewId=2d33cc54-5cc1-4192-9a37-9087b77b21a8,2026-08-22T15:54:15+00:00,I put my items in the wishlist first they showed the item in a specific category. But now it's not showing that way it's very difficult to find out items. solve this problem ASAP and mostly wishlist items are stock out.,Myntra,wishlist
play_e1d502ffd25b,playstore,Myntra (Android),https://play.google.com/store/apps/details?id=com.myntra.android&reviewId=4b2d6b6f-dda6-4a96-ace4-fc2b5cad8f50,2026-08-22T15:54:15+00:00,"After update the app is not working properly, I am unable to open the wishlisted products... everytime when I try to open it shows popup 'something went wrong'...also m unable to see the reviews of the products plss make sure the issues are corrected as soon as possible...",Myntra,wishlist
play_0d86c026c969,playstore,Myntra (Android),https://play.google.com/store/apps/details?id=com.myntra.android&reviewId=ad802089-a6e8-4882-8861-3c9fff1ec7ca,2026-08-22T15:54:15+00:00,Love the huge selection of brands and styles! The app is super easy to navigate and I always find what I'm looking for. Regular sales and discounts make shopping even better. Quick delivery and the wishlist feature is really handy. Highly recommend for fashion lovers!,Myntra,wishlist
play_3fcd036753f7,playstore,Myntra (Android),https://play.google.com/store/apps/details?id=com.myntra.android&reviewId=65a6831d-517a-4014-8659-ae8b8e9630fe,2026-08-22T15:54:15+00:00,"A request from my side - Sometimes we save many different items to the wishlist (clothes, shoes, bags, watches) so that we can compare later. Please add a feature so that we can group the items in our wishlist (as winterwear, shoes, watches...etc. as we like). Otherwise later on it gets difficult to view some specific items when needed.",Myntra,wishlist
play_6a1d2033d276,playstore,Myntra (Android),https://play.google.com/store/apps/details?id=com.myntra.android&reviewId=b5c31c3a-754a-4498-a447-0250fc1de912,2026-08-22T15:54:15+00:00,I like Myntra app but there is a short thing I don't like and which I don't like in all apps I think so there should be no limit to your wish list because we need everything I wish list I'll like to put everything in my wishlist list please do not put a limit on the wishlisteverything in the wishlist and then go to find,Myntra,wishlist
play_1d1df64379de,playstore,Myntra (Android),https://play.google.com/store/apps/details?id=com.myntra.android&reviewId=f1d101f6-b8b2-4d4d-b9d1-8b6d3bc5c705,2026-08-22T15:54:15+00:00,"I have been using myntra for sometime now, where it has huge selection and smooth delivery/ return policy what annoys me the most is filter features. Sometimes you have filters option in wishlist, sometimes just not. Also when we filter articles by particular brand, they keep showing another brand items. Every forth item is of diff brand which is definitely not selected. What is the point of providing filter than when you want customers to only see items that you want to show them?",Myntra,wishlist
play_494cedd7ef2c,playstore,Myntra (Android),https://play.google.com/store/apps/details?id=com.myntra.android&reviewId=e1664f93-2b63-4ee7-b905-ed6ab4041e04,2026-08-22T15:54:15+00:00,server failures in every sale... first u search and choose your product and add it in your wishlist thinking you are going to order this soon but no at the time of payment the server get fails each and every time. So frustrating. Boycotting your app.,Myntra,wishlist
play_9567cee14b14,playstore,Myntra (Android),https://play.google.com/store/apps/details?id=com.myntra.android&reviewId=678cda3c-883f-4e81-ae7e-785a028607a6,2026-08-22T15:54:15+00:00,"My favourite family app for shopping online 🤗 but the only loophole is that manufacturing or expiry date is not mentioned in the details of cosmetics and beauty products. Then how one can go for the item without it. Once we open any item from wishlist or shopping bag, everything gets closed, we have to open it again, please fix this problem",Myntra,wishlist
play_243a17417598,playstore,Myntra (Android),https://play.google.com/store/apps/details?id=com.myntra.android&reviewId=8d463eac-4a7d-41f3-9b9f-c52a31b870a3,2026-08-22T15:54:15+00:00,The app is not working smoothly at all. After clicking wishlist icon or move to bag option it's taking so much time that it's frustrating. It has been glitching for a while now I don't have the time and patience to wait so much for a product to be wishlisted then waiting for almost 5 minutes to get it to cart. I don't know what the updates are for if it only makes the experience worse not better. Please do something about this. We use shopping apps to help save time not to waste so much time.,Myntra,wishlist
play_6484e861cc70,playstore,Myntra (Android),https://play.google.com/store/apps/details?id=com.myntra.android&reviewId=3279348c-c4ab-41a2-9f82-00690b5f578c,2026-08-22T15:54:15+00:00,"It's the only app I've seen so far, that asks you to wishlist something before sale and increases the price when the sale starts. Undoubtedly theres some price cut in other products, but the products i wishlisted have an increased price now. Trying to discourage potential buyers? 🤣",Myntra,wishlist
play_1f3103cac761,playstore,Myntra (Android),https://play.google.com/store/apps/details?id=com.myntra.android&reviewId=446d9075-6080-4cb2-a53d-5e4f2d8f9df9,2026-08-22T15:54:15+00:00,"Worst user experience ever. App is extremely slow and often lags. UI is good but UX is extremely bad. I don't know why you're charging platform fees if you can't invest in your app/website developer team. Your app often buffers and crashers frequently forcing people to switch to other apps. Your wishlist section is trash (always buffering and crashing), feels like I'm using Myntra on 2G internet. It's 2025, other apps are running smoothly. Extremely disappointed with experience.",Myntra,wishlist
play_e831ad2a4e61,playstore,Myntra (Android),https://play.google.com/store/apps/details?id=com.myntra.android&reviewId=a3064d18-4923-4d71-9f29-4d1779dd1bd0,2026-08-22T15:54:15+00:00,"Myntra app Hearder part is not working in my mobile. Search button, wishlist, notification icon and bag button all these icons are not working. I am not able to click any icons. seems all r disable in Myntra app in my mobile. Some months back all were working fine. I tried to reinstall as well, but no luck",Myntra,wishlist
play_65620021640b,playstore,Myntra (Android),https://play.google.com/store/apps/details?id=com.myntra.android&reviewId=84ae43cc-8f44-4c6f-b4c5-49ae34977c9e,2026-08-22T15:54:15+00:00,Please don't reference app to other I'll refere but they didn't give any benefit also don't add any in wishlist if u wanna buy if you added next day price will be increased I'll contact in customer care person first time they put on me hold and disconnected and second time they told me contact write on us after you wanna delete account they told you if you delete than never creat account with same register number so better Please don't reference these app to others,Myntra,wishlist
play_75e0fc5503e2,playstore,Myntra (Android),https://play.google.com/store/apps/details?id=com.myntra.android&reviewId=b21d6066-d31e-445d-bb8d-1a58ee4355eb,2026-08-22T15:54:15+00:00,Befor just last updated we have a option to chhose from wishlist by category but after update is a wrost thing to chhose our selection... We have to scroll all thing and take a so much time ..... so just i avoid to order bcz its take a so much time from serching what we wish..... a catagory option in wishlist was very much helpful us ...,Myntra,wishlist
play_95ed26634626,playstore,Myntra (Android),https://play.google.com/store/apps/details?id=com.myntra.android&reviewId=774afa0e-1941-484b-8d39-cef4dae297f8,2026-08-22T15:54:15+00:00,"Can you please add a option for buying an item directly without putting it in the bag/wish list? Just because too many people have saved it in their bag I'm unable to buy it currently. I wanted to buy a dress now, but could not... This is a problem I think need to solve. Thank you for consideration",Myntra,wishlist; saved it but; meant to buy
play_92b22694449e,playstore,Myntra (Android),https://play.google.com/store/apps/details?id=com.myntra.android&reviewId=ef39a009-9544-4783-a6ce-19a4f5a030e7,2026-08-22T15:54:15+00:00,Worst app. Purchased a new phone and unable to log in as it says email Already exists. Coant view my wishlist and previous orders. They have a limit on otp after which the app. Locks out for 30 mins. No email log in option. Myntra app sucks.,Myntra,wishlist
play_486650fea9cc,playstore,Myntra (Android),https://play.google.com/store/apps/details?id=com.myntra.android&reviewId=9a280c4f-4cfd-44f3-bb93-7ca627bd78c5,2026-08-22T15:54:15+00:00,"Every now and then my wishlist will be gone and even though I am connected to internet 5G ,the app show connection error while at the same time I am able to use all other apps installed on my app.i have to uninstall Myntra a d download it again multiple times then only it works but returns to same issue after using for sometime.my handset is the latest model and I always keep my app updated so definitely it's an issue from Myntra development side that it doesn't work properly.please look into it",Myntra,wishlist
play_ebe35b9d5bbc,playstore,Myntra (Android),https://play.google.com/store/apps/details?id=com.myntra.android&reviewId=62bf37a7-c371-4fe8-8e7c-a8024af1d125,2026-08-22T15:54:16+00:00,"While viewing the wishlist, it keeps loading and does not show all the items because it initially shows the out of stock ones and then we need to scroll down to refresh it, scroll up again and then we can view the remaining ones. It's very annoying and frustrating as this needs to be done multiple times, please fix this",Myntra,wishlist
play_c68acc6c5e2f,playstore,Myntra (Android),https://play.google.com/store/apps/details?id=com.myntra.android&reviewId=f8e4816f-86c6-45b3-940c-4b3297135453,2026-08-22T15:54:16+00:00,Very Bad App... It loots you.. Suppose you search a product and add it to wish list and then login again. Its price would be raised. Happened with me more than thrice. It uses your search algorithm and sells you at a higher price.,Myntra,wishlist
play_bcae93ff0a26,playstore,Myntra (Android),https://play.google.com/store/apps/details?id=com.myntra.android&reviewId=e2ef75c5-bc21-4e00-9a97-fe9c03a40e21,2026-08-22T15:54:16+00:00,"Myntra !!! I'm writing this with great high expectation please reply and sort this out asap . I wanted to buy Alan truman prostyler, but that product is not deliverable anywhere in India . I tried with many different pincodes as well from all 29 union territories . Please sort the glitch , I'm sure many other customers must be facing that issue while ordering the same product . Will be waiting for your response .",Myntra,meant to buy
play_b3d92b52f53f,playstore,Myntra (Android),https://play.google.com/store/apps/details?id=com.myntra.android&reviewId=5f829255-25e9-4a01-8d1b-91214ae0e424,2026-08-22T15:54:16+00:00,Myntra's products are service are awesome but recently i wanted to buy a pants for someone else but couldn't find the bottom hem size or leg opening size in the size chart column in your app. Please add bottom hem column in size chart for the trousers.,Myntra,meant to buy
play_25ce3534b2fa,playstore,Myntra (Android),https://play.google.com/store/apps/details?id=com.myntra.android&reviewId=975be0c7-3bc3-4f35-864d-204d0fcd2590,2026-08-22T15:54:16+00:00,The app is has been having freeze issue for a month now. I open the app and i can't do anything. I even have stuff in the cart that I wanted to buy but can't access them. It works once in a while but it stopped again,Myntra,meant to buy
play_48ff3d750737,playstore,Myntra (Android),https://play.google.com/store/apps/details?id=com.myntra.android&reviewId=452701ac-e65b-4c8c-ae93-8d90a20fb0fe,2026-08-22T15:54:16+00:00,"Not satisfied with the app ,its not all working properly First Make that sure the wishlist and all the patterns are in the correct form , we can't even see how the item looks and moreover we can't manage the price tags and all of that I'm not all satisfied",Myntra,wishlist
play_e4a88e6c41c7,playstore,Myntra (Android),https://play.google.com/store/apps/details?id=com.myntra.android&reviewId=a4aaeb3e-c6e0-4ef3-82be-f98c1db29f47,2026-08-22T15:54:16+00:00,"The only sad thing about Myntra app is, that it is sooooooooooo slow when you are browsing products from cart or wishlist. it's just super slow. and sometimes it just hangs !!!",Myntra,wishlist
play_2ef7e9562cb6,playstore,Myntra (Android),https://play.google.com/store/apps/details?id=com.myntra.android&reviewId=50fa362b-3e8f-45a0-ba78-cbd1b352980c,2026-08-22T15:54:16+00:00,Cleared my wish list out of the blue without any reason. Nice update 👍,Myntra,wishlist
play_407974745394,playstore,Myntra (Android),https://play.google.com/store/apps/details?id=com.myntra.android&reviewId=49264bef-22e1-4562-b327-bee5a544fb6d,2026-08-22T15:54:16+00:00,"The perfect shopping app for rich peoples. Select any product discount, add to cart and you will see, other taxes + delievery charges + other conditional discount = the original price of product. Its really mystery how they do that",Myntra,added to cart / bag
play_329293852089,playstore,Myntra (Android),https://play.google.com/store/apps/details?id=com.myntra.android&reviewId=65905e5c-fa25-4b7d-89f1-7d38320fdf7b,2026-08-22T15:54:16+00:00,"Amazing shopping experience!! I always find what I am looking for. The app is fast and smooth. ✌️✌️✔️ Every link - Wishlist, shopping bag, everything... takes much time to load. The experience is not as smooth as the previous version. And where are the model's statistics for every product? That used to give an accurate idea of the fit! Plz fix this.",Myntra,wishlist
play_d399946b3fd7,playstore,Myntra (Android),https://play.google.com/store/apps/details?id=com.myntra.android&reviewId=d530fa46-39f4-4c36-9e55-eb24926888ff,2026-08-22T15:54:16+00:00,Very trustful app I literally never got wrong peice yah if there is a size issue you can exchange and return it. It's not like other apps. You can wishlist things and when any sale arrive you can get it in very low price it's just amazing you can trust it blindly,Myntra,wishlist
play_7fa382eadc8a,playstore,Myntra (Android),https://play.google.com/store/apps/details?id=com.myntra.android&reviewId=99fb90c1-fa05-43fe-a23a-b424b6eab99d,2026-08-22T15:54:16+00:00,Worst app. This app is now working very bad. coupons are showing in advertise section in app but they are not showing in the time of check out and add to cart section. I already raised complaint about this but no solution has not came yet. Customer service are very bad.,Myntra,added to cart / bag
play_15ab4d5e62f2,playstore,Myntra (Android),https://play.google.com/store/apps/details?id=com.myntra.android&reviewId=54eba72b-6f27-440b-b120-67f8df47b1d7,2026-08-22T15:54:16+00:00,"⚠️⚠️👉👉👉The Latest Update brought Great Inconvenience like That of Capping the Wishlist items limit, All Collections saved are not visible/accessible. One more very Annoying update is the removal of Item count no.s which used to mentioned earlier against Respective Filters. ⚠️⚠️ The Myntra Technical team should fix & reverse this asap since earlier version Offered much better User Navigation & Convenience.",Myntra,wishlist
play_d8bee2631d29,playstore,Myntra (Android),https://play.google.com/store/apps/details?id=com.myntra.android&reviewId=2bb066f0-ecd0-43e9-bcc1-80a1ffd98db0,2026-08-22T15:54:16+00:00,I like shopping on Myntra and that we have easy ways to save wishlists etc. also payment options have a wide range. Only request I have is that myntra should do international shipping as well. this will be great for them and the customers as well.,Myntra,wishlist
play_73966f4d28e5,playstore,Myntra (Android),https://play.google.com/store/apps/details?id=com.myntra.android&reviewId=bd847a6e-0a0a-427f-b2fe-3fb523365264,2026-08-22T15:54:16+00:00,"1. Add Sort option for Wishlist Items 2. Custom folders creation option for Wishlist Items, So that we can group similar items and decide. 3. Like Wishlist&Bag ribbon, need Orders ribbon in home page. 4. When we click back arrow from Order item detail page, its going to homepage instead of list of orders is an issue. 5. Do like this comment♡ if you also wish the same.",Myntra,wishlist
play_8a86d90260ce,playstore,Myntra (Android),https://play.google.com/store/apps/details?id=com.myntra.android&reviewId=131242c6-b081-4bdc-943c-72ff0c59e352,2026-08-22T15:54:16+00:00,"Great app.. Lots of brands available... Prices varies all the time... Need to keep watching wishlisted item prices... Also prices mentioned are without tax, which is bit deceiving.. Delivery charges quite high as compared to other sites...",Myntra,wishlist
play_6a4fc90381f1,playstore,Myntra (Android),https://play.google.com/store/apps/details?id=com.myntra.android&reviewId=12b8a743-13c4-4c6a-9fee-dbe2e58fe224,2026-08-22T15:54:16+00:00,"Your app has been a hoot for a long time. Fast delivery, great range of products, great prices and sales. But since a few months the option to wishlist items has not been working properly. Can you fix it soon please. Would be a great add on to my shopping experience.",Myntra,wishlist
play_be5309460123,playstore,Myntra (Android),https://play.google.com/store/apps/details?id=com.myntra.android&reviewId=87180790-71ff-4ef2-a07b-05c75f6605ae,2026-08-22T15:54:16+00:00,"Fooling people on the name of big billion sale ... I wishlisted before sale ...and its showing same price in sale ...and it always shows ""apply coupon"" and you ll get discount but when you add it to cart ... You dont get any discount even after applying coupon",Myntra,wishlist
play_d3ce9f2318a3,playstore,Myntra (Android),https://play.google.com/store/apps/details?id=com.myntra.android&reviewId=f3ea9256-0933-4247-98cf-1de67e467342,2026-08-22T15:54:16+00:00,"the wishlist button doesn't always work! even after clicking, it doesn't get added to my saved items. also, please show the price of product after taxes! it's easier to decide if we actually want to buy",Myntra,wishlist; saved items
play_570c19b2cde5,playstore,Myntra (Android),https://play.google.com/store/apps/details?id=com.myntra.android&reviewId=d9a92680-7637-4a4a-bb2f-0a3be8708e15,2026-08-22T15:54:16+00:00,"it's nice app and using quite long time however feel not user friendly and some irritating due to glitches, in wishlist does not have option to select all and delete in once rather have to go through individually and delete one by one which time consuming and u have to almost click 2 - 3 time for selection of one item, secondly while browsing different option and catalogues its extremely slow, the developers must work on this basic details and fix the issues, the loyalty programs have no use.",Myntra,wishlist
play_cc32d573d100,playstore,Myntra (Android),https://play.google.com/store/apps/details?id=com.myntra.android&reviewId=47f5ea5b-83e3-41f6-8968-ddb0dee98158,2026-08-22T15:54:16+00:00,Very bad experience I want to order some trousers and shirts so I select the item and add to cart but when after some times I check the products are not available at the same size it shows out of stock.. and after waiting for 7 days it still doesn't available the product with suitable size very bad service Myntra..,Myntra,added to cart / bag
play_03bd7fcb0cab,playstore,Myntra (Android),https://play.google.com/store/apps/details?id=com.myntra.android&reviewId=587ff076-88d7-4199-a435-5c9e1ae0510f,2026-08-22T15:54:16+00:00,"When I added to cart, item price was 701, during payment it raised to 809. No other site do like this. Shame on you Myntra developers. You can't stick on price, then how do you think you can keep your customers.",Myntra,added to cart / bag
play_3844b2eb9815,playstore,Myntra (Android),https://play.google.com/store/apps/details?id=com.myntra.android&reviewId=f896224b-a72b-4941-8aad-ffa9bff29749,2026-08-22T15:54:16+00:00,"In the wishlist section their was a feature to sort you items by product type. There was a options for all items, kurtas, tops, dress material,footwear.. likewise etc. options. I see that feature is missing.",Myntra,wishlist
play_77c265edf7c1,playstore,Myntra (Android),https://play.google.com/store/apps/details?id=com.myntra.android&reviewId=5ed3c43f-405a-4a04-918d-857fb13ba088,2026-08-22T15:54:16+00:00,"i uninstalled Myntra and reinstalled it due to some issues and now I've lost all my new order history and wishlist items additionally the scan coupon code option doesn't work, I received a parcel from myntra 2 days back and there is no option to return it since I lost my order history. fix this bug it's very disappointing",Myntra,wishlist
play_1881a6bb9aaa,playstore,Myntra (Android),https://play.google.com/store/apps/details?id=com.myntra.android&reviewId=9d58d811-fdb9-48cf-8ed0-bc1323a905b0,2026-08-22T15:54:16+00:00,"This regarding my data loss issue. The app automatically got connected with my another email ID and all my data i.e. my insider points,order history and wishlist was wipped out. I reached out to customer support and at first they told me that everything will be fine they will deactivate the new account and I'll be able to login again to my old account. However they deactivated my account and the response that I receive from customer support now is that they don't have any feature to reactivate",Myntra,wishlist
play_92b8d8b40a6e,playstore,Myntra (Android),https://play.google.com/store/apps/details?id=com.myntra.android&reviewId=d1dd3b25-614f-4cd1-b568-4d432129ffa6,2026-08-22T15:54:16+00:00,"The app is good, no doubt, but the problem is with the wishlist . It's up to me how many products i add to my list it can be a hundred or thousands. It's up to me, but myntra restricted me from adding more items. It's my account i can add as much as i want. What's the problem",Myntra,wishlist
play_aee273e6b61c,playstore,Myntra (Android),https://play.google.com/store/apps/details?id=com.myntra.android&reviewId=955cd931-589b-49f1-b688-590b0179c59b,2026-08-22T15:54:16+00:00,I really appreciate this app and the quality of products they provide but every time I add something to my wishlist or shopping bag the price gets high after one or two days I don't know why - this needs to be fixed .... customers shouldn't be fooled like this,Myntra,wishlist
play_27830711a786,playstore,Myntra (Android),https://play.google.com/store/apps/details?id=com.myntra.android&reviewId=4cb15954-0f54-4338-a42b-64e7c6b03350,2026-08-22T15:54:16+00:00,"Why isn't my pay on delivery working? When it comes to buying clothes online this was my one and only choice. It says maximum order limit reached but how, it doesn't allow me the pay on delivery option and it also says that they do not offer pay on delivery for that product, I have tried to order every product from my wishlist and it's still saying do not offer pay on delivery for this product. Why? Why is it doing like this?",Myntra,wishlist
play_c12090e576f7,playstore,Myntra (Android),https://play.google.com/store/apps/details?id=com.myntra.android&reviewId=68be3a3d-a521-4f3e-a294-7002de3040e9,2026-08-22T15:54:16+00:00,"Editing my rating from 5 star to 2star, as the app is not working properly these days. It has lot of issues like, can't open wishlist, cart and can't go back from search option. Search bar doesn't work at all. Myntra going downhill badly",Myntra,wishlist
play_e71b7c5a0c44,playstore,Myntra (Android),https://play.google.com/store/apps/details?id=com.myntra.android&reviewId=d0d1d9b8-0f14-4299-a93b-0bb48b5a08c0,2026-08-22T15:54:16+00:00,"Cheaters and liars, they show coupon on the product at first and if you keep them on wishlist and check out later on, they will remove the coupon and will sell you on the listed price. Had to forego a product due to this deceitful nature of myntra.",Myntra,wishlist
play_38f19a975d87,playstore,Myntra (Android),https://play.google.com/store/apps/details?id=com.myntra.android&reviewId=faabb80f-e623-421f-8f1a-c52407be88f0,2026-08-22T15:54:16+00:00,"Nice place to shop. But the app has some bugs that needs to be fixed urgently. Example: The buttons in the top bar of the app with Cart, Wishlist, Menu, Search, Notification buttons doesn't work in my phone..(Redmi Note 9 Pro)",Myntra,wishlist
play_b16787efb2b7,playstore,Myntra (Android),https://play.google.com/store/apps/details?id=com.myntra.android&reviewId=a0bc0b99-63f2-461b-bd52-a47c31c335a1,2026-08-22T15:54:16+00:00,I've been using this app for so long but suddenly I can't place the orders with COD mode of payment!! I dont know why? Not even I can get any help regarding my issue on the app itself.. Seems like wasting my time putting products in the wishlist or cart.,Myntra,wishlist
play_cd50aec305d2,playstore,Myntra (Android),https://play.google.com/store/apps/details?id=com.myntra.android&reviewId=a8aa580a-756f-4e8f-af21-c4722a825ae1,2026-08-22T15:54:16+00:00,"MYNTRA team what has happened to your tech support.. Fed up of refreshing app. and chat bot answers.. even contact centre is short of manpower and agents. Please dont expect us to choose help issues, as shortlisted and pre defined.. Cart is full, but unable to order.",Myntra,shortlisted
play_8485ec5fb944,playstore,Myntra (Android),https://play.google.com/store/apps/details?id=com.myntra.android&reviewId=f9987c01-f789-425f-a0cc-614f79355069,2026-08-22T15:54:16+00:00,Best for fabric collections.... ❤ But it's little bit difficult to go through the BAG and then send all the items in WISHLIST except that one which has to be ordered before ordering anything. Please try to change this process.,Myntra,wishlist
play_3ee120231b1c,playstore,Myntra (Android),https://play.google.com/store/apps/details?id=com.myntra.android&reviewId=1518e475-4bd6-4668-8e9f-283ca2151bd7,2026-08-22T15:54:16+00:00,"In terms of app experience, it is one of the best across fashion shopping.. smooth app features with no apparent glitches. Only feature I felt missing is to have categories for items in wishlist. People who have too many items in wishlist have to search across all of them to locate something particular. Having categories would help. Also, It'd be nice to have a fabric filter (the one that's there doesn't seem to work). Some people might prefer pure cotton fabrics when looking for something.",Myntra,wishlist
play_e335f9390bdf,playstore,Myntra (Android),https://play.google.com/store/apps/details?id=com.myntra.android&reviewId=c61e8685-2a23-4e07-abbc-a06d3ecba4f5,2026-08-22T15:54:16+00:00,"Hi, I'm a regular user of Myntra,but when I updated the app on 17th Mar 2022,it stopped working properly. I'm not able to browse items and also not able to open bag and wishlist.Please resolve the issue. Update -11-04-2022. No one bothers to do anything about the issue,even when I contacted customer care they told me to do 10 steps in order bro tell them that their app sucks. Pathetic.",Myntra,wishlist
play_84f157dde558,playstore,Myntra (Android),https://play.google.com/store/apps/details?id=com.myntra.android&reviewId=61cf3919-a550-46b0-8197-c9f98d32e3a2,2026-08-22T15:54:16+00:00,"The products are not being wishlisted anymore on my myntra app . I have tried everything to fix this issue but nothing worked like deleting the app and downloading it again,updating the app etc . But nothing worked . This issue is really annoying me .",Myntra,wishlist
play_0e542e542dae,playstore,Myntra (Android),https://play.google.com/store/apps/details?id=com.myntra.android&reviewId=7f19e064-6356-44a4-8f1d-6c749831c6e0,2026-08-22T15:54:16+00:00,"It would be nice if there was a size specific notify me button and if the wishlist could be separated into smaller ones. The deliveries and returns are very smooth, the collections are great and the posts and videos are really helpful for someone starting out to build their wardrobe or just looking for a new style. I guess the app is hanging a bit the past few days due to high load or new changes being rolled out but so far I've just restarted it and it works fine.",Myntra,wishlist
play_29c265c3f5c8,playstore,Myntra (Android),https://play.google.com/store/apps/details?id=com.myntra.android&reviewId=317b93b2-661d-427a-88fb-509cb87d016a,2026-08-22T15:54:16+00:00,"Why after add to bag or placing the order the product price changes, Filters doesn't show material tab to chose material used in clothes. Price always high than others, thousands of useless brands to select from. Was good now irritating will be gone soon.",Myntra,added to cart / bag
play_1090d4a57ac6,playstore,Myntra (Android),https://play.google.com/store/apps/details?id=com.myntra.android&reviewId=cb10cee5-cdac-410c-9920-9132c933febd,2026-08-22T15:54:16+00:00,It was a good app but recently I'm not able to order things on my pincode and there is some issue with cod too...the app also lags sometimes and I'm not able to see the wishlist properly as it takes time to load...please fix this as soon as possible,Myntra,wishlist
play_de5fe7b13bae,playstore,Myntra (Android),https://play.google.com/store/apps/details?id=com.myntra.android&reviewId=35f3c854-eb4a-47e1-b3c2-059cfd1cc321,2026-08-22T15:54:16+00:00,"From last 1 month I'm facing an issue related to the ""Add to wishlist"" feature. Everytime I try to add product in wishlist, it throws an error. And this problem is coming on both APP and desktop website. I have shared this issue over the email as well. But, the issue is not resolved till now.",Myntra,wishlist; added to wishlist
play_8a72b2eae779,playstore,Myntra (Android),https://play.google.com/store/apps/details?id=com.myntra.android&reviewId=552b5a41-8afc-4379-b003-d93d24d51bf7,2026-08-22T15:54:16+00:00,"there are few ""select"" items in myntra that i like unlike amazon n flipkart. these portals have everything so it takes more time to select. but myntra already has a select few from which i can shortlist. i find more fashionable stuffs here than in other portals especially in garments section and accessories. and nothing like the Myntra SALE.",Myntra,shortlisted
play_3545c17df00d,playstore,Myntra (Android),https://play.google.com/store/apps/details?id=com.myntra.android&reviewId=53d757ed-8c68-4c09-a44d-47feea24730b,2026-08-22T15:54:16+00:00,"while returning to the main product list after checking any particular product details ,it automatically scrolls up to the top of the list every time.it is very annoying to go to the top after checking out 100s of product.it happens in wishlist also.please rectify it.it was not happening earlier..",Myntra,wishlist
play_9a86d9eef712,playstore,Myntra (Android),https://play.google.com/store/apps/details?id=com.myntra.android&reviewId=6cd97681-bea1-4a32-ba04-a0702c588855,2026-08-22T15:54:16+00:00,Its very good app..best shopping site..deliveries are on time..you should decrease the total price for free delivery from 1200 to 800 or 700..so that we can shop more frequently..and ya one more thing there should b option to clear all the things from wishlist..,Myntra,wishlist
play_684eef2759e1,playstore,Myntra (Android),https://play.google.com/store/apps/details?id=com.myntra.android&reviewId=57a5a8c7-2966-49a5-b658-d3706bbb5507,2026-08-22T15:54:16+00:00,Whenever I tap on a notification that says 'you're wishlisted item xyz has dropped in price or is about to be sold out' it takes me to my wishlist. How in the world am I supposed to know what product is likely to be sold out if you just take me to the start of my wishlist and vaguely inform me nike shoes are on sale. Which Nike shoes? There's about a hundred of them buried deep in my wishlist. What is the use of this notification? It's just a button to take me to my myntra wishlist randomly.,Myntra,wishlist
play_0112bf247ee1,playstore,Myntra (Android),https://play.google.com/store/apps/details?id=com.myntra.android&reviewId=882fa277-a4ba-451b-bae5-22f58b02183d,2026-08-22T15:54:16+00:00,"The Myntra app is allmost good,, but sometimes if you move the item in wishlist ,, after a day you see the item has increases their prices or sometimes suddenly decrease,,i don't know why?? it has app default or kuch.",Myntra,wishlist
play_66cea631c327,playstore,Myntra (Android),https://play.google.com/store/apps/details?id=com.myntra.android&reviewId=0c8fce55-7fb6-43f2-8fd0-5febaba4b5ff,2026-08-22T15:54:16+00:00,"I have been using Myntra. Bt lately I have noticed that, the app is mot working properly. The search tab, wish list tab doesn't work. Unable to search anything. Even to go the cart, I have to go via the product page. It's irritating.",Myntra,wishlist
play_d80f1424f2d7,playstore,Myntra (Android),https://play.google.com/store/apps/details?id=com.myntra.android&reviewId=6d468a6a-14d3-4f70-ac94-dc2bffe1879e,2026-08-22T15:54:16+00:00,"Clothes comparatively are well and good, delivery is also on time or even before that is appreciable but they charge you so much through what you are buying. Days ago I saw jeans I Wishlisted it that time was of 600+ some days after I again saw that to buy it was of 900+.",Myntra,wishlist
play_803537e25510,playstore,Myntra (Android),https://play.google.com/store/apps/details?id=com.myntra.android&reviewId=39956a96-1a25-49ca-8baa-1643745c9bb1,2026-08-22T15:54:16+00:00,"App is very very slow. Hangs a LOT even with the latest updates. Also, introduce a Filter/Sort option in the wishlist too. Would make things way easier instead of endless scrolling to the bottom of the wishlist.",Myntra,wishlist
play_f09dba360d2f,playstore,Myntra (Android),https://play.google.com/store/apps/details?id=com.myntra.android&reviewId=2bf7bd80-757c-4c8e-af2b-5c073c011804,2026-08-22T15:54:16+00:00,The app lags a lot...responds minutes after clicking or sometime not even responds & just gets stucked. If i need to remove something from my wishlist ...after clicking at the cross sign....it takes minutes to remove that thing,Myntra,wishlist
play_a781e55493a5,playstore,Myntra (Android),https://play.google.com/store/apps/details?id=com.myntra.android&reviewId=b510cd48-ce63-484a-9286-f75a95fcfb34,2026-08-22T15:54:16+00:00,"This new feature of showing bigger thumbnails is horrible. Half of the pics are blank and it's extremely time consuming process to open each and every thumbnail and then go back to main page, than just open what you like and wishlist or shop. Im a Myntra regular user and this star is for this major change in browsing feature.",Myntra,wishlist
play_27f50e8877ee,playstore,Myntra (Android),https://play.google.com/store/apps/details?id=com.myntra.android&reviewId=83324c6a-cab7-4290-b885-57812496aace,2026-08-22T15:54:16+00:00,"For every products I add to cart it shows not deliverable to my pincode, where for earlier order they had shipped the products to my address, now it's showing non deliverable. They had failed to show the reason behind it.",Myntra,added to cart / bag
play_fe7a8ae4f173,playstore,Myntra (Android),https://play.google.com/store/apps/details?id=com.myntra.android&reviewId=f37a6a3b-8d49-4d99-9682-722088586837,2026-08-22T15:54:16+00:00,In my Wishlist section whenever i remove unavailable/sold tops it clears one or two items only then restarts from the top of the section again instead of letting me continue to clear the tops at once.i think so their should be a single click option for removing sold items in wishlist.please solve this problem.,Myntra,wishlist
play_0b2008c5ebcc,playstore,Myntra (Android),https://play.google.com/store/apps/details?id=com.myntra.android&reviewId=57becb73-34e3-466d-a780-b323db6619d3,2026-08-22T15:54:16+00:00,The app stops anonymously.....it's so irritating . Just fix this problem....previously there were collections n like button..but now its gone....and you provide only 250 items in wishlist... try to increase it more or provide like n collection options,Myntra,wishlist
play_cd05d95ddd0d,playstore,Myntra (Android),https://play.google.com/store/apps/details?id=com.myntra.android&reviewId=bb2eab89-0346-48a4-9dfb-acd0ff66a6fd,2026-08-22T15:54:16+00:00,No offer nothing... As soon as I add something in wishlist something to buy within 1-2 days the price go up only those wishlisted products or relevant types.... Very disappointed with such greediness of Myntra... that's why I uninstalled today...,Myntra,wishlist
play_eec01011974d,playstore,Myntra (Android),https://play.google.com/store/apps/details?id=com.myntra.android&reviewId=5fc4ea88-a93d-49d5-b569-9bb218d6a0b3,2026-08-22T15:54:16+00:00,Now Myntra has introduced Beauty too along with lifestyle. But cart and wishlist has very less limit. I can't even add my favourite products there. The limit should get increased so that we can add more products.,Myntra,wishlist
play_05e3b4d2d715,playstore,Myntra (Android),https://play.google.com/store/apps/details?id=com.myntra.android&reviewId=6d35a593-c59b-4cc4-82a1-bd8c24797c39,2026-08-22T15:54:16+00:00,Not so good shopping app although there is variety of products but prices keeps on changing on the basis of your likes and wishlist. And yes that coupon trick is really annoying. Don't fool around.,Myntra,wishlist
play_e4b2993db719,playstore,Myntra (Android),https://play.google.com/store/apps/details?id=com.myntra.android&reviewId=f47fd89c-3ee8-42dd-9c51-abe34ab7551f,2026-08-22T15:54:16+00:00,"I am facing lot of issue lately with this app, i am unable to click anything on top where there is search, wishlist and cart option. It's very annoying it's been going from month now. I have to switch on other apps now to purchase.",Myntra,wishlist
play_295a69331dc6,playstore,Myntra (Android),https://play.google.com/store/apps/details?id=com.myntra.android&reviewId=7cb57b0f-da2d-4961-bed7-340b3ad907c1,2026-08-22T15:54:16+00:00,"The app is now extremely frustrating to use now. Takes ages to load, always gives errors of something went wrong, please try again. click on add to cart and it takes a very long time to get added. Very slow app. Very disappointing.",Myntra,added to cart / bag
play_ab698b658513,playstore,Myntra (Android),https://play.google.com/store/apps/details?id=com.myntra.android&reviewId=8e5f674f-1961-4dba-91d6-7aa915a9a710,2026-08-22T15:54:16+00:00,"From last 5 years I am enjoying your service. But this year end of reason sale feeling like joke to me 😅 like I have wish listed so many products from last 1 year or more than that, i thought I will buy them on this sale but you have increased the price so high that it really looking like a joke on the name of sale. Please stop promoting your platform by this celebrity you are spending so much on this marketing and advertising that your price is going high and high!!!",Myntra,wishlist
play_76f74c6916f8,playstore,Myntra (Android),https://play.google.com/store/apps/details?id=com.myntra.android&reviewId=34af49eb-787f-4023-9189-75879bd98fc5,2026-08-22T15:54:16+00:00,"App header icons (menu, search, mic, notification, wishlist and cart) are not working. No response on touch. I have uninstalled and reinstalled the app, cleared cache and reinstalled again but problem is still there. Issue is on my Redmi Note 7 Pro. Please fix it asap. I'm unable to shop.",Myntra,wishlist
play_e536ab56ffd9,playstore,Myntra (Android),https://play.google.com/store/apps/details?id=com.myntra.android&reviewId=7f3ee43a-b9e5-4982-9b82-098a336ed39b,2026-08-22T15:54:16+00:00,What is this catch the Myntra fireball nonsense. I am not able to search or see my wishlist or even order something. App always has some issues. How come the testing team is not able to identify the bugs. Horrible Engineers.,Myntra,wishlist
play_0dc6bccb88be,playstore,Myntra (Android),https://play.google.com/store/apps/details?id=com.myntra.android&reviewId=20541480-4827-4733-9ca4-361b97f819b1,2026-08-22T15:54:17+00:00,"Worst app dont purchase anything from Myntra ever. Lot of issues in this app, I have purchased an item and returned and choosed to save my money in myntra credits, but they have blocked my account nothing is showing in my wishlist and there is no balance showing in my account.",Myntra,wishlist
play_3249b6e258aa,playstore,Myntra (Android),https://play.google.com/store/apps/details?id=com.myntra.android&reviewId=c7106dd9-04ba-470b-afd8-f7626c75be27,2026-08-22T15:54:17+00:00,The app experience is good. You can't share products directly from the wishlist though 🙁. And the prices and coupons vary too much. You never know if you could've got a better deal. 🙁,Myntra,wishlist
play_4834be779962,playstore,Myntra (Android),https://play.google.com/store/apps/details?id=com.myntra.android&reviewId=bcf5b0a3-be9b-40fe-aee9-2bb9150636f3,2026-08-22T15:54:17+00:00,Something wrong when i search for dress it only show not found its not even showing my wishlist and items in the cart...what can I do? I'm not able to order anything.. Pls fix the issue asap... It's getting worse day by day . I need to uninstall it every before opening the app ... could plz fix it It's really irritating..🤨,Myntra,wishlist
play_783b757da68c,playstore,Myntra (Android),https://play.google.com/store/apps/details?id=com.myntra.android&reviewId=2bda6cb1-4ad2-4ff8-bae8-a84dee18c675,2026-08-22T15:54:17+00:00,"Don't like the new update. Loved the last update of having selection update in the shopping cart as well as having an option to specifically search for a certain category in the wishlist. Please get that back, so much easier and user friendly.",Myntra,wishlist
play_a482786ab80d,playstore,Myntra (Android),https://play.google.com/store/apps/details?id=com.myntra.android&reviewId=89a0fb58-2664-43f3-b30f-b998b24e38c9,2026-08-22T15:54:17+00:00,"Myntra is a scam!!! Although I am an insider elite, I cannot use my benefits. I have Myntra cash, but when trying to redeem and purchase a product, it vanishes, and when checking the balance, it reappears. I have wishlisted a few products to buy at the big fashion festival, the pricing was cheaper before, and Myntra increased the pricing when the festival started. I'm saying again, Myntra is now scamming people. They even lose their cool collection of clothes as they used to have 1-2 years back.",Myntra,wishlist
play_eeab9d11bedb,playstore,Myntra (Android),https://play.google.com/store/apps/details?id=com.myntra.android&reviewId=826c3cdf-988b-49e1-b216-6a9f37d9324f,2026-08-22T15:54:17+00:00,I am a very old user of myntay . I am an insider and I loved shopping from Myntra . But the recent changes in the app are terrible not at all user friendly . The search engine has been updated n it sucks doesn't let u explore fully . I am so so disappointed . I wanted to buy some hoodies and after scrolling for hours I ended up buying Nothing because the search engine is pathetic doesn't let u explore a particular brand fully like it used to be . What a downgrade myntra what a downfall !,Myntra,meant to buy
play_25580f34480e,playstore,Myntra (Android),https://play.google.com/store/apps/details?id=com.myntra.android&reviewId=73708a03-8e4e-4aaa-9355-9e58e0f6c699,2026-08-22T15:54:17+00:00,"The new update of not having the options of different items present in your wishlist is very time consuming.The previous update was so much more better and time conscious. If you want to increase consumer time on your app, better get more brands than using such irritating tricks to increase it",Myntra,wishlist
play_edc781fa1346,playstore,Myntra (Android),https://play.google.com/store/apps/details?id=com.myntra.android&reviewId=3fc84028-370a-4a21-8046-bfdab0bb0e16,2026-08-22T15:54:17+00:00,"Myntra announces sale and the time of sale your shopping bag is not opening. I thought it's a one-time problem. Now it's time of another sale, and now the app shows error and in google my wishlist is not opening at the time of goldenslot. I thought it will open after the 1 hr. Na na na, it's not. It will only opening after the sale ends... Sabash",Myntra,wishlist
play_4b1ce9f0d2f7,playstore,Myntra (Android),https://play.google.com/store/apps/details?id=com.myntra.android&reviewId=c5eebe69-30d7-4425-930e-83888404bbf7,2026-08-22T15:54:17+00:00,"Many options are not working on app. Search option is not working, can't go to Cart option directly. For anything, I have to go the categories and then select. It's really annoying. Even I can't go to wishlist",Myntra,wishlist
play_c8d09c7d952d,playstore,Myntra (Android),https://play.google.com/store/apps/details?id=com.myntra.android&reviewId=8be90804-00ef-4991-99e7-c3db7de158a6,2026-08-22T15:54:17+00:00,Wat the hell is wrong with the wishlist section. Why would you remove the sorter on the wishlist page. It was so easy to find stuff because of that. It asks you to add things to a collection but there ain't no way to find that collection again... Please fix it ASAP,Myntra,wishlist
play_9a04fbea815e,playstore,Myntra (Android),https://play.google.com/store/apps/details?id=com.myntra.android&reviewId=777a0027-e115-4005-8c09-067fecacc0fb,2026-08-22T15:54:17+00:00,"Myntra is good app but suddenly they changed their system.i wishlist something and whenever price get low in wishlist items. Size is not available,not delivered to this pin code so many excuses 😡😡 please if you want to give offers then.give to all size and all pin codes.. again every thing is not available in my pin code please check 😔",Myntra,wishlist
play_bf4291455350,playstore,Myntra (Android),https://play.google.com/store/apps/details?id=com.myntra.android&reviewId=e2f8491e-d597-4afa-abb7-f566a9d317e5,2026-08-22T15:54:17+00:00,The wishlist is completely scattered. Please bring in some features so that customers could make their own shopping lists according to their needs. This will help manage it better. We won't have to scroll down 500-1000 items to get one item. And also introduce filters for wishlist,Myntra,wishlist
play_315f7cd953d5,playstore,Myntra (Android),https://play.google.com/store/apps/details?id=com.myntra.android&reviewId=eb1a1d9b-9591-4ecf-9208-8fe7582d7991,2026-08-22T15:54:17+00:00,"there is a whole lot bugs.I ordered a frock for my sis and when proceeding to pay, the money went but i didn't get the product ordered. this was my second experience with myntra and didn't expect a loss of a 1049 bucks.I need my refund back to the account.You people really let me down.I did not see this coming. the second thing, every time i select something into the wishlist or into the bag, it doesn't get selected and there's a pop-up showing ""something went wrong.Please try again"".",Myntra,wishlist
play_2377d85c1aef,playstore,Myntra (Android),https://play.google.com/store/apps/details?id=com.myntra.android&reviewId=ec295502-251e-421d-b7f7-7fee00527864,2026-08-22T15:54:17+00:00,Exceptional logistical service. Delivery is always on time and so are the return pick ups. Never faced an issue with refunds as well. The brands available on the app are refined and have an eye catchy collection. There is no way you wont wishlist an item whenever you scroll through the app,Myntra,wishlist
play_03e12e2a6457,playstore,Myntra (Android),https://play.google.com/store/apps/details?id=com.myntra.android&reviewId=15e5f85a-8473-41ac-a6af-d073e0ec4be2,2026-08-22T15:54:17+00:00,"Never got these much disappointed with another app. This app is showing problems using the whistlist. If I wanted to put some dress or other things on wishlist, where the things should be wishlisted but the thing happen is the product would not be wishlisted and showed 'this whistlist already has maximum styles' What's wrong with you Myntra! I tried to contact service centre they be like use the latest updateed version. I'm already using it now what should I do! What's the point in being eliteM",Myntra,wishlist
play_67c36e3c1231,playstore,Myntra (Android),https://play.google.com/store/apps/details?id=com.myntra.android&reviewId=8acb6dde-7754-4b68-adb0-9dcadaaf7492,2026-08-22T15:54:17+00:00,"Indeed I love the app, but it would have been much greater if the rate of the products will be shown with added GST in main menu, and I would not have to add to cart each and every item to guess its total cost for me.",Myntra,added to cart / bag
play_d01bf6eb2136,playstore,Myntra (Android),https://play.google.com/store/apps/details?id=com.myntra.android&reviewId=dc381da1-f66b-4663-820a-e73b0c37b6bd,2026-08-22T15:54:17+00:00,"Unhappy with the in app (update) shortlisting of products it just don't work for example, I was looking for printed shirts and it shows error when ever I try to use filter to shortlist products.... It's so so irritating!",Myntra,shortlisted
play_f6b93237ec11,playstore,Myntra (Android),https://play.google.com/store/apps/details?id=com.myntra.android&reviewId=1683c5a7-59d0-41bf-80eb-020b393d3d48,2026-08-22T15:54:17+00:00,"more of the products says can't deliver at ur location. while I kept receiving it until last week. when it can't be delivered , y it shows in the list and add to cart option",Myntra,added to cart / bag
play_2d049c9671fb,playstore,Myntra (Android),https://play.google.com/store/apps/details?id=com.myntra.android&reviewId=58734f39-04d9-4f3b-9c7c-98572dec987a,2026-08-22T15:54:17+00:00,Just add to cart and wait for 5-10 minutes to see the magic. They increase price always in this short span of your decision making time. They play with human psychology of choosing a proper product in budget and wastage of time.,Myntra,added to cart / bag
play_cf55d796161f,playstore,Myntra (Android),https://play.google.com/store/apps/details?id=com.myntra.android&reviewId=b45eb518-861b-4766-b416-a0bb53f4a71d,2026-08-22T15:54:17+00:00,"Observing issue in viewing the items . This issue I am facing from today. When I click on any category of clothes I get error saying ""something went wrong"" And not displaying item in cart and wishlist.",Myntra,wishlist
play_2e1b2d4c39ef,playstore,Myntra (Android),https://play.google.com/store/apps/details?id=com.myntra.android&reviewId=bcbeda1f-461e-458a-96a8-f6323005a08e,2026-08-22T15:54:17+00:00,I have given four stars for the products one star missing due to wish list I have to go inside for wish list and search so plz make wish list to come in every page and I think myntra must give rewards for buying more by analyzing the customer so he can become a loyal customer and spend more and can analyze his buying pattern so send offers of a specific item so he can easily buy .i am business analyst in analytics .,Myntra,wishlist
play_eca0b9c762eb,playstore,Myntra (Android),https://play.google.com/store/apps/details?id=com.myntra.android&reviewId=52f8826f-e8e1-4ad2-899b-cf550559ac66,2026-08-22T15:54:17+00:00,This app now dont allow to access filter and wishlist option. Keeps on hanging. They cancel orders placed in sale. Very disappointed by myntra. This was my favourite destination for shopping.,Myntra,wishlist
play_adecd7ad29cc,playstore,Myntra (Android),https://play.google.com/store/apps/details?id=com.myntra.android&reviewId=6faddb9e-1b05-49db-959b-0d6a97233aa0,2026-08-22T15:54:17+00:00,What happened to the feature of wishlisting thing in different categories of items. Why it's not visible now and all the items from wishlist has been merged all together and I cannot only see the list of items from category like dress.,Myntra,wishlist
play_0b90c965951d,playstore,Myntra (Android),https://play.google.com/store/apps/details?id=com.myntra.android&reviewId=7daed45f-338e-4f48-a64c-32947265d11c,2026-08-22T15:54:17+00:00,"The prices of products in my wishlist increase.... And many products don't show their actual price when we are surfing or scrolling up n down,., the actual price is higher when we click on that particular product.",Myntra,wishlist
play_f829119d4924,playstore,Myntra (Android),https://play.google.com/store/apps/details?id=com.myntra.android&reviewId=b1f96221-de16-4f73-ab8d-ae62dca8d21d,2026-08-22T15:54:17+00:00,I stooped using Myntra long back. But for this sale (22nd December) i wishlist some jackets waiting for sale to buy for less prices. But to my surprise prices of these jackets got increased by 200 bucks after sale started. I mean seriously i have never seen on any website prices got increased after sale starts. Product ID : 10721016 For sure I am not using Myntra again in my life.,Myntra,wishlist
play_9e5bf5aa5727,playstore,Myntra (Android),https://play.google.com/store/apps/details?id=com.myntra.android&reviewId=7666cbde-7192-405a-b645-8af8853dec22,2026-08-22T15:54:17+00:00,updated app is not user friendly.. older version was very good..here it is difficult to segregate the wishlist.. the zoom does not work well.. I cannot directly go from Facebook to myntra to add any item to wishlist. search option is horrible.. the app gets stuck quite often..,Myntra,wishlist
play_4f559f691003,playstore,Myntra (Android),https://play.google.com/store/apps/details?id=com.myntra.android&reviewId=01384cba-a772-4944-a810-44fe839ff6ee,2026-08-22T15:54:17+00:00,worst... I never get the product in stock after adding them in wishlist... or either they are not my size.. and it's not for one particular product... but their maximum product is like this... so how can we go for shop on this app😠,Myntra,wishlist
play_81c1840f7512,playstore,Myntra (Android),https://play.google.com/store/apps/details?id=com.myntra.android&reviewId=072dd4f4-b758-497a-80a4-8104a4b985d5,2026-08-22T15:54:17+00:00,nice..but i m disappointed with two things.. One if we keep any item in wishlist for some time.. There is hike in the price of that particular item.. 2nd.. If we minimize myntra app for some time it automatically get refreshed and we have to begin the search again from the very start.. And also these days.. The clothes are coming defected and also diffrent in colors..which is disappointing,Myntra,wishlist
play_6730c2c6411f,playstore,Myntra (Android),https://play.google.com/store/apps/details?id=com.myntra.android&reviewId=9f1d2fc6-2c79-4aad-a28e-6d280e6f45a8,2026-08-22T15:54:17+00:00,"Overal great app. 1. The chat needs a fearure to resume ongoing chat. If chat with an agent is paused to check something in app, then I can't go back to the chat. 2. Sorting should be available in wishlist",Myntra,wishlist
play_6191f8d440d4,playstore,Myntra (Android),https://play.google.com/store/apps/details?id=com.myntra.android&reviewId=77ad57d1-91d6-4c44-9759-a019911ea29e,2026-08-22T15:54:17+00:00,"The app is all fine, but everytime i try to opem my wishlist, it shows ""something went wrong"". What the hell is that. Even though my internet connection is all fine. I had this problem on my previous phone, after which i uninstalled the app. But the problen repeats itself. Another is tht i was tryin to fine puma gunmetal toned minibackpack but couldnt find it anywhere even when i had wishlisted it just 2 or 3 months ago. So please look into the matter.",Myntra,wishlist
play_c49a71a2e041,playstore,Myntra (Android),https://play.google.com/store/apps/details?id=com.myntra.android&reviewId=cb80dbca-4e51-4e68-bb6c-28d0ed555aa8,2026-08-22T15:54:17+00:00,"Picture quality is good + nice UI experience Instant customer support, no payment hesitation like anywhere else. One thing i would recommend is bring more brand with Verity. And please view on stocks cause it happened to me twice .i wishlist for shoes and after one day it's gone for nearly 10 days. So please restock as soon as possible and notify when it'll available. Thank u.",Myntra,wishlist
play_467be8582c4d,playstore,Myntra (Android),https://play.google.com/store/apps/details?id=com.myntra.android&reviewId=17361f05-72ac-4edf-84c2-ff32443966f1,2026-08-22T15:54:17+00:00,"Love this app. Would give it 5 stars if you'll add more features to the wishlist. Creation of multiple wishlists so that we can categorize, features like sorting according to prices, type of item, which among the items in the wishlist have the best discount today and sorting according to it etc. Keep up the good work!",Myntra,wishlist
play_485c2e3e5b87,playstore,Myntra (Android),https://play.google.com/store/apps/details?id=com.myntra.android&reviewId=8d1c726c-034b-442d-b8ee-79f987d34c92,2026-08-22T15:54:17+00:00,"All products are good i,e,the one that i purchased are of good quality.. I just want to suggest to bring different colours of same design. And 1 thing please bring again the out of stock things because I want the earnings those I had wishlisted and please bring blazer sets for women . Tq for such a good products and services..... with lots of 💜💜💜💜",Myntra,wishlist
play_3c3babe794cf,playstore,Myntra (Android),https://play.google.com/store/apps/details?id=com.myntra.android&reviewId=61d26439-9ce5-4d5d-beab-d68d3861c4e9,2026-08-22T15:54:17+00:00,There's no such thing as SALE on myntra.the prices have been the same ever since i have shortlisted some products for their upcoming sale on 29th September. Even the old products are sold on the same price as it was few years back.,Myntra,shortlisted
play_88d35e819fb8,playstore,Myntra (Android),https://play.google.com/store/apps/details?id=com.myntra.android&reviewId=a11ae5ea-2699-4b69-887b-0b8a296920f0,2026-08-22T15:54:17+00:00,"So annoying, these guys put convinience fee of rs99 on anything bought below rs799. That's such a dirty practice to lower the visible price of products to lure consumers. The prices of products are also volatile, especially when you add them to wishlist.",Myntra,wishlist
play_87d1b5a25ee7,playstore,Myntra (Android),https://play.google.com/store/apps/details?id=com.myntra.android&reviewId=4f02cbbf-0253-4ec7-9c93-710a3e8840ed,2026-08-22T15:54:17+00:00,"Myntra is really a gambler whenever someone adds any products in wishlist or in bag Then after a while myntra increases the price of that product and thinks that people will definitely buy, but we say price matters so that's why many people leave that product and switch over to other online websites.",Myntra,wishlist
play_7d3029b1ab6e,playstore,Myntra (Android),https://play.google.com/store/apps/details?id=com.myntra.android&reviewId=af81d87c-3c71-4955-b6d1-72643e6f3b6a,2026-08-22T15:54:17+00:00,"it used to be a great app, but more features they are adding, more the old features are not working. filters are not working properly if i want to see 4 star products it is also showing 3 and 2 star. if i empty the wishlist the app crashes. and many other things are there that are not working. they should do testing thorougly",Myntra,wishlist
play_37c49d09f5fd,playstore,Myntra (Android),https://play.google.com/store/apps/details?id=com.myntra.android&reviewId=bb2cefe3-e6b0-4e2f-8086-1dbf180778f4,2026-08-22T15:54:17+00:00,"This is so strange that I am unable to save anything on my wishlist. Whenever I try to save, a message pops up ""Oops, Something went wrong!"". Please look into it and fix the issue.",Myntra,wishlist
play_a4df7960f89b,playstore,Myntra (Android),https://play.google.com/store/apps/details?id=com.myntra.android&reviewId=61a9ebae-a8d4-46b3-aa77-2edcc9883059,2026-08-22T15:54:17+00:00,Wishlist limit is only 250 n u have removed the option of adding to collections n there is no like button like before. The app has become more and more horrible. No complaints about products though.,Myntra,wishlist
play_5bf07a5c7a95,playstore,Myntra (Android),https://play.google.com/store/apps/details?id=com.myntra.android&reviewId=53232fb6-06d0-4a82-bc3a-b6421cb64387,2026-08-22T15:54:17+00:00,"App Interface(UI) Change Back Request Hey there Myntra team, I hate to break it to you but the latest UI change of the app blends in with all other e commerce app in the world. Eg: Flipkart, Amazon, Souled Store, Tata CliQ, Nykaa, Bewakoof etc. My request to you is that the only thing seperated your app from all theseapps WAS the easy FILTERING system of the WISHLIST and THE TICK system of CART. I BADLY WANT BOTH OF THESE FEATURES BACK AND I ASSURE YOU I'M NOT THE ONLY ONE WHO'S MISSING IT.",Multiple,wishlist
play_64a91a612423,playstore,Myntra (Android),https://play.google.com/store/apps/details?id=com.myntra.android&reviewId=fca147f7-a79d-436e-b6a0-fc005e4fa6b6,2026-08-22T15:54:17+00:00,I'm using this for years now. But seeing a degradation in the quality of products as well as the customer service nowadays. No proper updates on shipments like before & no response to complaint tickets as well. Closing tickets without sorting out the issues. Pathetic services to yearlong users. Especially the app is crashing too many times and functions like filters and wishlist are very unpleasant to use. Pathetic customer service too. Product gets lost while pickup and no support from them,Myntra,wishlist
play_6ad3a68ae82b,playstore,Myntra (Android),https://play.google.com/store/apps/details?id=com.myntra.android&reviewId=e0389f7d-b55a-40af-a100-8af7b5679e9d,2026-08-22T15:54:17+00:00,"The app is good.But the this is whenever I open the wishlist it doesn't work well, I mean why? I always update apps and phone as well but the problem is still there. So when I click wishlist option it displays the scroll down up thing nd it works well but when I want to watch separate things like click handbag, dress or tops section it doesn't work like the things are start showing so slow and if I click on any product to view it also showing me slow and the delete system also not working well.",Myntra,wishlist
play_3cf2d022b6af,playstore,Myntra (Android),https://play.google.com/store/apps/details?id=com.myntra.android&reviewId=2788286f-8b25-464f-b145-751e1e1389e1,2026-08-22T15:54:17+00:00,"My Myntra app just doesn't work. I am not able to browse, open my wishlist anything. This has been happening to me 90% of the time when I open the app in the past few months.",Myntra,wishlist
play_5fecd756b365,playstore,Myntra (Android),https://play.google.com/store/apps/details?id=com.myntra.android&reviewId=0d956399-f579-4ade-be88-8336f9f654b4,2026-08-22T15:54:17+00:00,"It was a good app till now but what's wrong with the update , the products in the wishlist are not shown differently . If we wanna look for a top we have to scroll the whole wishlist. It's really difficult shopping like this .❌❌",Myntra,wishlist
play_7b9ed2416fd3,playstore,Myntra (Android),https://play.google.com/store/apps/details?id=com.myntra.android&reviewId=3837b37b-3cca-4357-b8a2-b85e237eb410,2026-08-22T15:54:17+00:00,"I used to love this application and did alot shopping there, but it seems now this application has come to its worst pace. I even can't browse anything. Its getting hang always. Even item wise category from wishlist has been removed.",Myntra,wishlist
play_5b47db74793b,playstore,Myntra (Android),https://play.google.com/store/apps/details?id=com.myntra.android&reviewId=cc2f7879-a7af-431f-b372-3e7a8aa9967e,2026-08-22T15:54:17+00:00,"I have been using this app so long But nowadays app is getting worse.. I can click back button Can't open wishlist and bag .. Top portion of the app is not working.. When i contact customer service, they say uninstall and reinstall which is did plenty of times.. Now they suggest me to purchase in website.. Then why do have app for it? Worst ever .. Update - Still my issue is not yet resolved.. They gave me a fantastic reply 🤦🤦 Asked me wait untill there is next update in app 👏 Worst myntra",Myntra,wishlist
play_6f0e2940f5e6,playstore,Myntra (Android),https://play.google.com/store/apps/details?id=com.myntra.android&reviewId=d3920595-3c0b-4830-ac1e-775d2eb66e3a,2026-08-22T15:54:17+00:00,Donot increase price for dress when we add it to wishlist.. We are keeping in whishlist means we want to purchase that item for that rate or less .. Not more than that. But thank u AKS @aksdresses where awesome i loved it...,Myntra,wishlist
play_0cd105e8b847,playstore,Myntra (Android),https://play.google.com/store/apps/details?id=com.myntra.android&reviewId=2972305b-2455-4b09-a4f1-6c5c1eb9ad05,2026-08-22T15:54:17+00:00,"Why couldn't I make customised wishlist categories ? It's so annoying to find my stuff among all the other clothes in my wishlist.. . Please sir do make some catagories which we can customise like as we want.. . Like when I need a t-shirt and want to buy form your application. I'm just go to my wishlist and the t-shirt tab and buy a t-shirt which I chose some month earlier.. . But now when I have to buy something ,I have to search it again. Or have to scroll all over my wishlist . frustrating.",Myntra,wishlist
play_b149da6b17e9,playstore,Myntra (Android),https://play.google.com/store/apps/details?id=com.myntra.android&reviewId=fdf2f078-b8c1-4309-a7aa-7d240d035461,2026-08-22T15:54:17+00:00,"It is a gr8 app for shopping according to your convenience. But for past few weeks some the items which I am adding in wishlist aren't actually getting added to it, creating a lot of problem. Pls do work on this ASAP. shopping bag is also not opening,how to shop ...specially on weekends.",Myntra,wishlist
play_206fd38d4464,playstore,Myntra (Android),https://play.google.com/store/apps/details?id=com.myntra.android&reviewId=a86851d0-fbbf-4b88-ad0d-19ae005e5ddd,2026-08-22T15:54:17+00:00,Additional taxes and delivery charges are annoying but best part is it has really good products. Myntra doesn't really gives discounts and can increase the rate of the product as soon as you add the product in the bag or your wishlist.,Myntra,wishlist
play_ff7b76c30fb6,playstore,Myntra (Android),https://play.google.com/store/apps/details?id=com.myntra.android&reviewId=b3d28b28-a546-425f-9e39-b2b1bf759ce7,2026-08-22T15:54:17+00:00,"There used to be categories in the wishlist section and now the new update doesn't have it, which makes it very time consuming to search for my wishlisted products. I'm very disappointed with myntra. Please bring the feature back.",Myntra,wishlist
play_82d3683b3d1e,playstore,Myntra (Android),https://play.google.com/store/apps/details?id=com.myntra.android&reviewId=e4f9c6ea-025a-499d-886a-551c0d581b85,2026-08-22T15:54:17+00:00,"App crashes always. Unable to view the items that I added to my cart. Everytime when I browse through the collections, it shows ""something went wrong"". Really a bad experience with this app.",Myntra,added to cart / bag
play_291d4fa3c973,playstore,Myntra (Android),https://play.google.com/store/apps/details?id=com.myntra.android&reviewId=58b0bb1b-861a-42fd-89d5-0b1b8e163582,2026-08-22T15:54:17+00:00,"Well I have been using this app for almost 4 years now and i am really satisfied with the app and everything. The main USP of myntra amongst all other apps is showcasing of all the product. Just One tiny suggestion , If the developers can give options of sort and filter in the wishlist section it would be blessing for atleast me . I have 300 products in my wishlist and when i want to find something for the purchase the process of finding those product from the wishlist becomes nerve-wracking.",Myntra,wishlist
play_bf03514ad25d,playstore,Myntra (Android),https://play.google.com/store/apps/details?id=com.myntra.android&reviewId=650d5b2e-491b-4f55-a0b1-bc24a29534af,2026-08-22T15:54:17+00:00,"App was doing great for some reason I am unable to touch and open any of the upper bar icons including categories, search, wishlist, shopping bag. Annoyed!! Mobile screen touch is working absolutely fine. Please see!!!",Myntra,wishlist
play_0024b2cd447a,playstore,Myntra (Android),https://play.google.com/store/apps/details?id=com.myntra.android&reviewId=1c10250e-1a72-49bb-9360-859736f5f6df,2026-08-22T15:54:17+00:00,"I wanted to buy a product from Myntra shopping app . So I installed this app and ordered a product than the price of the product was comfortable but the delivery charges is very high 149 rs for standard delivery. And added many tax to item. So , I cancelled the product from my cart on Myntra and uninstall this app from my device.",Myntra,meant to buy
play_bcbcfbfb56d8,playstore,Myntra (Android),https://play.google.com/store/apps/details?id=com.myntra.android&reviewId=ed2ea195-609b-4b40-94c2-91fed0f729b7,2026-08-22T15:54:17+00:00,"Rating down to one star because of nonresponsiveness of the search, wishlist and other options. It's been a long time that these problems occurred but still nothing is been done to correct it. Very disappointed.",Myntra,wishlist
play_0aaeaa6a751f,playstore,Myntra (Android),https://play.google.com/store/apps/details?id=com.myntra.android&reviewId=735a37ef-70d1-45d1-8201-b43691cbe9b7,2026-08-22T15:54:17+00:00,Worst app ever in myntra there was a offer of buy one get three so tried after added to bag it show you got better offer from buy1 get 3 free. And prices of dress jumpsuits and jeans are soo costly and myntra's end of reason sale worst there is no difference prices are same worst app ever,Myntra,added to cart / bag
play_ac10e4355e96,playstore,Myntra (Android),https://play.google.com/store/apps/details?id=com.myntra.android&reviewId=15b863cf-2c88-4853-9a0d-5e8035ae3e4a,2026-08-22T15:54:17+00:00,Never expect same color as Myntra has really flashy images. Wishlist icon should be accessible form any page. Honestly written reviews are not approved so don't fall for their reviews. Return process for me was fast. Returned and got refund within 3 days. Overall 3 star.,Myntra,wishlist
play_62b5fa42f31b,playstore,Myntra (Android),https://play.google.com/store/apps/details?id=com.myntra.android&reviewId=f92b785b-d77c-445c-97ff-8c627ecf2ef4,2026-08-22T15:54:17+00:00,"App sucks now, I'm unable to login via email, when I tried phone no. And a new ac was created, I can't see my old orders, addresses, wishlist things which were added to my cart, nothing, no option to contact them either",Myntra,wishlist; added to cart / bag
play_a705934c1164,playstore,Myntra (Android),https://play.google.com/store/apps/details?id=com.myntra.android&reviewId=b19604b4-5069-4a8e-a3a8-bf84642f047d,2026-08-22T15:54:17+00:00,This app is really very good than other shopping apps . Dress and everything is of good quality . But the oy reason of giving 2 star is one item by mistake I deleted that from wishlist and now I have searched many way but I can't find that .,Myntra,wishlist
play_388b8f974e6b,playstore,Myntra (Android),https://play.google.com/store/apps/details?id=com.myntra.android&reviewId=dbd6699a-fc97-4b05-8b77-20259f8aeff3,2026-08-22T15:54:17+00:00,Myntra app service is getting worse.. Sudden my profile log out and now so much of effort to trying even change my password and everything is ok inspite of all I can't login .. Too much annoying 😤 Trying so many times but couldn't login even now.. i missed my wishlist 😓.... Old Myntra app service is good... Now I think I have to quit this app soon.. Request to Myntra team please do better your app service as I am old customer and may be this problem is not with me but facing all of us..,Myntra,wishlist
play_6a18cbf63dd4,playstore,Myntra (Android),https://play.google.com/store/apps/details?id=com.myntra.android&reviewId=24ffee70-5b1c-45f2-9b06-47ab3b421246,2026-08-22T15:54:17+00:00,I am very disappointed because nowadays your charges are raising high. No doubt you are giving the best quality product. But now I am not able to buy some item because the price go high after including the tax and delivery charge🙁🙁. As my bday is coming I really wanted to buy from you. It's my request to please decrease some price or delivery charge.,Myntra,meant to buy
play_7f8e52561a7c,playstore,Myntra (Android),https://play.google.com/store/apps/details?id=com.myntra.android&reviewId=c45c8365-73f9-469b-a08c-bf3f8d140f80,2026-08-22T15:54:17+00:00,"I used to love shopping from this app.But recently Im not able to wishlist the products and if add to the cart , not able to remove them.How am I gonna shop ,then. Something went wrong.try again keeps popping out every 10 seconds.Its just so irritating.",Myntra,wishlist
play_03624b2fbc21,playstore,Myntra (Android),https://play.google.com/store/apps/details?id=com.myntra.android&reviewId=bb417e7b-3036-4df3-869f-e296d2c03fcf,2026-08-22T15:54:17+00:00,"This app is working slow and it shows me too much costly prices the products I add to bag they charged some other fees also and the size I select to order it shows me more expensive, it showes me different sizes with different prices and the quality of the product is also not good. that is why I am not liking this app please fix my issue",Myntra,added to cart / bag
play_b08488bcf054,playstore,Myntra (Android),https://play.google.com/store/apps/details?id=com.myntra.android&reviewId=ffcc120a-814c-40b3-8dff-e950e89fe265,2026-08-22T15:54:17+00:00,What a waste of time I just downloaded this app in my mom's phone and spent too much of time in adding cloths to my wishlist and finally when I was done i went to check on them in the wishlist and it's not opening i probably am not the only one facing this problem what a bug please fix it,Myntra,wishlist
play_13315c39e892,playstore,Myntra (Android),https://play.google.com/store/apps/details?id=com.myntra.android&reviewId=3dff670e-c827-4aed-88af-ebbfd8f47d8a,2026-08-22T15:54:17+00:00,Totally fraud work by this app.... They will never return you shipping charges although you have returned their products and they can not provide an exchange at same adress if you want to. Also if you wishlist any product then price of product will be risen..,Myntra,wishlist
play_e6ca55c4ebbe,playstore,Myntra (Android),https://play.google.com/store/apps/details?id=com.myntra.android&reviewId=8f5f917f-ebd0-4034-aa7d-68bcd62ef244,2026-08-22T15:54:17+00:00,"your shopping bag section has been very slow to load after the latest update. Actions like deselect, select, move to wishlist and remove takes a whole lot of time. As much as I love the app this has been testing my patience. Please look into it. Thanks.",Myntra,wishlist
play_748be3c7b148,playstore,Myntra (Android),https://play.google.com/store/apps/details?id=com.myntra.android&reviewId=9a5d5edf-ddbc-42a9-8954-880d570fd4af,2026-08-22T15:54:17+00:00,Whenever I try to add items to wishlist ...it says you have crossed the maximum limits to add items to your wishlist ....I can't able to add items to wishlist ...also the app was good before only ...,Myntra,wishlist
play_26dea793826b,playstore,Myntra (Android),https://play.google.com/store/apps/details?id=com.myntra.android&reviewId=f16dd4c9-e875-4afb-ba33-253c555ac385,2026-08-22T15:54:17+00:00,App is not working at all.I cannot search or even se my orders or my account details.Nothing is working.Before there was categorization in wishlist which works as filter for different products.This function is also no more showing. You app is degrading.Please fix this out asap.It's just keep on hanging.Pleass fix this or I won't be able to use this and have to uninstall this.,Myntra,wishlist
play_7b5ed644d48b,playstore,Myntra (Android),https://play.google.com/store/apps/details?id=com.myntra.android&reviewId=1e4febe8-ce7a-46ec-a70a-52071176f4d2,2026-08-22T15:54:17+00:00,"Please work on the app as it gets stuck while scrolling and automatically gets closed all by itself. Also has some bugs in the wishlist page, sometimes can't even view the wishlist items.",Myntra,wishlist
play_3ab95f9c2c20,playstore,Myntra (Android),https://play.google.com/store/apps/details?id=com.myntra.android&reviewId=270a3803-b77d-4470-80b9-a8e06727ed71,2026-08-22T15:54:17+00:00,"I've ordered a couple of times on myntra, amazing discounts... the products are fairly decent and the delivery is nice and quick. To MYNTRA : Please keep me aware if there is any price drop on a product that i have wishlisted... 👍🏻",Myntra,wishlist
play_554eb657b3df,playstore,Myntra (Android),https://play.google.com/store/apps/details?id=com.myntra.android&reviewId=4babd9d7-527b-4641-bd30-0352298cb604,2026-08-22T15:54:17+00:00,You have the greatest collection through out your range and I love to buy from you but for some days I am getting a trouble in the app that I couldn't add any product in my wishlist. ☹️ It's so pathetic 😭 please try to solve this.,Myntra,wishlist
play_f577e9dfb194,playstore,Myntra (Android),https://play.google.com/store/apps/details?id=com.myntra.android&reviewId=cf6c18c0-8caa-4681-8b3d-68d72cca1010,2026-08-22T15:54:17+00:00,It will be better if there is filter and search option in wishlist also. Sometimes I find it difficult to search the item. The exchange takes a long time to get.,Myntra,wishlist
play_8e37add165f4,playstore,Myntra (Android),https://play.google.com/store/apps/details?id=com.myntra.android&reviewId=b54bdcb5-e94a-44c6-8e2f-33b80c59c603,2026-08-22T15:54:17+00:00,Vry bad experience with Myntra ....when I returned an item due to size issue ..I had a refund of rs 999 in Myntra credit..I wanted to buy something else but they never send an OTP on my number though I tried several times..They told me to uninstall & reinstall..They DD not refund my money even my 350 super coins that I earned earlier..They are total fraud and cheaters..So I uninstalled it ..I wud never recommend this to anyone anymore enough is enough..I wish I could give 0 rating 😡..,Myntra,meant to buy
play_bf61c2c0ffcf,playstore,Myntra (Android),https://play.google.com/store/apps/details?id=com.myntra.android&reviewId=463d4cfd-e5bd-430d-83ba-70546a13773b,2026-08-22T15:54:17+00:00,very Good app.. but I faced a problem that whenever I opened wishlist..and click on a product tab bohot time lgta hai open hone me aur smooth nhi hota par baki sab thik hota hai ..,Myntra,wishlist
play_0043623695fb,playstore,Myntra (Android),https://play.google.com/store/apps/details?id=com.myntra.android&reviewId=d8d31321-1f6c-4b02-bfdc-eb717c22d3d5,2026-08-22T15:54:18+00:00,FAKE OFFERS AND FAKE DISCOUNTS BEWARE!!!! I started shopping on Myntra and wishlisted some items. Firstly I saw one track at 345 and waited for sometime to add few more by my brother. At the time of checkout price was hiked to 699 and gave offer as buy 2 at 748. But we need only one item by that brand. Every time fake offers and fake discount s,Myntra,wishlist
play_4d17ea3fc361,playstore,Myntra (Android),https://play.google.com/store/apps/details?id=com.myntra.android&reviewId=12fa20dc-8ccb-4b3f-ac64-30181d2abe91,2026-08-22T15:54:18+00:00,"A product price was hiked in just 5 minutes after it was added to bag, without any notice or alert. Myntra seems to be hiking the prices as soon as it notices the person is interested in the product. This is very inappropriate and distrustful.",Myntra,added to cart / bag
play_2dc7d24d26f5,playstore,Myntra (Android),https://play.google.com/store/apps/details?id=com.myntra.android&reviewId=7a2fe594-2421-4ab7-bd85-cbb15dff606f,2026-08-22T15:54:18+00:00,"Everything is fine except for the wishlist section. Whenever I open that section, the app stops working properly, and if I want to delete an item/items, for some reason, then also I can not delete it as the app becomes slower.",Myntra,wishlist
play_7a572e404be3,playstore,Myntra (Android),https://play.google.com/store/apps/details?id=com.myntra.android&reviewId=33264b32-a840-486c-85e2-a4c0c3afd51c,2026-08-22T15:54:18+00:00,"I really love the app UI and brand also. But few days I noticed that app top navigation not working like search, cart, wishlist. First ly I thought it is my phone touching issues. But reinstall app but same issues arrived. If take care on this it will be more helpful.",Myntra,wishlist
play_f2adcc38eb2a,playstore,Myntra (Android),https://play.google.com/store/apps/details?id=com.myntra.android&reviewId=ae721455-c01e-48d2-8960-900ca67f42ff,2026-08-22T15:54:18+00:00,Products are wide ranged but the wishlist feature isn't working from few days.. and I've even reinstalled it but still there isn't any sign of improvement. Ps. Help to solve this issue.. I'm dying to shop😭🙃,Myntra,wishlist
play_60c71ac8a99f,playstore,Myntra (Android),https://play.google.com/store/apps/details?id=com.myntra.android&reviewId=46e085bb-306d-4520-8fd0-d9513edf8887,2026-08-22T15:54:18+00:00,"Like everyone else here is saying, the app isn't working well after being updated. The tool bar at the top including the search and wishlist button aren't working. Please fix this ASAP!",Myntra,wishlist
play_1f2c1d2f985c,playstore,Myntra (Android),https://play.google.com/store/apps/details?id=com.myntra.android&reviewId=f94ecb2a-6f9c-462c-9e0f-021745adea3d,2026-08-22T15:54:18+00:00,The earlier update for wishlist segregation was really nice. I don't see that in this update. The coupon codes never worked for me either the coupons are inactive or not applicable for the product. So only when I find the product in lowest price I order instead of the coupons. Please improvise on that,Myntra,wishlist
play_779b3814590b,playstore,Myntra (Android),https://play.google.com/store/apps/details?id=com.myntra.android&reviewId=fee2b1f7-fe5b-4239-aff0-12404134862b,2026-08-22T15:54:18+00:00,Not able to add more than 1000+ items to the wishlist which is so unfair. Should also provide ONE TAP option to easily clear off those out of stock items from the wishlist. Tapping for (5-6) few product is not that easy. But most of the products are of good quality.,Myntra,wishlist
play_55c0c5baf9c0,playstore,Myntra (Android),https://play.google.com/store/apps/details?id=com.myntra.android&reviewId=8b56b1b8-77b8-4d2d-9084-e22b597f9554,2026-08-22T15:54:18+00:00,I'm so disappointed to this app. Before choosing item for my wishlist they show Average price with 30 or 40 % of but after 1 night they increase the price with discount. Always take a screens shot before and save to favorite. This guy's are cheating,Myntra,wishlist
play_321b357e8a01,playstore,Myntra (Android),https://play.google.com/store/apps/details?id=com.myntra.android&reviewId=dbdbdaca-9862-4440-b73a-1687dcf2b2f7,2026-08-22T15:54:18+00:00,Hi In wishlist there was option to select the item depending on the category and it would be great if that options can be back. Also the app the freezing when I type something in search bar. Thank you,Myntra,wishlist
play_35a939fbbb6f,playstore,Myntra (Android),https://play.google.com/store/apps/details?id=com.myntra.android&reviewId=de2dd121-c95d-4aca-b665-c95eb05c804a,2026-08-22T15:54:18+00:00,"Since 14 Sep 20 there is some issue with this, my previous records are missing even those orders which are on the way for delivary are also not available in order list. Wishlist is empty, this app not accepting new order. Addresses are missing, earned points are not available. No costumer support available to help....",Myntra,wishlist
play_d8e69fd152b6,playstore,Myntra (Android),https://play.google.com/store/apps/details?id=com.myntra.android&reviewId=ef5fc65d-9e1d-4fa1-87b6-6c1b09713260,2026-08-22T15:54:18+00:00,"Never thought it from Myntra ! When you add anything to wishlist in myntra,they will suddenly increase the price and until you buy it,the price remains the same.and when you buy it, it's price becomes the half of what it was before ! Great business tactics myntra !",Myntra,wishlist
play_f5983b50247e,playstore,Myntra (Android),https://play.google.com/store/apps/details?id=com.myntra.android&reviewId=f8fc4921-8fd6-4fab-9324-049dda575f72,2026-08-22T15:54:18+00:00,"The app is making a fool of their customers. First they will show you fake offers before the time period of that offer starts and when the offer will be live they will just remove that offer. I even talked to their customer executive,they said sorry for the inconvinience but there is no such offer available. I even have the screenshots of the offer. Stop making a fool of your customers myntra. Customers are not mad that they are investing their time in wishlisting the items.",Myntra,wishlist
play_2ca2ee94d219,playstore,Myntra (Android),https://play.google.com/store/apps/details?id=com.myntra.android&reviewId=7d5517ef-0926-4d51-a88e-0e118e165956,2026-08-22T15:54:18+00:00,"After adding items to wishlist or cart, the price of the items goes high and I don't know if you're fooling us by changing the prices. *Please highly recommend do not shop on this app*",Myntra,wishlist
play_00a623352108,playstore,Myntra (Android),https://play.google.com/store/apps/details?id=com.myntra.android&reviewId=78ae521b-3b40-431b-b3bf-8816408638d2,2026-08-22T15:54:18+00:00,"Please update the wishlist as before. It was quite convenient to find items in my wishlist earlier as they were arranged in categories eg. Tops , Tshirts etc in separate sections.",Myntra,wishlist
play_26cb81d8bbd0,playstore,Myntra (Android),https://play.google.com/store/apps/details?id=com.myntra.android&reviewId=075de03c-74c4-446c-b2f5-8fc4ac25bc34,2026-08-22T15:54:18+00:00,"There is a defect, when i selected the item and added to cart it says delivery free and as sson as i entered the next page 149 delivery fee gets added and by refreshing multiple times it was getting added and removed thus took 15 mins to just order single t shirt",Myntra,added to cart / bag
play_bf94cee5a709,playstore,Myntra (Android),https://play.google.com/store/apps/details?id=com.myntra.android&reviewId=188f046b-4ecb-4872-9d7d-23317174edf5,2026-08-22T15:54:18+00:00,"This app used to be the best shopping experience. However after the latest update, it's extremely difficult. App hangs, products don't get added to wishlist and several other problems. Team, sorry, but you've gotta look into it.",Myntra,wishlist; added to wishlist
play_3fbb5484133d,playstore,Myntra (Android),https://play.google.com/store/apps/details?id=com.myntra.android&reviewId=eebfada4-a67c-49ff-b922-1133b57deec4,2026-08-22T15:54:18+00:00,"I used to like this app however i totally dislike this app now. From 3 weeks now I am not able to use Myntra app in my Androidphone. The top icons doesn't work for me like the options, notification, wishlist, cart, search button. Rest of it everything works. I've been having pathetic experience using Myntra. Please rectify this ASAP.",Myntra,wishlist
play_47b85a6c0fac,playstore,Myntra (Android),https://play.google.com/store/apps/details?id=com.myntra.android&reviewId=809ebf7a-896d-477f-9800-e32140c705fb,2026-08-22T15:54:18+00:00,"I once wishlisted a jacket whose original MRP was 1999 and the offer given was 699 and a couple of days later its original MRP went upto twice its initial MRP which is now 3999 and the offer given was 2499.. They are just cheating on people.. Its products are stylish and comfortable no doubt, but the also problem is that its shipping charges are high.. If you buy a product of 1500 you need to pay 1700.. Kindly change these procedures.. Satisfaction of customer concerns too..",Myntra,wishlist
play_310d8f68dcce,playstore,Myntra (Android),https://play.google.com/store/apps/details?id=com.myntra.android&reviewId=92c5c08f-4c57-484c-a5b3-a9f2e747bbbc,2026-08-22T15:54:18+00:00,"My wishlist is not opening, been trying since yesterday. It keeps buffering. Rest of the options get opened , except the wishlist! So I'm not able to place the orders. Please fix it",Myntra,wishlist
play_bde356b15cae,playstore,Myntra (Android),https://play.google.com/store/apps/details?id=com.myntra.android&reviewId=92d713e5-e899-4d51-9e30-9ff06e3631f6,2026-08-22T15:54:18+00:00,"I've been a user of Myntra for the past 5 years...this is the first time Myntra has disappointed me. Your app is not functioning at all....Nothing on the top part of the app works...so I can't search , I can't open my wishlist or even go to cart. Using Myntra has been such a hassle now so I don't even try using it. Very disappointed!",Myntra,wishlist
play_6d6a72b9e3cc,playstore,Myntra (Android),https://play.google.com/store/apps/details?id=com.myntra.android&reviewId=a30b5b7f-10e9-4b6a-85f4-684c50465077,2026-08-22T15:54:18+00:00,I have purchased many items from myntra but first time Im seing a error from ur side I wanted to buy a crocs footwear and I select 8 size and in results there are clogs which has no 8 size. If you dont have the correct item then dont show anything.,Myntra,meant to buy
play_2111b29d3aee,playstore,Myntra (Android),https://play.google.com/store/apps/details?id=com.myntra.android&reviewId=30ce04bd-ca84-4e31-bfd0-746e27df0f41,2026-08-22T15:54:18+00:00,Unable to use Myntra Android app since yesterday. For starters the wishlist and shopping cart is unaccessible. Most of the tabs with discounts on specific brands also remains unaccessible.,Myntra,wishlist
play_ed7fd0ac1f1d,playstore,Myntra (Android),https://play.google.com/store/apps/details?id=com.myntra.android&reviewId=5d63c486-414d-4444-93eb-f7e586600b77,2026-08-22T15:54:18+00:00,"The items in wishlist showing different price rather than actual price have to pay. Also, wishlist items getting moved to out of stock even when it is in stock, this is happening vice versa.",Myntra,wishlist
play_b534a2401eea,playstore,Myntra (Android),https://play.google.com/store/apps/details?id=com.myntra.android&reviewId=cbbaa1a4-6457-4e63-a444-b173ed2f90fa,2026-08-22T15:54:18+00:00,Over all the application works fine without any issue at all but sometimes when I try to add product in the cart it shows that due to technical problem I am unable to do so...and its difficult to remove products from the wishlist too.,Myntra,wishlist
play_cfac3fc3af89,playstore,Myntra (Android),https://play.google.com/store/apps/details?id=com.myntra.android&reviewId=f3052d96-1995-4571-b781-a968a743198a,2026-08-22T15:54:18+00:00,The application was good before not sure if any changes have happened becoz wishlist section doesn't have filter option now and that's kind of removing one of the best feature in time. Please get it back.,Myntra,wishlist
play_5e1b9cd4b92b,playstore,Myntra (Android),https://play.google.com/store/apps/details?id=com.myntra.android&reviewId=3638d880-1c00-4dff-acdd-efebbdc61455,2026-08-22T15:54:18+00:00,"I wishlisted many clothes. Now, I am unable to see its categories. How could I make a new category because I have more than 500 clothes in the wish list? The latest version of Myntra really sucked. Now, it's difficult to search for a favourite cloth to order.",Myntra,wishlist
play_e6523dafe5f0,playstore,Myntra (Android),https://play.google.com/store/apps/details?id=com.myntra.android&reviewId=3716566f-b139-41da-a805-3ae52dbcf51d,2026-08-22T15:54:18+00:00,"I don't understand suddenly I'm not being able to open my wishlist while I'm on main page and also search styles and products, it's been quite a few weeks and I've uninstalled the app now.",Myntra,wishlist
play_fa0cd6c4025d,playstore,Myntra (Android),https://play.google.com/store/apps/details?id=com.myntra.android&reviewId=9937cd84-1c88-43e4-b984-c14febaf5219,2026-08-22T15:54:18+00:00,I'm not able to recover my account money that was added in your Myntra account they are telling me we are sending request to your email but there is no email from Myntra...i became frustrated and deleted Myntra app. After that re installed Myntra but this time they are saying email account is already used ..u took my money and all my wishlist ...now please delete my email from your app,Myntra,wishlist
play_b86a8f169fc9,playstore,Myntra (Android),https://play.google.com/store/apps/details?id=com.myntra.android&reviewId=1ce6f91a-e7a8-4e23-b027-d6282944c4c0,2026-08-22T15:54:18+00:00,When you select some products and take some time to shortlist more products you just increase the price of the previously selected products that's worst experience I find everytime so I skip buying from myntra some times that's your loss.,Myntra,shortlisted
play_16a969366dec,playstore,Myntra (Android),https://play.google.com/store/apps/details?id=com.myntra.android&reviewId=0dcc3208-1349-4b13-ba9d-c9a86d2fe551,2026-08-22T15:54:18+00:00,"fashion collection – Good variety of clothing, shoes, watches, beauty products, and accessories from brands like Nike, Puma, and H&M. Frequent discounts & sales – Events like End of Reason Sale (EORS) are popular for big discounts. Easy-to-use app – Smooth browsing, size filters, wishlist, and personalized recommendations. Fast delivery in many cities – Especially for metro and tier-2 cities. Generally genuine branded products – Most buyers trust Myntra more than unknown fashion websites",Myntra,wishlist
play_9edbfd952551,playstore,Myntra (Android),https://play.google.com/store/apps/details?id=com.myntra.android&reviewId=d24ee911-c1e6-4067-956c-8795024e4579,2026-08-22T15:54:18+00:00,"Hi myntra technical team , overall is good searching,add to cart , simplify search and find , but I have suggestions: This application should be work in low data condition, or should take low data preferences or if possible than it shall be working offline, I think in 2023 it is possible that e-cart website can run offline , where at least we can see the product, shortlisted the items , add those into the cart when it comes to payment section than it is need of internet.",Myntra,shortlisted; added to cart / bag
play_502dda18850b,playstore,Myntra (Android),https://play.google.com/store/apps/details?id=com.myntra.android&reviewId=46d75e74-a5b7-4a5c-9add-f94a2a855244,2026-08-22T15:54:18+00:00,"I am shopped here from a long tym, show different rate while wishlisting and different rates while shopping .but now m going to be irritated....... And deliverey service is yawkkkkk, ultimately pathetic app.",Myntra,wishlist
play_18fc3059d3bd,playstore,Myntra (Android),https://play.google.com/store/apps/details?id=com.myntra.android&reviewId=88a360e5-c614-4b66-bb19-e914438ad997,2026-08-22T15:54:18+00:00,They raise the price as soon as product is added to cart.... No privilege or coupons are given to old and regular customers.... Most of the coupons are applicable only for few rubbish stuffs.,Myntra,added to cart / bag
play_45e90fc582b8,playstore,Myntra (Android),https://play.google.com/store/apps/details?id=com.myntra.android&reviewId=47bf9963-abf6-40c0-a0c4-4a574dedc4b7,2026-08-22T15:54:18+00:00,Good collection but app experience is pathetic. Very slow to download the wishlist. UI is poor. When trying to create new collection doesn't create collection after adding the several items from infinitely slow loading wishlist. Planning to uninstall as app makes shopping experience boring.,Myntra,wishlist
play_427b5e3bf541,playstore,Myntra (Android),https://play.google.com/store/apps/details?id=com.myntra.android&reviewId=92738a7b-9018-4f33-b346-b70ed0a06fea,2026-08-22T15:54:18+00:00,"Hello my Myntra team!! I had a really bad experience with choosing the products. There is not, even, a single product from international brands like chanel, Saint Laurent, Celine and Dior. I wanted to buy a chanel necklace but it doesn't have it. I really want to avail these products and the designs,prices, quality are not satisfying and style is so outdated and boring. Please make sure to avail these so that we can wear what our favourite actors wear.",Myntra,meant to buy
play_228eeec49255,playstore,Myntra (Android),https://play.google.com/store/apps/details?id=com.myntra.android&reviewId=9ca41710-93e0-4a29-8417-236f18224a5b,2026-08-22T15:54:18+00:00,Myntraa i request to u I like one product a lot but it's out of stock now😔💔 I want that product.. There's a smartwatch of Fire bolt in pink colour added in my wishlist i want to purchase thatt purchase thatt product 😭😭 Please restocked it.. Decrease it's pricee i want that product badlyyy😭😭 I wouldn't purchase any other watch than it i loved that watch butt it's out of stock...I waitt and checked everyday but🥺 Hopee u read me review...,Myntra,wishlist
play_baab5235afc3,playstore,Myntra (Android),https://play.google.com/store/apps/details?id=com.myntra.android&reviewId=88dbbd21-ceb6-42fb-87d5-97af73c48ec0,2026-08-22T15:54:18+00:00,"Very upset as my app isn't working properly it has stopped showing my orders and my wishlist, I am unable to track my orders 😢etc even after working a lot to revive it, as directed by team myntra..",Myntra,wishlist
play_14f6bb7f2414,playstore,Myntra (Android),https://play.google.com/store/apps/details?id=com.myntra.android&reviewId=946ea3be-3288-42e1-84f5-0d6db2d5a7d1,2026-08-22T15:54:18+00:00,"Yesterday morning I put some products in my bucket list for shopping, when I saw this morning, the price of those bucket list products was increased by 20 to ₹ 30......whenever you put a product in your wish list, seeing their price, etc., their prices have increased the next day.This is wrong .......",Myntra,wishlist
play_c17bf4df9b80,playstore,Myntra (Android),https://play.google.com/store/apps/details?id=com.myntra.android&reviewId=8be30623-6a35-480c-a3dd-5f37be174ec8,2026-08-22T15:54:18+00:00,It is below expectations. From 20 days they haven't resolved my query even they don't talk on phone. If I add something in wishlist next day they increase the cost of that product.,Myntra,wishlist
play_0b005fce42cc,playstore,Myntra (Android),https://play.google.com/store/apps/details?id=com.myntra.android&reviewId=64366e73-327b-4100-b75c-bcb653bf64b4,2026-08-22T15:54:18+00:00,"I dont what is the problem with myntra....price fluctuates so much. Everyday price changes.Atleast maintain a decent amount of stability in prices.Yesterday i saw a tshirt priced 300 and today i saw it was 420. What just happened in one day that i made a difference of 120 rupees. This is why i dont like shopping with myntra. I m facing this problem from many years, i add something in wishlist and if i see it after one day the price rises.Think about your customers Dont just think about profits.",Myntra,wishlist
play_a7f43197a7e8,playstore,Myntra (Android),https://play.google.com/store/apps/details?id=com.myntra.android&reviewId=7fa610ec-4d91-47ad-b85e-ca5dbb444b20,2026-08-22T15:54:18+00:00,"The best shopping app and the best part is that it have all the trendy things(whether it be footwear, clothes or accessories) I love shopping here or I should say in my free time also I love viewing products and adding them to my wishlist 😘😘",Myntra,wishlist
play_040975507351,playstore,Myntra (Android),https://play.google.com/store/apps/details?id=com.myntra.android&reviewId=1e064553-d8a0-449d-b4a9-1dd7d74b08bb,2026-08-22T15:54:18+00:00,"This app needs a huge restart/an update, the app doesnt run smoothly at all, it gets stuck or suddenly closes and if i want to remove certain products from my wishlist its glitches a lot and takes forever to move apart from that they do have huge collection of trendy clothes compared to other apps but this problem has been since way too long now and most of them are complaining about it and no updates given on that and if the app doesnt run smoothly who even wants to use it.",Myntra,wishlist
play_4c6d50f134c4,playstore,AJIO (Android),https://play.google.com/store/apps/details?id=com.ril.ajio&reviewId=8b8af732-352b-48ba-8bfc-4d85707fd2a6,2026-08-22T15:59:44+00:00,"The interface is bit boring to begin with, no customer reviews, and we can barely save 50 products in our wishlist unlike other apps which lets us wishlist 500-1000 products. There's no exchange, the items won't get exchanged on any addresses, you have to return the item, then place another order, which will also take another platform fee. Such a scam. It's so hassling to order. That's why people seldom order from this app. This app is a nightmare to be sure.",AJIO,wishlist
play_4a19f036c4d0,playstore,AJIO (Android),https://play.google.com/store/apps/details?id=com.ril.ajio&reviewId=f392ab92-049e-4e8e-b0b6-abdf07d34672,2026-08-22T15:59:44+00:00,"Poor wishlist experience. Many items added to my wishlist frequently show as out of stock, and there is no clear indication of when they will be available again. It is frustrating to save products for later and then find that they cannot be purchased. AJIO should improve stock management and provide restock notifications for wishlist items.",AJIO,wishlist; added to wishlist
play_422380feda78,playstore,AJIO (Android),https://play.google.com/store/apps/details?id=com.ril.ajio&reviewId=ef906c03-c5c8-4da3-9be5-c6dfaad77f98,2026-08-22T15:59:44+00:00,"Ajio, I want to ask you something, is the capacity of maximum 70 wishlist item justified? Who in this world has advised you guys to to keep the maximum wishlist capasiti of 70 item only. Really are you guys serious??? In other websites one can save 1000 and above and sometimes unlimited items in the wishlist.",AJIO,wishlist
play_8bc8683c418b,playstore,AJIO (Android),https://play.google.com/store/apps/details?id=com.ril.ajio&reviewId=f5e0360c-1cf0-44d2-9afe-b08920746f5c,2026-08-22T15:59:44+00:00,Hi.. I've been using this app for a long time.. I always purchased from Ajio every month or atleast 2 months once since I installed. I have more items in the wishlist previously but recently if I wishlist more items then the last items in the wishlist disappears. I already lost so many dresses in my wishlist bcoz of this issue..so pls take this as a priority and fix this sooner or did you set a limit to the wishlist? apparently I now only have 100 items. Couldnt add more than 100 it seems,AJIO,wishlist
play_9bc67673f229,playstore,AJIO (Android),https://play.google.com/store/apps/details?id=com.ril.ajio&reviewId=ea336303-fcdd-4031-9017-17573d2c120d,2026-08-22T15:59:44+00:00,"I've been getting the same error for a while now. I wanted to buy a few things, but every time I open a product, I run into the same issue. it shows ""opps something went wrong "",not sure what's causing it, but I think the IT team should look into it and fix the problem. I really want to attached the ss of that but unfortunately I can't.",AJIO,meant to buy
play_4e566b3aab1b,playstore,AJIO (Android),https://play.google.com/store/apps/details?id=com.ril.ajio&reviewId=e1598e62-2928-474a-979f-9e1a328112f3,2026-08-22T15:59:44+00:00,"I have had a disappointing experience with the AJIO app lately. It is slow, and the app does not function properly during normal use. Navigating through product pages is difficult, and the app often becomes unresponsive. Adding items to the wishlist or cart does not work smoothly, and payment issues make checkout unreliable. Overall, the app needs major improvement in speed, navigation, and stability to make shopping easier and more convenient. p. s. I'm using the latest version",AJIO,wishlist
play_fc62f726bd2e,playstore,AJIO (Android),https://play.google.com/store/apps/details?id=com.ril.ajio&reviewId=e05b6d4b-e8e0-434c-a615-4a3f475a08c8,2026-08-22T15:59:44+00:00,"please add ""buy now"" option for the products, each time when I want to buy a single product, I need to move all the products in my cart to wishlist (or remove them), so please add direct ""buy now"" option for product page just like other ecommerce platforms.",AJIO,wishlist
play_2ae8409d0df5,playstore,AJIO (Android),https://play.google.com/store/apps/details?id=com.ril.ajio&reviewId=86f6d472-f1d4-4dbf-b463-ab7bfa028146,2026-08-22T15:59:45+00:00,"I am not even talking about viral, highly-hyped products. Everyday, regular clothing items are permanently listed as ""Out of Stock"" on Ajio. You spend time browsing, shortlisting, and adding items to your wishlist, only to find everything unavailable when you try to checkout. This app relies entirely on false hype. They lure you in with great pictures and discounts, but never actually have the inventory to back it up. This terrible user experience completely kills customer trust.",AJIO,wishlist; shortlisted
play_1fe51c9dfbf9,playstore,AJIO (Android),https://play.google.com/store/apps/details?id=com.ril.ajio&reviewId=363db8e8-65c1-4090-ab4a-4143dccca354,2026-08-22T15:59:45+00:00,"I had liked some items in the wishlist but whenever I look at it, only half the wishlist is visible and the old listed items are not visible. Please improve this issue in your app because in such a situation Sometimes I suddenly feel like ordering from some old listed items and the item is missing because the list itself is half shown Also please send the same product and quality as shown in the picture and most importantly please provide the option of image review so that we can carefully order",AJIO,wishlist
play_6c3ff2f3e224,playstore,AJIO (Android),https://play.google.com/store/apps/details?id=com.ril.ajio&reviewId=592c6ace-d8a5-4ffb-ac3f-d8d625dcffa5,2026-08-22T15:59:45+00:00,"the wishlist is basically limited and if u add more to it, the old ones gets deleted from the wishlist. i wish they had atleast informed in the app that it's limited wishlist or like sent message if the wishlist is full, but the app has no such feature, and now it's very frustrating as I can't buy what I wanted to buy from my wishlist.",AJIO,wishlist; meant to buy
play_d1e136649f18,playstore,AJIO (Android),https://play.google.com/store/apps/details?id=com.ril.ajio&reviewId=24260cca-7a77-45f8-8ec7-53c44e0ed4d7,2026-08-22T15:59:45+00:00,"i haven't ordered from here yet so idk about that, but primarily I use it to surf around and wishlist my preferred choices....and I HATE THE WISHLIST OPTION OF AJIO. I wish they'd change or modify it! cuz wdym I can only wishlist a selected number of items...and adding more would just vanish the earlier ones! then what's the point of a wishlist!",AJIO,wishlist
play_6d98994956b7,playstore,AJIO (Android),https://play.google.com/store/apps/details?id=com.ril.ajio&reviewId=5b4d6da1-67ca-4985-bf22-6b1a75a3039f,2026-08-22T15:59:45+00:00,your app is so slow n lagging where i add product in cart or wishlist it takes to much....time worst experience ever,AJIO,wishlist
play_144da1562c69,playstore,AJIO (Android),https://play.google.com/store/apps/details?id=com.ril.ajio&reviewId=8b264c8e-2701-4644-83fd-0664e653c44c,2026-08-22T15:59:45+00:00,"i can't believe this from ajio ,u removed my past wishlist items .I can see my recent wishlist items only ,as I add wishlist items the past wishlist items are removing it's very frustrating .no proper customer support for this",AJIO,wishlist
play_3fe10e152a65,playstore,AJIO (Android),https://play.google.com/store/apps/details?id=com.ril.ajio&reviewId=e1dd8870-d3d2-4e10-a302-7f992ed815ba,2026-08-22T15:59:45+00:00,"Bad experience with the courier partner specially with the shadowfax. Wishlist has issue showing blank. At a time of processing order asking for ""Add Address"" which is already added. Worst experience from last couple of months. Now App load issues",AJIO,wishlist
play_dbe307dd640d,playstore,AJIO (Android),https://play.google.com/store/apps/details?id=com.ril.ajio&reviewId=2a9486db-c8e6-4c27-a1fa-5ea62a2f3d27,2026-08-22T15:59:45+00:00,Very poor app experience for me. whenever i see an item in my wishlist it just goes to the start of my wishlist no matter where we were. it gets annoying after a while just to even look at all the items in the wishlist. i have been waiting for a long time thinking they might fix it.,AJIO,wishlist
play_9c7051838ccf,playstore,AJIO (Android),https://play.google.com/store/apps/details?id=com.ril.ajio&reviewId=919e3c29-5632-497e-af9c-3cc6d1616d2d,2026-08-22T15:59:45+00:00,"Shopping experience fine, but UI/UX not fully compatible for Google Pixel 10 phone. Search function, Wishlist and Shopping Bag not accessible, food for thought for your Tech Team.",AJIO,wishlist
play_28c3838c2c49,playstore,AJIO (Android),https://play.google.com/store/apps/details?id=com.ril.ajio&reviewId=e4bc3f56-a839-41c9-a9c1-dc227e68562c,2026-08-22T15:59:45+00:00,"Unable to access my wishlist ""error body is null, access is denied, unauthorized error"" Update: it's been more than 3 months since I'm unable to access my wishlist and at time even ordering from my account becomes inoperable. Even after many e-mails back and forth there has been no resolution. Deeply disappointing.",AJIO,wishlist
play_86e2605c4d97,playstore,AJIO (Android),https://play.google.com/store/apps/details?id=com.ril.ajio&reviewId=844e87a7-0fcc-46d5-95bf-a1c39d9d1664,2026-08-22T15:59:45+00:00,"My wishlist just disappeared from nowhere...like what the hell? How can that happen. I enlisted the products after so much research to buy, and it's just gone in one second. When I was trying to pay for some it showed 'oops payment failed', even for COD! Very disappointed! Would not buy from AJIO ever! To your reply: it removed all the products! Not just initial ones or to maintain 50 and stuff...just so you know!",AJIO,wishlist
play_aa0b21ed2034,playstore,AJIO (Android),https://play.google.com/store/apps/details?id=com.ril.ajio&reviewId=ae322543-260c-4420-8788-422db517166c,2026-08-22T15:59:45+00:00,Very poor customer service and shopping experience. They will cancel the product after weeks of not delivering and taking the money. Our money will be stuck in the account and they won't even address that. Shows coupons when added to cart but we won't be able to make payment for that because the app will crash and then when we relpads the app will refresh the amounts. When reached out to the customer service with the screenshot they were stalling and giving stupid excuses and measures. Pathetic!,AJIO,added to cart / bag
play_d482e81452d5,playstore,AJIO (Android),https://play.google.com/store/apps/details?id=com.ril.ajio&reviewId=6de7ff74-fe30-4fdb-8ba2-d33c2f64da96,2026-08-22T15:59:45+00:00,"Recently I don't know what has been updated in this app, but whenever I try to open it takes forever in just loading the home page and then gives an error message, even after trying multiple times, the app doesn't start, I tried reinstalling and updating also but nothing worked. Also one more thing that I dislike is it automatically deletes my wishlist after some time, the purpose of wishlist is that you can easily shop those items directly whenever u want, but no use of wishlist here!",AJIO,wishlist
play_e717bfffde3c,playstore,AJIO (Android),https://play.google.com/store/apps/details?id=com.ril.ajio&reviewId=57d74736-b6e1-4458-950a-de644c644774,2026-08-22T15:59:45+00:00,"The wishlist function of this app irritate me a lot. I don't know what's wrong but i think it allows upto a particular limit to wishlist products. If i add more items, the past items in wishlist from below disappear. This is really getting on my nerves. please do something about it.",AJIO,wishlist
play_69f47c80f335,playstore,AJIO (Android),https://play.google.com/store/apps/details?id=com.ril.ajio&reviewId=eaa63e1c-aeb5-4ef6-9782-902a40e00783,2026-08-22T15:59:45+00:00,"Hello AJIO Team, I would like to suggest an improvement in the wishlist feature. When I scroll down and open a product from the bottom of my wishlist, after pressing back, the app takes me to the top of the list. It would be very helpful if the app could return to the same position where I left. This would save time and improve the user experience. Thank you.",AJIO,wishlist
play_b6588d5ae02e,playstore,AJIO (Android),https://play.google.com/store/apps/details?id=com.ril.ajio&reviewId=ed974273-0bf9-4359-a570-01f9e0dc2076,2026-08-22T15:59:45+00:00,everything is great but items from my wishlist keep disappearing as I add more! please fix this issue,AJIO,wishlist
play_603c8b138076,playstore,AJIO (Android),https://play.google.com/store/apps/details?id=com.ril.ajio&reviewId=6992efc5-3fb3-483c-8396-10de7f15c0b6,2026-08-22T15:59:45+00:00,"I can't see the images in the wishlist and bag, cleared cache multiple times and tried installing and uninstalling app multiple times. please help",AJIO,wishlist
play_180153d42672,playstore,AJIO (Android),https://play.google.com/store/apps/details?id=com.ril.ajio&reviewId=d2a22374-dbef-45e0-965c-a6f856f763a8,2026-08-22T15:59:45+00:00,after few minutes of wishlist item the price is very different very cheap app....,AJIO,wishlist
play_2686cc4a0fbc,playstore,AJIO (Android),https://play.google.com/store/apps/details?id=com.ril.ajio&reviewId=f017e344-3f68-4e0b-bd8f-1bcfef1bba2c,2026-08-22T15:59:45+00:00,"App with lots of bug, Customer care section will never have any update, wishlist section deletes on its own, No check or reminder on item already selected in bag or purchased, lot of price fluctuations makes u feel cheated. order gets cancelled if u are Lucky to book at less price. No tracking of coupon in the app. AJIO Delivery and tracking is just worst. Data is shared with third party platforms like facebook and Google without consent.",AJIO,wishlist
play_adace82be10d,playstore,AJIO (Android),https://play.google.com/store/apps/details?id=com.ril.ajio&reviewId=7e417668-f04d-47e4-bb2a-01d7d1812170,2026-08-22T15:59:45+00:00,"The app is decent but has had a problem with the number of wishlist products since inception. Automatically removes products from Wishlist,so where is the customer's choice?I don't know why but maybe there is a limit of number for wishlist so if you add some more products to wishlist you lose some of your previous wishlist products.Do fix this.",AJIO,wishlist
play_6a09e6bd864e,playstore,AJIO (Android),https://play.google.com/store/apps/details?id=com.ril.ajio&reviewId=6f06d0ac-0b1e-4672-ba44-9d0d7b4b44d1,2026-08-22T15:59:45+00:00,"I am unable to place a new order. I can navigate the app otherwise, put products in cart and wishlist but the moment I am going to place an order a prompt shows saying ""sorry you can't place a new order"". I wonder why! They have already blocked an account prior to this without giving any reason for it and they don't want to activate that account as well. And now another account has issues like this.",AJIO,wishlist
play_9b1d4e59399a,playstore,AJIO (Android),https://play.google.com/store/apps/details?id=com.ril.ajio&reviewId=fd678331-f33b-4024-a453-8d1cb8308be5,2026-08-22T15:59:45+00:00,My experience has been fine but please add a notification option that notifies is when items in our wishlist have been restocked it's a real hassle to buy stuff from wishlist when not knowing whether item is in stock or not and when it is it's not in the right size so please fix this,AJIO,wishlist
play_03e0e9124a0e,playstore,AJIO (Android),https://play.google.com/store/apps/details?id=com.ril.ajio&reviewId=9d07816a-efc9-479b-abc5-7bb013b9c0ec,2026-08-22T15:59:45+00:00,The processing of the app is very very slow. The customer service management is worst. All products in the wishlist are not shown whether out of stock or in stock. The only thing which is good about Ajio is that you get products at good rates then our shopping apps. The app always shows error. People can't even shop properly.,AJIO,wishlist
play_e96fa4c82e73,playstore,AJIO (Android),https://play.google.com/store/apps/details?id=com.ril.ajio&reviewId=1f4c82f8-ab82-4969-947b-81db51e4caa8,2026-08-22T15:59:45+00:00,"there was otp and severe login issues, verification of wallet money is a very stupid idea, as it failed few 20 plus tries. also please check this when I go back to a product in wishlist then it goes to top 1 and I have to scroll down again a very waste of time",AJIO,wishlist
play_dc3bcb9156b1,playstore,AJIO (Android),https://play.google.com/store/apps/details?id=com.ril.ajio&reviewId=4e1d49c3-8539-4e04-b4c2-3c5cd04f81c1,2026-08-22T15:59:45+00:00,"I love Ajio... Am an avid shopper from this application... Thee bestt clothes, hassel free service at mind blowing price. I hardly write review for any app but had to put in some good word. The only issue that I have with the application is it's limited wishlist... Whyy!!! Every other competitors gives you unlimited wishlist... and there is so much to shop from here but every time I come back to my wishlist my stuff is missing and have to again look for it... I wish you can just fix that plsss!",AJIO,wishlist
play_f8ea18661c8f,playstore,AJIO (Android),https://play.google.com/store/apps/details?id=com.ril.ajio&reviewId=719a4c7f-0735-4c8f-9d5f-bc3a7c53acd1,2026-08-22T15:59:45+00:00,The app is not working at all. Always showing some error. Running slowly. Not showing any updates. After placing orders also it not showing any updates about the order. Money debited from account but no information about the order. And regarding the customer service the worst customer service ever. The wishlist section never working properly. Always under error only.,AJIO,wishlist
play_428e46203eed,playstore,AJIO (Android),https://play.google.com/store/apps/details?id=com.ril.ajio&reviewId=b472b363-8d34-4a57-8610-513a5ecc61ef,2026-08-22T15:59:45+00:00,"App needs lots of improvement. 1. The wishlisted items vanish from the ""wishlist"" section after every few months without even asking if you want to remove that product from wishlist or not. Even if it goes out of stock, it should be mentioned in the wishlist section as most of the online shopping apps have that feature. 2. Filtering options and results of searched products should be more specific.",AJIO,wishlist
play_8c5f106201ae,playstore,AJIO (Android),https://play.google.com/store/apps/details?id=com.ril.ajio&reviewId=bae6e01a-6588-4dad-b7ad-ade827631f75,2026-08-22T15:59:45+00:00,They have amazing and unique collections... but the only one upsetting thing is that almost all of the products on my wishlist are out of stock.then how can i purchase on the hotest sales...😔 and also they takes a lot of time to deliver the product as compared to other shopping apps.that's why it's not to use for an urgent need...🤦‍♀️😠.is there 100 % of refund amount to the bank or only 90%and the remaining 10% as ajio points...🙄??,AJIO,wishlist
play_e82627863813,playstore,AJIO (Android),https://play.google.com/store/apps/details?id=com.ril.ajio&reviewId=90ecd7a5-a100-4482-9e18-5e621d651cb9,2026-08-22T15:59:45+00:00,Worst application i have ever seen. There is always an error and all times the application is buffering. And almost all good products is always out of stock or not available in small or medium size. In my wishlist 99% products have out of stock. The customer service is also so weak. Almost all the services are bad. if you provide the same service not a single customer buy from you.,AJIO,wishlist
play_c0a3dee82ac1,playstore,AJIO (Android),https://play.google.com/store/apps/details?id=com.ril.ajio&reviewId=3187f9fe-3c7e-4fef-81e4-5b327ca547bf,2026-08-22T15:59:45+00:00,"The site is very pathetic, want to give negative rating. Every time u open the app, it shows the error. I think the sale is just for sake, you guys don't want to sell the products and just to attract customers. Neither wishlist nor the products you wish to see gets open on time. It takes lots of time. Please improve ur website and then announce Big bold sale 🙏",AJIO,wishlist
play_d9f5deb927f6,playstore,AJIO (Android),https://play.google.com/store/apps/details?id=com.ril.ajio&reviewId=5c1fb0dc-41a1-4884-ab0f-ced72d296024,2026-08-22T15:59:46+00:00,"I cannot add anything to my closet anymore and I can't even view the old ones. It's getting extremely frustrating and inconvenient for me to keep track of what I want to compare and shortlist. I understand the 50 product limit, but my entire closet should not have been cleared. I tried to reach out to the feedback team about this issue (multiple times in the last two days) but the email couldn't be delivered. Extremely disappointed.",AJIO,shortlisted
play_37ba489522be,playstore,AJIO (Android),https://play.google.com/store/apps/details?id=com.ril.ajio&reviewId=8b7ea8eb-c1d3-4bf1-87d4-a0ce9e159e2e,2026-08-22T15:59:46+00:00,Shortlisted items are keep on going to out of stock. I assume Ajio is doing it deliberately.,AJIO,shortlisted
play_1431b4576094,playstore,AJIO (Android),https://play.google.com/store/apps/details?id=com.ril.ajio&reviewId=7544bd17-d627-458c-b381-002f7302c46f,2026-08-22T15:59:46+00:00,Something needs to be done regarding the wishlist. Initially the issue was that the app by itself deleted old items from the wishlist once it crossed a certain number. But now it's not even loading any of the products that you have added. It's so annoying when you spend hours together sorting items and adding them in your wishlist and then nothing gets displayed.,AJIO,wishlist
play_7fcad76a94d6,playstore,AJIO (Android),https://play.google.com/store/apps/details?id=com.ril.ajio&reviewId=44388d5a-88e6-4145-a821-f5d91f294ff4,2026-08-22T15:59:46+00:00,"TF!? Wishlist/Closet for items are limited (50 items). Automatic delete program of initial items, Lmao. Real Funny! Dude. Aug 2024: Come on it's been 2 years since I last wrote the above review. 1.Still there is no change in wishlist storage limit 2.The app lags while searching, low performance 3. No COD available, what? This platform is always gonna be 2nd/3rd option if there is no changes made.",AJIO,wishlist
play_ea0b06fb1f53,playstore,AJIO (Android),https://play.google.com/store/apps/details?id=com.ril.ajio&reviewId=5cf6b1cb-dc16-4ad6-96f7-19fabd2a0799,2026-08-22T15:59:46+00:00,Editing my review because there is no other option to report issues. Got stuck in cart page. There are some products shows offer when added to cart it shows price updating pop up. Now I am neither close the popup nor remove the product from cart. Customer care service is worst. Am using ajio for almost three years never faced such a issue. First of all why they change the price while adding to cart.,AJIO,added to cart / bag
play_68e176811af4,playstore,AJIO (Android),https://play.google.com/store/apps/details?id=com.ril.ajio&reviewId=266bd836-6c26-449a-8f7e-02d01931ea71,2026-08-22T15:59:46+00:00,There's something wrong with the app. I cannot seem put anything in my wishlist or edit my account. I checked my network strength- all good on that end. It's getting frustrating to even open the bag to check the items. Please do something.,AJIO,wishlist
play_ae7a55c9e454,playstore,AJIO (Android),https://play.google.com/store/apps/details?id=com.ril.ajio&reviewId=00a2362c-20a9-42c0-af68-0211781a3294,2026-08-22T15:59:46+00:00,"I have no complaints except few, those are, most of the wish listed items go missing, limited collection, I want to see more options from high grade ethnic brands. Otherwise I have no bitter experience till date. All the products were timely delivered, return/exchange was very easy. once the delivery boy was very rude to me and to my utter surprise they (Ajio team) took the matter very seriously. KUDOS for that.",AJIO,wishlist
play_9adba6cc05aa,playstore,AJIO (Android),https://play.google.com/store/apps/details?id=com.ril.ajio&reviewId=a2381d58-608a-4001-a98c-0d0608be6cac,2026-08-22T15:59:46+00:00,"Please do something to make it right. You can't keep a sale or various offers in the app when it's not even working properly. I can't even see my wishlist or cart. The second it appears and the other second it just shows ""oops, something went wrong."" Please do something before the sale ends.",AJIO,wishlist
play_fbfa37a38b25,playstore,AJIO (Android),https://play.google.com/store/apps/details?id=com.ril.ajio&reviewId=2b49c891-495a-470a-99ec-cfcf9bb25ee1,2026-08-22T15:59:46+00:00,Disappointing. Bad quality product. Customer service is bad infact there is no customer call at all. Worst service. The automated call keep coming to you even after you return the product. The products you add to bag does not show up and something went wrong.. message will appear. Don't waste your time.,AJIO,added to cart / bag
play_7790de83af81,playstore,AJIO (Android),https://play.google.com/store/apps/details?id=com.ril.ajio&reviewId=f4a4012d-2fdd-44bd-a9ed-6758fa756605,2026-08-22T15:59:46+00:00,I just love using this app. The products here are always great in quality as well as price point but the only problem I'm facing is the products that are out of stock never came back like I had wishlist a jacket and a trousers for more than 4 months but it never came back in stock. It just pissed me off. Other than that I love this app. Please fix the problem as soon as possible.,AJIO,wishlist
play_33fecd8384ea,playstore,AJIO (Android),https://play.google.com/store/apps/details?id=com.ril.ajio&reviewId=d3067f65-5f3a-4dd5-a5fe-f3c77d92fbc8,2026-08-22T15:59:46+00:00,"Not able to see wishlist, not able to see orders, not able to add any item to wishlist or place an order. This is happening for me from so many days and I uninstalled it. Today again wanted to check if the issue is resolved but no. I can also see Toast messages, which has exception error messages. I don't know how this is app is getting QA passed. Uninstalling it again.",AJIO,wishlist
play_ff33e003c4fc,playstore,AJIO (Android),https://play.google.com/store/apps/details?id=com.ril.ajio&reviewId=4751e739-548e-45f1-aaff-e73af5793a94,2026-08-22T15:59:46+00:00,At the time of sale they make fool of us anything we wish list aur add to bag after few moments they make the item out of stock aur increase the price in my case I have selected 4 items and I am trying to buy them but what they are doing they make item out of stock one by one sometimes 2 items sometimes 1 item and this going on and 2 weeks were passed and till now also it is not resolved and also it was my first experience on ajio(a very bad experience of😤) I thought myntra never dissapoint me.,Multiple,wishlist; added to cart / bag
play_1546c8527afb,playstore,AJIO (Android),https://play.google.com/store/apps/details?id=com.ril.ajio&reviewId=f5ef7594-2560-474d-9010-05cc94ea9165,2026-08-22T15:59:46+00:00,"1.Whenever we open any product to review in the wishlist, upon returning, the list resets to the starting point, making it time-consuming to scroll down again. 2.You need to increase your Wishlist count to more than 100 products, and also enhance the cart count. 3.Kindly provide more details about the product, especially expensive watches.",AJIO,wishlist
play_b42e2c3355ad,playstore,AJIO (Android),https://play.google.com/store/apps/details?id=com.ril.ajio&reviewId=47c19228-cc2f-4232-94c4-539f6754a40b,2026-08-22T15:59:46+00:00,"I've wishlisted few items in 5 months ago, where my required size is not available. Till now now there is not update of stock. It's 6th month I've been waiting for a stock. I was not able to understanding, due to lack of analysis, customers are getting disappointed and loosing the customers. Very disappointing.",AJIO,wishlist
play_d0ce8b4f2191,playstore,AJIO (Android),https://play.google.com/store/apps/details?id=com.ril.ajio&reviewId=8809ac9f-2487-4198-9f9a-c5285f65658a,2026-08-22T15:59:46+00:00,"I personally love the collections in Ajio. The discounts offered are great compared to other sites. Majority of the times you can rely on the quality of the products as well, highlight will be the products and clothes of their in house brand. But the only issue for me is the limit of products that we can wishlist. Would be really wonderful if Ajio team can increase the limit of the products that can be wishlisted.",AJIO,wishlist
play_518f192d2aa4,playstore,AJIO (Android),https://play.google.com/store/apps/details?id=com.ril.ajio&reviewId=0a307c1e-16fe-4f39-a3a3-e6ff10e145e6,2026-08-22T15:59:46+00:00,The latest app and mobile browser are extremely frustrating. Nothing loads. For every search result it shows no products found. It doesn't show any items in your wishlist even though you're logged into your account. You can only seem to browse on a desktop. Really inconvenient.,AJIO,wishlist
play_1769d6e29d14,playstore,AJIO (Android),https://play.google.com/store/apps/details?id=com.ril.ajio&reviewId=baf9366e-5c68-4035-aa99-ef50d79662f4,2026-08-22T15:59:46+00:00,Pathetic reception on app. Every week wishlist disappear or reduces without any reason. Navigation is worst as filters changes by itself. Stock out always. We add with stock available but either it is pushed out at checkout or cancelled by app later on order. Supporting home grown app doesn't mean we should suffer along. App developer... Wake up.,AJIO,wishlist
play_35dcb62dfa12,playstore,AJIO (Android),https://play.google.com/store/apps/details?id=com.ril.ajio&reviewId=f628d048-86c8-453e-84d9-865dd20f0f5e,2026-08-22T15:59:46+00:00,"Most idiotic shopping application ever used. It shows me buy 1 get 3 free. When added to cart. The bill is added up of all four items. The worst experience you can ever imagine. Reliance is getting worse second by second. I could have attached images it that was possible. Frustrates users. Time waste utter time waste. Order Skechers once size 8 received 10. Thanks for wasting time giving me the worst user experience. Tbh meesho is far better, Myntra is far better, yeah shopsy is far better. FU",Myntra,added to cart / bag
play_c7014a494eac,playstore,AJIO (Android),https://play.google.com/store/apps/details?id=com.ril.ajio&reviewId=dbe62684-35bd-4202-ba18-9f72a3fa60e0,2026-08-22T15:59:46+00:00,"I earlier rated it 5 star but now I am editing my review because now AJIO's behaviour is not that good to their costumers. When we go to wishlist section from bag section then wishlist started from starting, not from the point we left it. And now they are charging fixed 79(delivery charges) +19(Fulfillment charges) whether you order more than 1199. Earlier order above 1199 was free of cost.",AJIO,wishlist
play_3d618de44f2f,playstore,AJIO (Android),https://play.google.com/store/apps/details?id=com.ril.ajio&reviewId=d7afb877-323d-4423-9309-369d7355b2dd,2026-08-22T15:59:46+00:00,1. Horrible 😡 Chate with customer care option is not available!!! Like others apps has😖 2. Prices of products increases by 150-300 after added to wishlist!!! Why? 🙄 3. Product not packed even after 3 days of order placed 🫤 4. Delivery time 22-25 days...other shopping apps are better man!!! delivers in week only or even faster 5. No pics by customers of their bought products 🤨,AJIO,wishlist; added to wishlist
play_ddaeac9d7ca2,playstore,AJIO (Android),https://play.google.com/store/apps/details?id=com.ril.ajio&reviewId=4b4dda2d-1528-4078-8a44-e9e52fce21d6,2026-08-22T15:59:46+00:00,"Bad (just too damn bad!) The worst online shopping app I've seen till date! Will never use it shop online ever again! Because the product I ordered had gone out of stock, they conveniently sent another product from my wishlist. What BAD SERVICE is this!!??? Will RECOMMEND TO NEVER GO FOR THIS USELESS APP!...IT JUST SUCKS! I've been trying to get in touch with the customer care team for 2 days but all in vain.",AJIO,wishlist
play_746731190584,playstore,AJIO (Android),https://play.google.com/store/apps/details?id=com.ril.ajio&reviewId=e12b401b-ed8e-46ee-8eba-9386cf216414,2026-08-22T15:59:46+00:00,"There were offers and there are offers that show up on the main page. I tried to order something from my wishlist. Unfortunately, the app isn't working properly. Says ""Something went wrong"" on whichever product I click that's in my wishlist or even if I try finding it. I tried uninstalling and install it again, successfully login in. Yet, the same issue persists. Very poor experience. Poor customer satisfaction.",AJIO,wishlist
play_d73bcb8a2e93,playstore,AJIO (Android),https://play.google.com/store/apps/details?id=com.ril.ajio&reviewId=5fa82d66-8629-45a6-99aa-e38f4739822e,2026-08-22T15:59:46+00:00,"Very poor service west my time poor quality service delivery is delayed and slow compared to the competition. App interface is also an issue. It doesn't scroll smoothly, and if you are browsing saved items, then going back will start from the top page. Mostly products now having no exchange no return option. If you are looking for branded clothes, then it's better to shop directly from the brand's website or app.",AJIO,saved items
play_29fb94952204,playstore,AJIO (Android),https://play.google.com/store/apps/details?id=com.ril.ajio&reviewId=a322ec8b-b204-4453-a6b2-dd64b8d15f9d,2026-08-22T15:59:46+00:00,Good products at great prizes and timely delivery. I ordered 4 products and three arrived earlier.. but the app should be well maintained.. always loading problem even with good network.. always interuppted while browsing for products... Have never experienced such problems with any other shopping app.. see to that. I can't see all the items in wishlist. Only the recent 50 items are shown. Fix the bug.,AJIO,wishlist
play_f7b07cec1319,playstore,AJIO (Android),https://play.google.com/store/apps/details?id=com.ril.ajio&reviewId=fc80b63d-f09a-4f62-a372-1bb6e149150c,2026-08-22T15:59:46+00:00,"Same issue still there even after all these years--- provement at all! Even after a years facing same issues of scrolling all the way from start after coming back from any product page!!! ----- Whenever we're in wishlist and go into any product to see it more and comes back into wishlist, it starts from the top of the list always!! And now we have to scroll down to the product we were seeing again and again! It's becoming so frustrating experience and it kills the mood for shopping at all!",AJIO,wishlist
play_d483107c74f2,playstore,AJIO (Android),https://play.google.com/store/apps/details?id=com.ril.ajio&reviewId=079443dc-c4ec-40b8-b081-33f6ca948da4,2026-08-22T15:59:46+00:00,"I am unhappy on how the items saved in ur wishlist gets automatically removed after sometime . There is no notification/alert message shown if no of items that can be added in wishlist is full and u can't add more items, plus it's totally frustating when ur favourite selected item gets removed from wishlist automatically. Apart from that filters in app are not very easy to use .",AJIO,wishlist
play_5e72fc1874ec,playstore,AJIO (Android),https://play.google.com/store/apps/details?id=com.ril.ajio&reviewId=ecccbbd0-4ca9-4535-9c06-0244dcf25c2c,2026-08-22T15:59:46+00:00,actually it don't desrve a single star also😑..very disappointed...many issues are there first of all mostly the items get out of stock when I've confirmed the order or added to bag...delivery is very very late...and at the top of all irritating thing is when i add the product in the next second it will show out of stock...improve these first genuine issues🥵😡😡,AJIO,added to cart / bag
play_0837d9c182f8,playstore,AJIO (Android),https://play.google.com/store/apps/details?id=com.ril.ajio&reviewId=da02389b-9955-4045-aec9-91ee06ab1a9f,2026-08-22T15:59:46+00:00,I don't know what is wrong with this app. it's crashing frequently and also the items which I wish listed are being deleted if I add more items. if there is any limit then it should not allow us to add items. It's really annoying me and I uninstalled it successfully.,AJIO,wishlist
play_36099456e9c8,playstore,AJIO (Android),https://play.google.com/store/apps/details?id=com.ril.ajio&reviewId=7c742db6-c53f-472d-ba48-18b203dcf4fd,2026-08-22T15:59:46+00:00,Can you increase your wishlist size? so we can access old clothes which we have put early for better deals. so just increase the SIZE OF WISHLIST and dont set any limit for that. So we can put 100s of cloth in wishlist so whenever the nice discount will get so that time we can do nice shopping. So increase your wishlist size. And dont put any limit to dump the clothes in wishlist.,AJIO,wishlist
play_292979459bcc,playstore,AJIO (Android),https://play.google.com/store/apps/details?id=com.ril.ajio&reviewId=71708705-c01a-4cc3-bf12-7df74059ad2c,2026-08-22T15:59:46+00:00,"I love ajio but , wishlist many things but most of the items get disappeared and wishlist part is really disappointing and frustrating in ajio app. How can u expect customers to buy if wishlist is not good.we are losing our loved things simply. Even if iam sharing them like multiple items via whatsapp there is a link being created. I was happy for that and after days again the link says expired. Tooo much disapponting. Please dont expect us to shop if there is no proper wishlist.",AJIO,wishlist
play_f58586418f8a,playstore,AJIO (Android),https://play.google.com/store/apps/details?id=com.ril.ajio&reviewId=6deddef2-0c42-4284-aec6-be3f227e43d4,2026-08-22T15:59:46+00:00,I had money in my ajio wallet but now it says I don't have..it shows that payment has been made through the wallet but I haven't used the wallet cash yet !!! Also my wish list is empty now.. I had so many products selected for future but everything in vain ! This app has many bugs and it's high time you guys fix it.,AJIO,wishlist
play_138d09a9da21,playstore,AJIO (Android),https://play.google.com/store/apps/details?id=com.ril.ajio&reviewId=662ed208-e83e-4f49-ba5f-ec1b7112d43e,2026-08-22T15:59:46+00:00,"There is defect in the app . I'm not able to open the cart and getting the error ""Sorry, you can't place a new order"" and just blank white screen is there instead pf listing , while wishlisting the products getting error of max 20 allowed item. Since cart is not displayed I'm not able to delete the products from cart as well",AJIO,wishlist
play_07ff97e002f4,playstore,AJIO (Android),https://play.google.com/store/apps/details?id=com.ril.ajio&reviewId=7ade0ca3-1422-48f4-9f4c-1838d23a1d20,2026-08-22T15:59:46+00:00,"The Ajio deval team needs urgent attention on this bug. The main page fails to load, displaying a system error message with terms like ""exception"" followed by symbols like hash, underscore, and asterisk I remember, it appears especially on the ""wishlist"" tab. Despite recent updates, these issues persist, making the app unusable. Please address and fix this promptly to restore functionality back to normal. Issue still persist. Email sent alongwith the screenshots as suggested. Kindly check.Thnx.",AJIO,wishlist
play_1e705a14142a,playstore,AJIO (Android),https://play.google.com/store/apps/details?id=com.ril.ajio&reviewId=03610e9d-373e-4d67-b159-de66a30e7f48,2026-08-22T15:59:46+00:00,Everything I wishlist goes out of stock...and remains out of stock it never get restocked I just don't know why..... I have waited for 3months for the restocked but it never come into. Stocks..I just don't understand if you people don't have to restock of sell things and is there a app available for it..,AJIO,wishlist
play_372f08638a7f,playstore,AJIO (Android),https://play.google.com/store/apps/details?id=com.ril.ajio&reviewId=9d38976a-3098-4bed-aa4c-9ee12c11cfa0,2026-08-22T15:59:46+00:00,My wishlist is gone in the app.why??and sometimes. It's getting very slow.customer rating option is not there in the app.please update so that the all customers will know how was the product..they can review that and they can buy it.why these option is not there in the app till now...why minimum 500 words i have to write here...it's a good app...some are very reasonable cost you will find.but suddenly why my wishlist is gone i don't know...we will see from many days and we will select the produc,AJIO,wishlist
play_fb53cf0b7e5d,playstore,AJIO (Android),https://play.google.com/store/apps/details?id=com.ril.ajio&reviewId=5b609f6c-4f8e-4648-9fc9-8ed63cc2d86c,2026-08-22T15:59:46+00:00,It's very worst application which takes your lots of time ...and main problems is that when u add anything in your cart or wishlist they increase rate of that product immediately ...and they add very lowest prices things ...but actually it is out of stock ....I realized this same problem 3 to 4 time ...and finally I decided to uninstall this app ... please be aware ....and good thing is only that they provide good quality ....and same as application ...,AJIO,wishlist
play_c359b4f24faa,playstore,AJIO (Android),https://play.google.com/store/apps/details?id=com.ril.ajio&reviewId=4a086cb8-73b1-423c-a4aa-ebb0686fe20b,2026-08-22T15:59:46+00:00,"1.Bring address change option before shipping of products. It is difficult to cancel the products and order them again just for the sake of address change. In the meantime the offers/price change may occur. 2. Wishlist section is worst, when you scroll and open any item and go back to wishlist it resets to top items.",AJIO,wishlist
play_d87da4276e36,playstore,AJIO (Android),https://play.google.com/store/apps/details?id=com.ril.ajio&reviewId=ff2b84c4-2fdd-4e84-9ee9-a483c9fc772d,2026-08-22T15:59:46+00:00,"First..rename your app as ""Oops! Something went wrong"" coz this is what I get to see each time I want to check out my bag or check wishlist. Second..give a rap on knuckles of your app developers coz their right hand doesn't know what left is doing. Items not available but can be added to bag. Coupons don't apply. App hangs so frequently that ""Oops msg"" can be seen more than anything else. Probably, this is Murphy at work..because it's not necessary that everything with a JIO in name has to work",AJIO,wishlist; added to cart / bag
play_fc66b716883c,playstore,AJIO (Android),https://play.google.com/store/apps/details?id=com.ril.ajio&reviewId=12679400-e84d-441b-a397-49dabccf7b67,2026-08-22T15:59:46+00:00,"Initially the app was so good but the lastest update has made the app slower. Half of the items saved are not there in the wishlist section anymore and while going through the wishlist, it always starts from the top everytime I view some item and it ends mid-way and sometimes it shows that my wishlist is empty.",AJIO,wishlist
play_a0f5008098e5,playstore,AJIO (Android),https://play.google.com/store/apps/details?id=com.ril.ajio&reviewId=d0535d75-ea95-4fc4-aee1-35ca8b1fdad6,2026-08-22T15:59:46+00:00,"Right now I am about to uninstall this app Most useless application ever... In yesterday's sale, I could not buy a single item and the same thing happened in the last sale, that day I thought it might be a network issue but not the application itself. # Gets out of stock before add to cart. # When you do not have to give a chance to buy the item, then why do you open the sale? #Whenever the sale notification comes and we open the app to do shopping,the application does not work.",AJIO,added to cart / bag
play_c08c02fc5672,playstore,AJIO (Android),https://play.google.com/store/apps/details?id=com.ril.ajio&reviewId=541bd387-82c6-46cb-82e9-fdf627cc2947,2026-08-22T15:59:46+00:00,The items that I added in my wish list are disappearing. Sometimes the price also increases on some items. It's frustrating to see such high prices on the ones that were low before. Please fix these issues.,AJIO,wishlist
play_9c451039097b,playstore,AJIO (Android),https://play.google.com/store/apps/details?id=com.ril.ajio&reviewId=d65cc2ce-4fac-450a-886f-c1e4963a668d,2026-08-22T15:59:46+00:00,"I've had mixed experience with this app. Happy with the quality of the products delivered but sometimes it takes a bit long to deliver the items. The app isn't allowing me to update email address- It throws an internal server error while trying to update the email. Also lately, it isn't allowing me to open the wishlist which either displays something went wrong or throws an error - Illegal state exception.",AJIO,wishlist
play_cf5454429ba2,playstore,AJIO (Android),https://play.google.com/store/apps/details?id=com.ril.ajio&reviewId=681b074e-eb7e-47a8-9c8b-c5d4285fbb25,2026-08-22T15:59:46+00:00,"You guys really need to work on this app and especially on filters. The worst app i ever has used. I haven't ordered anything yet because the app gave me so much disappointing impression , i wanted to buy some sportswear but after selecting the sportswear tab it shows me sarees, earrings, sandles, purse etc., This is so frustrating.",AJIO,meant to buy
play_b93a86130864,playstore,AJIO (Android),https://play.google.com/store/apps/details?id=com.ril.ajio&reviewId=1738e013-a306-458d-baac-58be0ce8321f,2026-08-22T15:59:46+00:00,"Pls help I had soo many things in my wishlist and they all vanished and when I m trying to add something to my wishlist it will say ""product already in wishlist "" but when I open my wishlist all items just vanished and it says wishlist is empty and also pls tell if there's a limit to wishlist the app is otherwise very Good I ordered many things and I received all on time except for 1 item",AJIO,wishlist
play_3d9cbbbbd459,playstore,AJIO (Android),https://play.google.com/store/apps/details?id=com.ril.ajio&reviewId=bb6ded9c-02ef-4440-a7e6-619af73dfc33,2026-08-22T15:59:46+00:00,"Can someone help me out? I cancelled my order and put the items again in my bag through re-order option in Order screen. But since then I cannot access my bag as it's giving ""Oops something went wrong"" message. I also tried moving to bag from wishlist which gave me ""Connection reset"" error. I tried logging out and reinstalling the app also clearing cache. But nothing seems to work and I can't place an order.",AJIO,wishlist
play_7d43aa850620,playstore,AJIO (Android),https://play.google.com/store/apps/details?id=com.ril.ajio&reviewId=8d1c3ccc-86ba-4f06-a073-9a0e9f972eea,2026-08-22T15:59:46+00:00,"I mean so much of Investment in to the development of an app, yet delicate details are missed , if you go inside the wishlist -> click on the wishlist item and then go back.to wishlist , the wishlist points back to the first item on your wishlist and do not start from where it was last scrolled. Total wastage of time.",AJIO,wishlist
play_03926d721067,playstore,AJIO (Android),https://play.google.com/store/apps/details?id=com.ril.ajio&reviewId=7a19b95d-57f7-43f5-a789-baf067c28a3a,2026-08-22T15:59:46+00:00,"At least restock the products. Here is reply- There are e few products in my wishlist, which are out of stock kinda since ever so any sale and all is of no use to me, would be appreciated if they're stocked soon. Thank you But again I can't have more than 50 products in wishlist, to add up new ones I'd need to remove already added products. Anyway thanks for all the concern.",AJIO,wishlist
play_1dcfb7d98e7e,playstore,AJIO (Android),https://play.google.com/store/apps/details?id=com.ril.ajio&reviewId=c260221a-f5dd-4c03-b29d-f3bf18ad7999,2026-08-22T15:59:47+00:00,"The wishlist size must be increased or else atleast we must get a pop up message that the wishlist is full. Because when we add items to wishlist and go back to do the final selection, half of the collections will be already wiped off. Developers must try correcting this issue.",AJIO,wishlist
play_dae5223862aa,playstore,AJIO (Android),https://play.google.com/store/apps/details?id=com.ril.ajio&reviewId=f3febb8a-a096-4bef-97f7-bf209b92acd1,2026-08-22T15:59:47+00:00,My problem is with the wishlist. The wishlist has some limits i think. When i add new items the older items get removed from the list. Also when i view an item which is somewhere in the middle of my wishlist and press back button the screen goes again to the top of the wishlist. Not where i stopped and it's really annoying.,AJIO,wishlist
play_70cec229b630,playstore,AJIO (Android),https://play.google.com/store/apps/details?id=com.ril.ajio&reviewId=62b7af60-dfd4-4003-a2e5-7c1405b80105,2026-08-22T15:59:47+00:00,"Offers and delivery is good. But the product aren't detailed well. Especially watches, most of the sizes are wrong & minimal detailed. Clothes & Shoes aren't very detailed. Wish list size is very less. After adding few items, it'll reach maximum & won't show the old items that are added.",AJIO,wishlist
play_761447b5c85e,playstore,AJIO (Android),https://play.google.com/store/apps/details?id=com.ril.ajio&reviewId=87084b22-365a-46a5-aa23-c9d0906517ce,2026-08-22T15:59:47+00:00,"Very much disappointed. I am unable to access my wish list and my bag. It is always saying "" Pls try after sometime"". And to the worst case, one of the item in my previous order is missedout in package. I am not able to even register complaint from the app regarding this. Send an email to ajio customer care. Got a reply that they would get back within 48 hrs. But thy didn't get back even after multiple followups. Ididn't expect this type of experience from Ajio since its my favourite app before",AJIO,wishlist
play_1035a8417b1c,playstore,AJIO (Android),https://play.google.com/store/apps/details?id=com.ril.ajio&reviewId=a7746957-a8a0-46f2-857d-42c5558431bb,2026-08-22T15:59:47+00:00,The stocks would remain out for eternity... There is no clause of replenishing them.. everytime you want to order half of your wishlist would remain out of stock... And when you finally decide to buy anything fitting in a coupon.....the shipping page is unable to load.... And ofcourse the app is too slow,AJIO,wishlist
play_7f6ef38342bc,playstore,AJIO (Android),https://play.google.com/store/apps/details?id=com.ril.ajio&reviewId=af163e55-1376-4398-854a-f76dd2dd40dc,2026-08-22T15:59:47+00:00,"Totally third class app mostly the sizes of the products are unavailable and they are also unable to maintain their stock . Their stock doesn't comes for 2-3 months while on the other apps like Flipkart, meesho and Amazon they are really good in maintaining their stock and designs. Really pathetic make ur wishlist and wait for 2- 3 months for stock and then delete ur wishlist 🙏",AJIO,wishlist
play_6e5caec47121,playstore,AJIO (Android),https://play.google.com/store/apps/details?id=com.ril.ajio&reviewId=b6ad1eef-5730-49b6-bd43-bee84f1ee9b3,2026-08-22T15:59:47+00:00,"The quality of products are good. But you have made this app a disaster!The items are never restocked. Why do u even keep it in the list if they are not available.The wishlist is always gone. When checked the cart after some time it shows error!! Why do we have to provide you with an error.Clearly from the multiple reviews haven't you guys got this yet that your app has some issues. Though the quality of goods u provide are good or best I can say, your app is ruining the overall experience.",AJIO,wishlist
play_f8a68cc645ba,playstore,AJIO (Android),https://play.google.com/store/apps/details?id=com.ril.ajio&reviewId=c2e0c88c-695b-4c0c-9de2-22b898ed281f,2026-08-22T15:59:47+00:00,"This is the worst app. I was adding some products in my wishlist or bag then it says ""This product is already in your closet"" and when I open my closet there was nothing. Ajio don't even deserve this one star. I recommend all of you to not to use this app. This is only trippin' us with its eye catchy product and when its time to add it in your bag it says there is nothing in your bag! Such a waste of time ¯\_ಠ_ಠ_/¯",AJIO,wishlist
play_bbef0695a55b,playstore,AJIO (Android),https://play.google.com/store/apps/details?id=com.ril.ajio&reviewId=a04d4138-3e3f-4a9d-98da-26cbc88bae20,2026-08-22T15:59:47+00:00,The 7.4.9 version is very slow and inefficient. I cannot access my wishlist or bag. There's a sale and I'm unable to order my products. I keep getting 'please try again' notification when I'm about to place an order,AJIO,wishlist
play_bd65d1979b26,playstore,AJIO (Android),https://play.google.com/store/apps/details?id=com.ril.ajio&reviewId=366927bf-3834-4673-8fd4-0e614b2e1b8b,2026-08-22T15:59:47+00:00,"This app is not working. Whenever I try to open any item, this give error message 'Oops something went wrong'. Not able add any item in my cart or wish list. Reinstalled so many time but..... Total waste. Online website is also not working. Not able to log-in in website.",AJIO,wishlist
play_f9f4b1f513a9,playstore,AJIO (Android),https://play.google.com/store/apps/details?id=com.ril.ajio&reviewId=8b5eda78-539c-430d-b09c-5957eb2d2998,2026-08-22T15:59:47+00:00,"No improvement at all! Even after a year facing same issues of scrolling all the way from start after coming back from any product page!!! Whenever we're in wishlist and go into any product to see it more and comes back into wishlist, it starts from the top of the list always!! And now we have to scroll down to the product we were seeing again and again! Please fix this glitch in your next update! It's becoming so frustrating experience and it kills the mood for shopping at all!",AJIO,wishlist
play_fb9827896b05,playstore,AJIO (Android),https://play.google.com/store/apps/details?id=com.ril.ajio&reviewId=1310011d-adbe-4a2c-8f96-c8cbdfe6753d,2026-08-22T15:59:47+00:00,"Worst app ever in google playstore. Spent entire half day to select items, after selecting bag is unable to open and some of the items shows out of stock but in wishlist it's price hiked. Ajio your algorithm is very weak , i could have done it better than you.My humble request you to all please don't install it or if you had uninstall it.",AJIO,wishlist
play_a96f37946f82,playstore,AJIO (Android),https://play.google.com/store/apps/details?id=com.ril.ajio&reviewId=b9acb875-cef0-472f-83fe-7e068149d186,2026-08-22T15:59:47+00:00,"The app never works during sale ! Not able to add/check cart/wishlist, unable to order/ cancel order etc. The worst ever app I have seen. They never respond on customer care number, so if you are having trouble, it is never ending type of experience.",AJIO,wishlist
play_623b945658a9,playstore,AJIO (Android),https://play.google.com/store/apps/details?id=com.ril.ajio&reviewId=0100a155-ab44-4d3a-822f-b983106aa0fb,2026-08-22T15:59:47+00:00,"Two requests so plz add that features 1st one we can't able to add many items in wishlist and 2nd one,in bag if some items are out if stock we need move to wishlist only so if remove option is there it will be easy to remove why because if my wishlist if full in can't able to move if I move to wishlist some products will be removed automatically wich I made already wish sooooo the impact is same.",AJIO,wishlist
play_7da61cc927c3,playstore,AJIO (Android),https://play.google.com/store/apps/details?id=com.ril.ajio&reviewId=a69a26ca-dd2f-4c9c-aa56-d62b422121a4,2026-08-22T15:59:47+00:00,"The reason for which I have gave only 1 star is because the price is too cost $999 so it is very costly I searched some kurtis when I saw the prices is too costly I uninstalled it immediately and all the kurtis which ever I have seen is too costly so... My wish is that pls make it cheap atleast $ 300, 400 under it is very costly I wanted to buy it the design looks like very beautiful ❤️ I really love it but due to cost I am not able to buy. Thanks Regards---- Teresa Muqita",AJIO,meant to buy
play_1ddbfac23c16,playstore,AJIO (Android),https://play.google.com/store/apps/details?id=com.ril.ajio&reviewId=ba3f1adf-f887-44eb-886d-d705fa09c664,2026-08-22T15:59:47+00:00,It used to be one of the best shopping apps but now I feel it's gotten a lot worse. The wishlist is a problem and so is applying coupons. Also there is no way you can add or check a review. Myntra is a better option I guess.,Myntra,wishlist
play_f955c9355740,playstore,AJIO (Android),https://play.google.com/store/apps/details?id=com.ril.ajio&reviewId=de0ecc09-6c97-446c-a3ae-20fd73ce2561,2026-08-22T15:59:47+00:00,"App crashes when ever there is any sale. Can't be able to open wishlist and add products to cart to buy.it says something went wrong.. if you can't keep your servers upgraded and manage traffic during sale, what's the point of placing sales and offers for ajio?",AJIO,wishlist
play_7464be9e5b6e,playstore,AJIO (Android),https://play.google.com/store/apps/details?id=com.ril.ajio&reviewId=ae3c964d-6dcb-4afd-88d2-3ec9186e0508,2026-08-22T15:59:47+00:00,"Ridiculously slow! Not able to wishlist any products, it is taking so much time for things to get added in the wishlist. Can't even load the wishlist page and I hardly have 40-50 items in the list and still facing this issue. Arghghhh!",AJIO,wishlist
play_dd13b1229cfe,playstore,AJIO (Android),https://play.google.com/store/apps/details?id=com.ril.ajio&reviewId=0e945add-b26a-41f7-aa95-078713d1eeb0,2026-08-22T15:59:47+00:00,ajio is good but it have some problem tho when I wishlist more than 20 or 30 stuff it vanished automatically it's not in the wishlist and when I scroll through wishlist and enter the product and when I back it .it starts from the beginning even if i reach the end it's so frustrating 😑 just fixed that.......!!!,AJIO,wishlist
play_8bcc0eb07f9e,playstore,AJIO (Android),https://play.google.com/store/apps/details?id=com.ril.ajio&reviewId=3cb6294b-6d10-4802-8e91-815665002dd0,2026-08-22T15:59:47+00:00,"Ajio app needs improvement. Searching shows out-of-stock items without clear labels. Wishlist feature is frustrating, resetting to the start after selecting a product..too annoying No notifications for restocked products. To improve, Ajio should: - Label out-of-stock items clearly in search list.rather than checking availability of each product separately - Enhance wishlist feature - Introduce restock notifications Fixing these issues will enhance user experience.",AJIO,wishlist
play_5dda28fd93a7,playstore,AJIO (Android),https://play.google.com/store/apps/details?id=com.ril.ajio&reviewId=77bb8e2d-ce28-403b-94b1-b4bf6feb7126,2026-08-22T15:59:47+00:00,"I'm regular customer of AJIO, but since last two days i am experiencing lot of troubles in placing the order, even products in my wishlist can't be ordered. I've tried all possible ways like via website also but problem remains same. It's even difficult to give one star after this incident. :(",AJIO,wishlist
play_75a339dac3e5,playstore,AJIO (Android),https://play.google.com/store/apps/details?id=com.ril.ajio&reviewId=ca6d0b4a-4c79-4606-8bd6-d3ec7a8f49c3,2026-08-22T15:59:47+00:00,"Poor quality service. Mostly products shows return/exchange available but after purchasing no exchange/no return option. App interface is also an issue. It doesn't scroll smoothly, and if you are browsing saved items, then going back will start from the top page. Shop from the brand website or Amazon or Myntra.",Myntra,saved items
play_817a38cbf3ca,playstore,AJIO (Android),https://play.google.com/store/apps/details?id=com.ril.ajio&reviewId=fa7faed2-65db-4145-8a06-41d2e4f1ea7b,2026-08-22T15:59:48+00:00,"I love online shopping, and mostly I prefer ajio app only and till now ajio gives me a best shopping experience. But recently, I'm facing a issue, that was, when I open one product in wishlist or category wise, and after coming back it goes to starting page of the wishlisted products, its better to come previous page only not starting page. Bcz sometimes its tough to scroll down and check that product again.So please check this issue.",AJIO,wishlist
play_d7ad18592124,playstore,AJIO (Android),https://play.google.com/store/apps/details?id=com.ril.ajio&reviewId=6cbf72eb-2b90-4e03-87e1-f4acb37695c1,2026-08-22T15:59:48+00:00,I have no problem with the quality of the product. The refund is also fast and decent price too. But the app is terrible. It keeps deleting my wishlist from time to time. Like in 2 days intervel. And sometimes the order gets time to update. Like i already paid and money hasn't been debited but the app will show that purchase is not done and the item will be still in bag.,AJIO,wishlist
play_46d1aadfc25a,playstore,AJIO (Android),https://play.google.com/store/apps/details?id=com.ril.ajio&reviewId=4437eb9c-cad1-4b81-9a2c-660f2ece3bbb,2026-08-22T15:59:48+00:00,"Really Horrible experience with this app.Its way to slow.Trying to add product to cart it's not getting added to cart. Wishlist is not even opening. Nothing is getting added in cart. On trying to open Cart then there is error something went wrong, facing this issue last 2 months.",AJIO,wishlist; added to cart / bag
play_a374c4f46cb7,playstore,AJIO (Android),https://play.google.com/store/apps/details?id=com.ril.ajio&reviewId=2f75f149-a0dc-4ef8-a711-d7f716ef794a,2026-08-22T15:59:48+00:00,"I don't know what's happening, the app is shutting down again and again and again, no matter what I do, reinstalled it, restarted my phone, yet it happens. Additionally from my wishlisted items hen I go back to my main wishlist it does not show till the item I paused but shows right from top. So annoying. Pease fix this.",AJIO,wishlist
play_da737480474c,playstore,AJIO (Android),https://play.google.com/store/apps/details?id=com.ril.ajio&reviewId=da031d6b-0e57-4929-b824-f5f3d54008b1,2026-08-22T15:59:48+00:00,worst app. I want to buy clothes from my wish list. but they did n't even mentioned out of stock . almost 30 dresses at least one also nt getting simply saying not deliverable. & sometimes getting something went wrong. no issue in my app because I tried in my dad phone also,AJIO,wishlist
play_9109626b5fb4,playstore,AJIO (Android),https://play.google.com/store/apps/details?id=com.ril.ajio&reviewId=e7805dcc-b1a8-4182-84a8-894d22a1741c,2026-08-22T15:59:48+00:00,"I've spent hours on this app before, but now I avoid it all costs. It is so damn glitchy! Screens don't load, you can't access your own bag or wishlist, the constant ""oops something went wrong"" messages and it looks like I'm not alone. Why on earth would anyone spend their money shopping on an app like this?",AJIO,wishlist
play_3ab5c42e02bb,playstore,AJIO (Android),https://play.google.com/store/apps/details?id=com.ril.ajio&reviewId=d763be78-9948-4366-8f02-add51f6a777d,2026-08-22T15:59:48+00:00,"It's so disappointing whenever I try to open my wish list Or bag it shows error(oops, something went wrong. Try again later) . Sometimes i can't even place my orders it shows try after sometime... Can't u fix these problems there are so many glitches.....",AJIO,wishlist
play_0837b4404242,playstore,AJIO (Android),https://play.google.com/store/apps/details?id=com.ril.ajio&reviewId=64384403-0aa0-4a0d-a6f8-593fa515cd55,2026-08-22T15:59:48+00:00,"Good delivery and retun policies. Often the app run into errors, expecially during big sale events. Sometimes the it freezes when we apply filters. Sometimes wishlist and cart become empty. Its annoying. Difficult to contact Customer care via call. But they rectify all issues after a while (if we email the concern)",AJIO,wishlist
play_6ed90d0f881b,playstore,AJIO (Android),https://play.google.com/store/apps/details?id=com.ril.ajio&reviewId=fc15be7d-10f6-4156-bd05-4a0f4d9d3319,2026-08-22T15:59:48+00:00,"I would have given 5 stars. But giving 4 because whatever we have wishlisted are being removed after a few days. Initially we were able to see items that we have wishlisted from the beginning of the account, but now products are getting removed automatically after a limit of 100 items.",AJIO,wishlist
play_5968b2e4c828,playstore,AJIO (Android),https://play.google.com/store/apps/details?id=com.ril.ajio&reviewId=f22d88fe-82a8-442a-9d37-0f9a94f5a7a1,2026-08-22T15:59:48+00:00,App Not working . Says oops something went wrong. And unable to add any thing on my cart And can not check my wish list or order status.And problem not solved yet customer service is not picking up the call. Very poor now a days . So many things I have ordered around more than 10000 bucks.,AJIO,wishlist
play_dac25aff5b17,playstore,AJIO (Android),https://play.google.com/store/apps/details?id=com.ril.ajio&reviewId=ca65a32d-30b9-4085-b193-d1c2cb45f8bf,2026-08-22T15:59:48+00:00,"Products are out of stock since last 1 month..no use of keeping them in wishlist as that wiish never gets fullfulled due to this ""out of stock"" thing. Kindly improve on that part. We can order only when product is available, what is the use of ""SALE"" on Diwali then??? Also posted the similar comment on AJIO twitter account (screenshot attached). Check and positively reply ... Aashish",AJIO,wishlist
play_14d392b9ac35,playstore,AJIO (Android),https://play.google.com/store/apps/details?id=com.ril.ajio&reviewId=7a8e96de-c9ce-4e68-8c31-2d9fcc8a21d9,2026-08-22T15:59:48+00:00,"After I have added items in my cart, many of them were disappeared. I spent almost 4 hours on it.When looking for items from the wishlist, I found nothing on it. First, I browsed for my mother and then for me. Now, again I can't start browsing for mother.She will not sit with me again. Time wasted. I am very upset. This is not a great app to spend time on it.",AJIO,wishlist
play_049efc0f2242,playstore,AJIO (Android),https://play.google.com/store/apps/details?id=com.ril.ajio&reviewId=807f9ade-9126-40ad-a2bf-da56c4b7852d,2026-08-22T15:59:48+00:00,"ABSOLUTELY PATHETIC APP!! The WORST of the worst applications on Google Play. Useless thing just crashes everytime you get a better deal. 8 of 10 times you won't be able to check what you've added to your bag and wishlist because this broken app just says ""opps, something went wrong. Please try again"" Absolutely DISGUSTING. Period",AJIO,wishlist
play_5b90a41bd5ce,playstore,AJIO (Android),https://play.google.com/store/apps/details?id=com.ril.ajio&reviewId=7e64ef18-f6d9-4519-b9b7-1e2049c94af7,2026-08-22T15:59:48+00:00,"Such a horrible experience with product getting incorrectly canceled under our name and no response for emails too. Please don't add products to wishlist, price of the products would be increased once you add, what a cheap technique!",AJIO,wishlist
play_3f4c1ad6b13e,playstore,AJIO (Android),https://play.google.com/store/apps/details?id=com.ril.ajio&reviewId=1f2eead8-ac2a-43b1-a341-316fc4726f61,2026-08-22T15:59:48+00:00,Totally fed up with the system! It's not loading and simply showing 'something went wrong' I can't add anything to the wishlist and I can't see more products too! Really very irritating... please resolve the problem!,AJIO,wishlist
play_12564f427fc7,playstore,AJIO (Android),https://play.google.com/store/apps/details?id=com.ril.ajio&reviewId=33f311f6-1aed-43fe-a958-9cf9b762fa65,2026-08-22T15:59:48+00:00,Previously the app was working fine but now it's pathetic. Even the wishlist starts from the beginning if you open any product which is irritating!! The app is extremely slow since ajiogram and ajioluxe got included which honestly doesn't have any use. who is buying these effing expensive things? gram is still usable but please work on your lag!!!,AJIO,wishlist
play_2326429f16af,playstore,AJIO (Android),https://play.google.com/store/apps/details?id=com.ril.ajio&reviewId=c04d450b-e136-467b-8096-d31e430403fd,2026-08-22T15:59:49+00:00,"App in now disaster , not able to see the products after receiving from others through WhatsApp, after click it's showing Oops something went wrong and then after we search product then trying to add to baggage , still same oops something went wrong. Solution : search product, click on love symbol to add in wish list and then from there move it to baggage then order. Who ever developer Salute to you guys..... You people are even don't know that people are suffering in your app during orders.....",AJIO,wishlist; added to cart / bag
play_83d86d8a1095,playstore,AJIO (Android),https://play.google.com/store/apps/details?id=com.ril.ajio&reviewId=73c9e11a-ca33-4879-9f70-26cb8eea7b70,2026-08-22T15:59:49+00:00,"Although I love shopping by ajio, but m facing alot problem opening app. As soon I open the app it's popin with the message like ""oops, something went wrong"". And that's not because of my internet speed, but the app itself having some issues . Such a disappointed customer right now because , I have saved some stuff in my wish list which I was willing to place order of. But I can't because of thise issue.",AJIO,wishlist
play_abad7170cfa5,playstore,AJIO (Android),https://play.google.com/store/apps/details?id=com.ril.ajio&reviewId=d95d0de0-30f7-461d-843e-d8dc2cffd74e,2026-08-22T15:59:49+00:00,"This app very horrible.hangs all the time.I had wait 3 hours to order 2items yet unable to order.unable fetch address,try after sometime,etc errors all the time. What's the point of a sale if v can't order anything at all.wishlist won't open...bag won't open. Seriously fed up",AJIO,wishlist
play_4dbcfc8beee7,playstore,AJIO (Android),https://play.google.com/store/apps/details?id=com.ril.ajio&reviewId=98efe0a4-2925-4d61-96cf-20a242b3930c,2026-08-22T15:59:49+00:00,Most of the wishlisted products go out of stock and never comes back in stock so i cannot place and order. And the delivery charges are soo high I've never seen 100rs delivery for any other ecommerce sites. Its a good shopping app with clothing for every budget and wide range of collections but these issues are something likely to be resolved.,AJIO,wishlist
play_03b9531e8a28,playstore,AJIO (Android),https://play.google.com/store/apps/details?id=com.ril.ajio&reviewId=d66167ff-9a5b-4069-8442-d37c394a63ec,2026-08-22T15:59:49+00:00,"The wishlist part has an issue of taking back to the top after I check one of the items that's at the bottom which is irritating, I have to go all the way down again to check other items in my wishlist, please fix this issue as soon as possible.",AJIO,wishlist
play_ddd6eac85a55,playstore,AJIO (Android),https://play.google.com/store/apps/details?id=com.ril.ajio&reviewId=37773997-8845-4133-9211-375e5fe38e22,2026-08-22T15:59:49+00:00,"Why is the wishlist limited to only 50 items...??? It is such a disappointment each time u wishlist new items, the old ones that you liked soo much are gone.. my phone is filled with screenshots of wishlist, can't do that all the time.. please do somethng abt it !!!!!!!",AJIO,wishlist
play_6c656c59f14e,playstore,AJIO (Android),https://play.google.com/store/apps/details?id=com.ril.ajio&reviewId=703e4508-e59d-4441-9de0-0ff26bc2fad3,2026-08-22T15:59:49+00:00,"The wishlist feature of this app and its desktop site is super glitchy. I know the wishlist limit is 50 items, but most of the time I do not see half the items I save. Sometimes I see stuff from a long time ago, which does a vanishing act after I reload the app. Sometimes the order is messed up. All in all, it is not a very smooth experience.",AJIO,wishlist
play_cf790f6e6380,playstore,AJIO (Android),https://play.google.com/store/apps/details?id=com.ril.ajio&reviewId=c2977889-7407-41a9-8faf-71c58c4d8478,2026-08-22T15:59:49+00:00,Open the wishlist but products are not getting added to the cart. After that login option comes up but when I login the wishlist is not shown. I mean I am facing so many problems since last 2 months. Please don't give the customer care number. Please there are no results of account login there also.😡😡😡,AJIO,wishlist
play_e2e2176367e8,playstore,AJIO (Android),https://play.google.com/store/apps/details?id=com.ril.ajio&reviewId=653588a5-302a-4fea-80be-fa54ec8ab8d1,2026-08-22T15:59:49+00:00,"I had saved a lot to buy in my wishlist. When I'm trying to get back to the wishlist , the app was crashing and I'm unable to login back . I have tried for several time , such a worst experience .",AJIO,wishlist
play_32c6a0dafc55,playstore,AJIO (Android),https://play.google.com/store/apps/details?id=com.ril.ajio&reviewId=b9e86198-4402-4038-bc91-6a960e33546e,2026-08-22T15:59:49+00:00,"Refreshes every time you switch to another app, cannot be multitasking with this app open. If you have used filters to shortlist what you are looking for, do not switch to another app on the phone, like text or Whatsapp, as soon as you switch back to Ajio, you will land again on the home screen and will have to start your search and selection, all over again.",AJIO,shortlisted
play_c88d8d7121d2,playstore,AJIO (Android),https://play.google.com/store/apps/details?id=com.ril.ajio&reviewId=b0210fe1-50d3-4d39-850f-abaf15901d66,2026-08-22T15:59:49+00:00,"App has glitch while opening the display of individual product. I can only transfer product to wishlist and from there to the cart for purchase. App does not allow me to see details of the products. It says ""Oops! Something went wrong "". This is a major issue. Thanks",AJIO,wishlist
play_a1dd5ea56cd3,playstore,AJIO (Android),https://play.google.com/store/apps/details?id=com.ril.ajio&reviewId=57afe1c1-ee55-4784-a1c9-35a1902abbbd,2026-08-22T15:59:49+00:00,"Seriously frustrated by using AJIO now. BIG BOLD SALE is just name sake. Using this finding so irritating and wasting lot of time. Not able to check my order status, not able to find ny wishlist, not able to check my cart, not able to checkout and place order..",AJIO,wishlist
play_12b6fd7b8805,playstore,AJIO (Android),https://play.google.com/store/apps/details?id=com.ril.ajio&reviewId=e8fdeae8-7ac7-4daf-af73-f3afcc6b618a,2026-08-22T15:59:49+00:00,"This app is so full of bugs that at this point of time it's useless to say anything. Even the simple things can't be done. Hangs all the time, wishlist issue, blank three dot menus and so on. Your product manager should use this app atleast one or two times to experience the user's pain. Above all that, they are taking convience fee, I mean what a joke! 😂",AJIO,wishlist
play_9ca650f91cc8,playstore,AJIO (Android),https://play.google.com/store/apps/details?id=com.ril.ajio&reviewId=c55998d6-3929-49eb-a47f-2198beab1e4d,2026-08-22T15:59:49+00:00,"Never ever even try to buy from this app. Right from wishlist, add in bag, checkout, delivery, refund everything is completely messed up. God forbidden if you want to exchange or get refund then wait for 1-2 months only to get issue solved. Worst app.",AJIO,wishlist
play_fb1f0eea8a83,playstore,AJIO (Android),https://play.google.com/store/apps/details?id=com.ril.ajio&reviewId=732ed6d1-e8a6-4650-86ed-6a6700a33dc8,2026-08-22T15:59:49+00:00,1. Wishlist has a limit to add the products.. just keep adding products and it will automatically remove the products at the bottom from the wishlist.. 2. I open a FIG brand product and then scroll down and click on More tops by FIG and it show zero product error this is not just for FIG but for few other brands also,AJIO,wishlist
play_edafca0f8b07,playstore,AJIO (Android),https://play.google.com/store/apps/details?id=com.ril.ajio&reviewId=efa4bce9-63bf-42b1-9a10-a13655dca1a1,2026-08-22T15:59:49+00:00,"Gud app but missing most of the features --»notification alert for a particular product if it gets in stock before it was out of stock --» And the next one is wishlist limit , i think if there are option to create multiple wishlist that makes us easy to go with it --» And the tracking of product is much more complicated issue in this app... We need to go for shipping site and track it much difficult i think better to maintain like flipkart and amazon",AJIO,wishlist
play_850af084662a,playstore,AJIO (Android),https://play.google.com/store/apps/details?id=com.ril.ajio&reviewId=8080beee-9781-4864-abe2-4ff92f4950f8,2026-08-22T15:59:49+00:00,"Worst app ever! 90% of the times app is not working, a 5minute job takes 30 minutes in this app! Wishlist doesn't open, cart doesn't open, completely waste of time! Buy more servers if you want to create an app! Such slowness is not good at all! Even local apps are not so slow as ajio!",AJIO,wishlist
play_ba0c8801978c,playstore,AJIO (Android),https://play.google.com/store/apps/details?id=com.ril.ajio&reviewId=fc630330-72ba-41a3-9d87-776f43d66448,2026-08-22T15:59:49+00:00,"Tech wise It has bug according to customer experience, when you open any product from wishlist and back to the wishlist it always open from top it's hard to scroll down again n again,... User flow break where he is in the wishlist when he is checking his shortlisted items...",AJIO,wishlist; shortlisted
play_b0f0724735ca,playstore,AJIO (Android),https://play.google.com/store/apps/details?id=com.ril.ajio&reviewId=4969c74a-7f68-4520-bab0-0ccec67626dd,2026-08-22T15:59:49+00:00,"The navigation is straight from hell ...I am talking about in the wishlist section...where if you scroll down and tap on an item and then tap/back, you are automatically taken to the top of the wishlist....and then you'd have to scroll way way down again... Amazon doesn't have that, Myntra doesn't either...this should be addressed. P.s: No, I don't wanna call any 1800 number. This seems like a default feature"" of the app as of now, but for the consumer, it's a bug...an annoying one at that.",Myntra,wishlist
play_7d738731a3a2,playstore,AJIO (Android),https://play.google.com/store/apps/details?id=com.ril.ajio&reviewId=d93ed828-5edd-4e98-8ba1-9623508cb0e0,2026-08-22T15:59:49+00:00,"It's wonderful app. Have reasonable good quality clothes. But I wanted to report a bug and improvement for the app. From wishlist, if you are looking at details of any product and come back to wishlist from there.. it would drop you to the start of wishlist and not where you left. That's not very convenient for a customer. Secondly, it would be great if we can have filters in wishlist section. If not all, few quick filters like categories... Adding those is not a big effort.",AJIO,wishlist
play_0a1fcd03e302,playstore,AJIO (Android),https://play.google.com/store/apps/details?id=com.ril.ajio&reviewId=1bd20031-0791-4b32-a78b-95aaa9cad932,2026-08-22T15:59:49+00:00,"I have a rather long wishlist. But after i have viewed any of the wishlisted products, whenever i go back, the screen takes me again to the first wishlisted item. I cannot continue from where i left off but have to scroll again to where i stopped the last time which is irritating and time consuming. Kindly upgrade the app otherwise the products are good",AJIO,wishlist
play_5ea0f05024de,playstore,AJIO (Android),https://play.google.com/store/apps/details?id=com.ril.ajio&reviewId=d7df2e3b-70c3-4fa3-adfc-8e39f9f4bf78,2026-08-22T15:59:49+00:00,My experience with ajio has been good. The brands are great and everything but there's only one problem with the app. I save something to the wishlist and it says it's already there but when I click on the wishlist it says the wishlist is empty. It's pretty annoying. Please fix it. Thank you,AJIO,wishlist
play_e50ec4bbf9cc,playstore,AJIO (Android),https://play.google.com/store/apps/details?id=com.ril.ajio&reviewId=02b49aac-fde7-44b9-ac41-846465af292c,2026-08-22T15:59:49+00:00,"Whenever I add something to my wishlist, it either goes out of stock or my required size becomes unavailable. Additionally, the picture quality of the products is poor—when I view them in full screen, the images appear unclear and lack proper clarity.",AJIO,wishlist
play_a921589d420f,playstore,AJIO (Android),https://play.google.com/store/apps/details?id=com.ril.ajio&reviewId=2f5adba1-12d2-4b3f-bc74-9a67972affea,2026-08-22T15:59:49+00:00,"I use to love this app but these days the app is of no more use. Every time i look for my favourite brands they are always out of stock. I don't know why a jio has thrown out such great brands which people use to purchase. I made a wishlist of clothes i want to buy little by little every month, but not each and every item is out of stock. I don't know what to do. Please fix this",AJIO,wishlist
play_b306209d7a41,playstore,AJIO (Android),https://play.google.com/store/apps/details?id=com.ril.ajio&reviewId=e7aaad1a-a3a1-49a4-9157-93150f17cb03,2026-08-22T15:59:49+00:00,"Guys, If you're planning for a SALE DAY then check your app run once, it's lagging for me, it says "" please check after some time"", think your app doesn't able to handle this much traffic at a time. Already my wishlisted products are going out of stock, totally disappointed on you i missed my super deals because of your app fault sure you need answer for this, Didn't expect this from you!!",AJIO,wishlist
play_1280e959505b,playstore,AJIO (Android),https://play.google.com/store/apps/details?id=com.ril.ajio&reviewId=a45bb7ec-1a03-4dbe-9927-ad73a85a0e19,2026-08-22T15:59:50+00:00,"they are so much scamming now first when i added a shirt which i was waiting for long to bcz of unavailability of size and when it available and i added to cart it was adding but when i go for payment it says out of stock i did many times still it out of stock and I'm seeing it saying only few left, 5 left , 2left 1 left after my order not placed and secondly i bought a trouser but i did not receive super coin or my previous coins also removed even in sale charging convenience nd delivery fee",AJIO,added to cart / bag
play_954a6121d8a7,playstore,AJIO (Android),https://play.google.com/store/apps/details?id=com.ril.ajio&reviewId=6ef69777-8f19-402c-b516-92e7aaa7c3f2,2026-08-22T15:59:50+00:00,How come my wishlist in showing empty. Even after certain product shows the ❤ Even if I add something to wishlist it shows that it's been added to wishlist. But no. The wishlist is empty. Can you please sort it out. I really need to buy it. And it's very difficult to find it again. Please,AJIO,wishlist; added to wishlist
play_dcbed9fb5d87,playstore,AJIO (Android),https://play.google.com/store/apps/details?id=com.ril.ajio&reviewId=63f7ebc3-58af-43aa-af9e-2aafd7a90d3e,2026-08-22T15:59:50+00:00,Why hv u guys even given the option of wishlist.. As u add new items.. the old ones (just about a week old) automatically disappears.. And no they r not out of stock as you guys replied to my previous preview. How can people buy everything in one go? Neither cn v save them in cart bcz u only allow 10 pieces at a time! This is frustrating.. I hv been shopping at ajio since years and Now i feel like switching to other apps,AJIO,wishlist
play_9785ff249d14,playstore,AJIO (Android),https://play.google.com/store/apps/details?id=com.ril.ajio&reviewId=9e7e4077-3839-4a81-ad0b-da1c7df9869b,2026-08-22T15:59:50+00:00,"Your app UI sucks. Like everytime I want to view my wishlist it will pop up as please try later. You click on a particular product of your interest it doest shows up. I tried updating the app, uninstall and reinstalling. Guess what Ajio team?? It is still the same. Now let me tell you what phone I am using just in case you might wonder that I am using an order version. News flash No! I am using the latest version of Android and IOS and your app UI sucks in both of them. Get some help from others",AJIO,wishlist
play_a731427fc48d,playstore,AJIO (Android),https://play.google.com/store/apps/details?id=com.ril.ajio&reviewId=f6d91b4d-bd76-4dc6-adc1-790992a47026,2026-08-22T15:59:50+00:00,"Worst app I've ever used, doesn't takes the order nor to the wishlist, it always displays an error occurred,. Can't order anything,. Ur app is making me go nuts 😤😠 and I had once ordered track pants but wasn't able to track the order,. Pls go off from play store",AJIO,wishlist
play_a352050d7364,playstore,AJIO (Android),https://play.google.com/store/apps/details?id=com.ril.ajio&reviewId=3778a0dc-e968-4669-9ecf-2700cabfd388,2026-08-22T15:59:50+00:00,How can something so good be available at such reasonable price. This app is amazing. I got my good quality stuff at prices so low. Ordered so much in a week. App has few bugs related to wishlist which needs to be optimized. Main thing - Prices.. I can't complain about anything now,AJIO,wishlist
play_b70273482459,playstore,AJIO (Android),https://play.google.com/store/apps/details?id=com.ril.ajio&reviewId=8f99b32c-15ae-41f6-aa82-90487345f71c,2026-08-22T15:59:50+00:00,"First of all what is this glitch ajio!! They are showing the product on the page but when i try to add it to bag it shows cannot add to bag, this happens with a lot of products..and yes the delivery period is soo long..they take a week more than normal apps like amazon and flipkart to deliver the product. And still deliver first copy or fake product...so so disappointed!!",AJIO,added to cart / bag
play_a49503cf1c98,playstore,AJIO (Android),https://play.google.com/store/apps/details?id=com.ril.ajio&reviewId=14c3a699-5ee9-4aff-8580-91639a5b2b55,2026-08-22T15:59:50+00:00,"It got a really good collection and all though... Often it's shows my wish list totally empty.. But it shouldn't be.. I couldn't find the items I've put into it..... And when I try to put the items again they show ""product is already in wishlist"" and couldn't even add them again..",AJIO,wishlist
play_473e97070326,playstore,AJIO (Android),https://play.google.com/store/apps/details?id=com.ril.ajio&reviewId=7bb29aa4-a097-46fc-bea6-cb87c520e334,2026-08-22T15:59:50+00:00,When I add one product from whishlist. It's added to bag then the order and address confirmation page not loaded. After sometime it's showing that product as out of stock and later it is showing as that the product in stock. Worst performance....,AJIO,added to cart / bag
play_b2d962c03b91,playstore,AJIO (Android),https://play.google.com/store/apps/details?id=com.ril.ajio&reviewId=415244ac-4dd1-4b0b-8ca0-49af47358367,2026-08-22T15:59:50+00:00,"The app stop s all of sudden... Without any,,, I mean stuks in between we are wishlisting or something,so that weshud start scrolling from the beginning... N options of filtering and all are bad,,, n discount option is even more horrible.. As it shows less... Once we put it on cart it goes hiked up/shows up u need to add to get this offer type, it's annoying,as whatever u choose,,... I think App software ppl should work on it better way as Myntra app works..",Myntra,wishlist
play_fd46250ae331,playstore,AJIO (Android),https://play.google.com/store/apps/details?id=com.ril.ajio&reviewId=e8bd4ad0-c187-4278-9ced-8124115313fb,2026-08-22T15:59:50+00:00,App should have product review like Myntra and all. Also it is hard to differentiate whether a given is added in wishlist or not. they should update the code for wishlist. Sometimes it's becomes difficult to predict the size of handbags etc.,Myntra,wishlist
play_953973e51ed3,playstore,AJIO (Android),https://play.google.com/store/apps/details?id=com.ril.ajio&reviewId=75ba93b2-bd26-4ea6-ba10-8c1ed36e69ee,2026-08-22T15:59:50+00:00,"The latest update sucks. Too many glitches, filter doesn't work, sorting doesn't work, it isn't loading wishlist and bag. I used to love the previous verion, it was simple and elegant. Please revert the version. It's damn inconvenient.",AJIO,wishlist
play_d72b25b38a2c,playstore,AJIO (Android),https://play.google.com/store/apps/details?id=com.ril.ajio&reviewId=11e615e0-369d-4ad7-b5fb-32d99aa8472f,2026-08-22T15:59:50+00:00,Worst possible mobile app with multiple technical glitches and very poor return and refund process. Minimum 1 month required for any update on any refund. Lag time in everything from the purchase options to wishlist to even the wallet. Untrained customer service representatives further add to hassle.,AJIO,wishlist
play_ca3aaa2f4d59,playstore,AJIO (Android),https://play.google.com/store/apps/details?id=com.ril.ajio&reviewId=e9b0378f-66d8-4117-85d4-c00990ae558b,2026-08-22T15:59:50+00:00,REMOVE OUT OF STOCK ITEMS. it is so annoying when you put items on wishlist and when you open almost all of the items are out of stock. Also the items don't load. It keeps saying 'try again' . Please fix the app,AJIO,wishlist
play_c6ad9d539c04,playstore,AJIO (Android),https://play.google.com/store/apps/details?id=com.ril.ajio&reviewId=a695e826-3465-42dc-b3a8-560737e01ede,2026-08-22T15:59:50+00:00,"the app is really good. they've all the trendy clothes at a considerable amount and with whole lot of discount every now and then which is the best part. the only problem is they don't have a review section and should consider to include that as well for better knowledge about the clothing. and the wishlist quantity for the items should be expanded unlike now where one can only wishlist 40-50 items. rest all is classic, thumbs up ;)",AJIO,wishlist
play_c1f4842c4793,playstore,AJIO (Android),https://play.google.com/store/apps/details?id=com.ril.ajio&reviewId=5612fc21-aae6-4dc4-9262-5bb50eb0682e,2026-08-22T15:59:50+00:00,"I am an old user of this app, but from past 2 months or more, it's lagging while scrolling, first i thought that it's my device problem, but faced this same issue with my new device also, and with all devices at home, and because of so much lag i am not even using it. Nd one more thing when i visit to the product which i added in wishlist a long time ago, and when come back to wishlist page it automatically refreshes it and shows it from the recent added products, nd it is so irritating for me",AJIO,wishlist
play_5d7b5648c7c9,playstore,AJIO (Android),https://play.google.com/store/apps/details?id=com.ril.ajio&reviewId=468c6d5e-5a35-4e2a-8687-f3b16e5466d8,2026-08-22T15:59:50+00:00,"Please reach out to me. I have some blocker issues to share with you.Products /collection/ deals are superb & I like to order from here.... """"BUt"""" , pleaaaaaaaasseeeeeee fix wishlist issue . If i add new items to wishlist old ones are getting deleted ... whyyyyyyyyy.. Please help.",AJIO,wishlist
play_162a07f58803,playstore,AJIO (Android),https://play.google.com/store/apps/details?id=com.ril.ajio&reviewId=2de8dce8-bafc-4092-b67e-019d9eec0858,2026-08-22T15:59:50+00:00,I cant use this app from united kingdom. It shows up everything but when i open the one item for more details like size and other pictures it wont show up please fix it thankyou. Even though i cant buy it from uk i just keep them on wishlist so that any of my family member can buy them in india..and later i collect them or they parcel them to uk :D,AJIO,wishlist
play_319c54c0a2d1,playstore,AJIO (Android),https://play.google.com/store/apps/details?id=com.ril.ajio&reviewId=c0cd938b-2679-4d84-9d8a-a4f8a6c9d473,2026-08-22T15:59:50+00:00,The worst app to use for online purchasing. Itz not only worst this is a fraud app. I ordered some clothes using my card and they deducted the amount but didn't place the order and now itz been more than 4 days . I m continuously calling to the customer care and putting e-mail. Nor the customer service replies to the e-mails and nor the pick the call. I suggest everyone not to install this app. This is a total fraudster. I lost my money and If you guys wana save it don't use this app. NEVER,AJIO,saved it but
play_e96a9ad04ff6,playstore,AJIO (Android),https://play.google.com/store/apps/details?id=com.ril.ajio&reviewId=20c47850-7552-4e62-86f5-8ba649b6024e,2026-08-22T15:59:50+00:00,This is the best online shopping ever... As a customer am 100% satisfied.Already i do purchase from trends for years.. Quick delivery is through xpressbee than blue dart and e com and it would be easier with their shipment. Kindly add some ajio plus size jeans too. Fushion products are also just wishlisted hope the out of stock items will be again filled The only thing i feel irritated was tat eventhough we complete our order after few days it shows the items are cancelled,AJIO,wishlist
play_c3e5d90c624e,playstore,AJIO (Android),https://play.google.com/store/apps/details?id=com.ril.ajio&reviewId=aa6f229e-46dc-4753-8f59-e6873a920807,2026-08-22T15:59:50+00:00,Update 15/05/25 Faulty Return process and Now it doesn't notify when the prices of wishlisted products change. The app is full of bugs and sluggish in processing. There's price difference in the search results and bag. Besides all this now they are charging unrefundable convenience fee of ₹100 with every order. I thought it would be for some products. It is absolutely cheating customers of their money without any basis.,AJIO,wishlist
play_301d42040833,playstore,AJIO (Android),https://play.google.com/store/apps/details?id=com.ril.ajio&reviewId=e75c1ec4-515e-4c78-83be-87b443840623,2026-08-22T15:59:50+00:00,The app is very nice according to my opinion comparing other apps. But the only negative thing is that few items removed from the wishlist automatically. And the product will never save in your wishlist unless you add the item in the wishlist again .🙏 Please improve this ajio...,AJIO,wishlist
play_f36653810ba2,playstore,AJIO (Android),https://play.google.com/store/apps/details?id=com.ril.ajio&reviewId=d325e7d6-210f-48e2-b265-4d62c087e136,2026-08-22T15:59:50+00:00,Some issues with the wishlist that do not clearify the availability of product and some products are outdated either they will be available or not. Some issue with discription also not clear with every product. And some time discount coupons also clash.,AJIO,wishlist
play_422fe3aa3c29,playstore,AJIO (Android),https://play.google.com/store/apps/details?id=com.ril.ajio&reviewId=2f0f6bb2-c068-4a8e-8483-9fcd277873cd,2026-08-22T15:59:50+00:00,I would have given 5 star but 1 star less because the only prob i found during my experience with Ajio that the wishlisted items after some time are getting unlisted automatically.. Then i hv to search for that specific thing again.. Otherwise everythng is great.. I read comments speaking about poor refund process.. But my refund was processed at the spur of the moment as soon as the ajio guy picked up the parcel.. Great discounts and great variety products.. I loved it.,AJIO,wishlist
play_63387e714685,playstore,AJIO (Android),https://play.google.com/store/apps/details?id=com.ril.ajio&reviewId=907f9c7b-296e-44f4-90e6-7489782c432d,2026-08-22T15:59:50+00:00,"Pathetic App You can't open wishlist. Everytime I try, it just shows ""Error Body is Null"" or ""Please after some time"". Also, the app crashes alot, doesn't load some products, just freezes there. Fix it or just shut it down completely.",AJIO,wishlist
play_cf51f943c004,playstore,AJIO (Android),https://play.google.com/store/apps/details?id=com.ril.ajio&reviewId=361e2fd5-260d-46c2-a178-1821ec551b0d,2026-08-22T15:59:50+00:00,"How did you guys manage to get a 4🌟? 1.Didn't get INR 500 after registration. 2.App barely loads. 3.Can't use filters & the moment I do, it freezes. 4.Wishlist doesn't load and says ""Opps! Connection error."" 5.Only the home page loads properly taking nearly 30secs. After that I can't move to other pages. Can you please fix your app sooner? It's festive season and I'm definitely looking forward to grab some Ajio stuff. The app is just making it inconvenient to shop online.",AJIO,wishlist
play_a606308f8c3b,playstore,AJIO (Android),https://play.google.com/store/apps/details?id=com.ril.ajio&reviewId=aea25b90-47ea-416a-b7f9-64b8c33a97cc,2026-08-22T15:59:50+00:00,"Love the app and the clothing varieties. I'm a constant user of ajio but from last 2-3 months there is some refreshing problem inside wishlist, which I don't know why it was not identified and solved yet. It is very irritating. And also the wishlist is restricted for 40 items only, which sometimes becomes an issue or there should be an option to create multiple wishlists as other apps are providing.",AJIO,wishlist
play_a1b45aa39758,playstore,AJIO (Android),https://play.google.com/store/apps/details?id=com.ril.ajio&reviewId=11d600b1-3f91-4a26-825d-bca6ae77c902,2026-08-22T15:59:50+00:00,"a product ive added to wishlist was 700 rs and then after some days its price is 1200 i dont find it worth buying after this much increase in price .and also my order of cash on delivery was cancelled automatically and when i tried to repurchase it , it was out of stock and this all happened days after ordering ... wasted my time ...",AJIO,wishlist; added to wishlist
play_b6dbb5f9aa18,playstore,AJIO (Android),https://play.google.com/store/apps/details?id=com.ril.ajio&reviewId=5963ff29-6c35-4ffb-9daa-7ac50879c0f0,2026-08-22T15:59:50+00:00,Well ajio is my favourite.. but there are some issues 1- the refund process is too slow. 2- app is glitchy. It keeps loading although the speed of wifi is fine. 3- the items at bottom of your wish list will be gone if you keep adding more items in wish list which is kinda disappointing. 4- the customer service doesn't respond well. these are some problems I've found with ajio... but still ajio is best for quality and wide range of fashion compared to amazon and flipkart or some other sites.,AJIO,wishlist
play_e69ff2112d47,playstore,AJIO (Android),https://play.google.com/store/apps/details?id=com.ril.ajio&reviewId=f6b2296b-a01a-4935-801e-698ebb16d2b0,2026-08-22T15:59:50+00:00,It was good in the start but recently its pathetic I'm totally devastated. I cannot see my cart every time I try its shows oops something went wrong like it loads nothing unable to see the cart and wishlist. This is so damn irritating and a total waste of time.,AJIO,wishlist
play_18f5513ed316,playstore,AJIO (Android),https://play.google.com/store/apps/details?id=com.ril.ajio&reviewId=a8b58c82-c7ee-411b-b08f-27a34b48fdcc,2026-08-22T15:59:50+00:00,Very pathetic app.. I don't know why there's always a problem with this app... Whenever you ll open it to order something or you wanted to see your wishlist or bag items it ll show some error nd you ll not able to open the app ... So disappointed 😞 I wanted to order my fav stuffs but I guess now I need to uninstall it forever...,AJIO,wishlist
play_d5bf17db4dd8,playstore,AJIO (Android),https://play.google.com/store/apps/details?id=com.ril.ajio&reviewId=9e54fb66-7aa1-48d8-8b66-8141a9d1b2b3,2026-08-22T15:59:50+00:00,"Initially delivery was good but now a days delivery time has been extended to a month which is a hard time to count and many products added to cart goes out of stock, stock is not being updated regularly, some cloths look good in app and same looks bad at our touch..",AJIO,added to cart / bag
play_8198c9d51fa2,playstore,AJIO (Android),https://play.google.com/store/apps/details?id=com.ril.ajio&reviewId=81f2d84e-2838-4374-971f-f57f70216bbb,2026-08-22T15:59:50+00:00,"Whenever we're going to wishlist,after scrolling down and after watched that particular product,if we go back to that product,it goes to the starting of the wishlist,it was very irritating and wasting time.please fix this issue.And Another thing is wishlist items were disappearing after some days.the main thing of wishlist is for protecting products for buying whenever we want.so why it will disappear? And Delivery also so late,So please fix these issues.",AJIO,wishlist
play_5c0e08b344fa,playstore,AJIO (Android),https://play.google.com/store/apps/details?id=com.ril.ajio&reviewId=134d2013-6c30-4569-a1a5-ef4a2f5aa60c,2026-08-22T15:59:50+00:00,"I downloaded this app when they said they have famous brands, but when liked some wearable products they don't have sizes available. Recently i thought of purchasing flipflops and wishlist 3 brands and all are of not my size. It may be Caz of huge demand and stock unavailability but that's what u r here for , selling so this must not be a reason",AJIO,wishlist
play_a2c8f75a02fa,playstore,AJIO (Android),https://play.google.com/store/apps/details?id=com.ril.ajio&reviewId=ce8133c6-7944-4c79-893d-bf8ea41af3c1,2026-08-22T15:59:50+00:00,"Would be great if the app allowed to view all items in the wishlist page instead on first 100 items. Overall the look, feel and ease of access are the game changers. I will definitely recommend the app to all my friends and family.",AJIO,wishlist
play_164fdc6367e6,playstore,AJIO (Android),https://play.google.com/store/apps/details?id=com.ril.ajio&reviewId=f3991880-48f2-496c-b658-f753915ce8c8,2026-08-22T15:59:51+00:00,"This app and service is going from bad to worse. The wishlist section was already buggy. Now every image of the product on the app and the website is blurry. If you don't want to do business, just close it down instead of doing the actions which repel customers. Or maybe you're laundering.",AJIO,wishlist
play_e8e3d3cac62b,playstore,AJIO (Android),https://play.google.com/store/apps/details?id=com.ril.ajio&reviewId=87823da2-fbcf-4313-b4cd-fd858827f84c,2026-08-22T15:59:51+00:00,Huge variety of everything. Different styles what i couldn't see on any other sites. But please fix your wishlist asap. because after limit is full it doesn't show that. It automatically remives items which was wishlisted before. And its difficult sometimes to find those again. Fix that issue,AJIO,wishlist
play_6ee07573c5a3,playstore,AJIO (Android),https://play.google.com/store/apps/details?id=com.ril.ajio&reviewId=3d8106a7-2bd7-41a4-9798-578c06518447,2026-08-22T15:59:51+00:00,Your app is just too slow!!! Also there is some major problem with the closet section.. The items wishlisted do not appear properly. Even if a customer wants to buy something.. Its an extremely frustrating experience!,AJIO,wishlist
play_a2e38003ca87,playstore,AJIO (Android),https://play.google.com/store/apps/details?id=com.ril.ajio&reviewId=763d0189-5cc4-4eef-b526-48ad4ce72223,2026-08-22T15:59:51+00:00,order stuck for 12 days. No response from the customer service centre. Worst app for shopping. update: Now my order got cancelled and returned to warehouse. The product that I wanted to buy on discount is no more Available. Such irresponsible management is highly disappointing.,AJIO,meant to buy
play_137c7b954670,playstore,AJIO (Android),https://play.google.com/store/apps/details?id=com.ril.ajio&reviewId=06b9b60c-b402-4e3c-af1f-ccc548ca016e,2026-08-22T15:59:51+00:00,"Always gets prblm when I want to open cart ar wishlist.... there was an error showing ...oops something went wrong, try again letter.... this is happening from last 5 to 6 months.... this is sooo much irritating...when I try to see the products...plz improve ur App.",AJIO,wishlist
play_ba003812ee48,playstore,AJIO (Android),https://play.google.com/store/apps/details?id=com.ril.ajio&reviewId=e37e55e3-1fc1-42cb-891f-dda97fe4386e,2026-08-22T15:59:51+00:00,"Though the collection, price are good the problem I faced is 'the closet'. Wishlisted apparels are suddenly removed / deleted automatically when they are out of stock.. The app should be showing they are out of stock instead of deleting them. App needs to fix many bugs.",AJIO,wishlist
play_0af45fff5e03,playstore,AJIO (Android),https://play.google.com/store/apps/details?id=com.ril.ajio&reviewId=a3b4d557-b238-4c49-abad-c3fd9ffdfafd,2026-08-22T15:59:51+00:00,"Facing the issue for a long time.. Scrolling from start in the wishlist after coming back from any product page ! Whenever we're in wishlist and go into any product to see it more and comes back into wishlist, it starts from the top of the list always!! It is very disgusting..And now we have to scroll down to the product we were seeing again and again! Please fix this glitch in your next update! Please please please...It destroys all the mood for shopping. Otherwise a good online Shopping App♥️",AJIO,wishlist
play_99c8c04f4c39,playstore,AJIO (Android),https://play.google.com/store/apps/details?id=com.ril.ajio&reviewId=4cd66f57-7735-4856-85e2-ef300f191375,2026-08-22T15:59:51+00:00,"Whenever I try to order something, the products are always out of stock in my size. Despite adding them to my wishlist and regularly checking for availability, I never manage to find my size in stock. It is really very frustrating as a customer.",AJIO,wishlist
play_389930b861ba,playstore,AJIO (Android),https://play.google.com/store/apps/details?id=com.ril.ajio&reviewId=6e0877f8-ae4f-4537-9615-08ba9e997cd3,2026-08-22T15:59:51+00:00,"Whenever i proceed to confirm my order ""Opps something went wrong please try again later "" . Plus if its a sale going on then please forget that you can get any item from your wishlist not beacuse it will be out of stock but because the payment page will be loaded after the sale ends. Rest all is good.",AJIO,wishlist
play_d5fe6eb8aad8,playstore,AJIO (Android),https://play.google.com/store/apps/details?id=com.ril.ajio&reviewId=78d0f631-167b-49a3-a96f-5983238cf0c2,2026-08-22T15:59:51+00:00,App experience is very bad.Allways very slow even in very fast network.there's a limit of maximum item in closet or wishlist.there's no available customer associate for help in call.emails regarding updates about refund are confusing some time.many times this new version sows something went wrong.I can understand you are beginner but you have to quick improvement.,AJIO,wishlist
play_084bc7d856ac,playstore,AJIO (Android),https://play.google.com/store/apps/details?id=com.ril.ajio&reviewId=aad32db6-6947-4861-96f7-deee82f7b736,2026-08-22T15:59:51+00:00,"Increase the number of wishlist items, I'm very upset with the limit of 100 only, my old wishlist items vanished. Moreover, it doesn't even say that the wish list is full. That's very embarrassing. Can I not get my old wishlist items back in my closet somehow ?",AJIO,wishlist
play_136920dd46d0,playstore,AJIO (Android),https://play.google.com/store/apps/details?id=com.ril.ajio&reviewId=53bf7271-928d-4817-9ebb-7ec58801ca04,2026-08-22T15:59:51+00:00,"the app filtering and search is a bit clumsy,Please try to improve them. Even the wishlist option is not proper -we don't know whether we wishlisted a particular product or not. The product range is unbeatable.",AJIO,wishlist
play_affcd1362803,playstore,AJIO (Android),https://play.google.com/store/apps/details?id=com.ril.ajio&reviewId=61c56c15-d6eb-416d-8758-fa6a318ff1f7,2026-08-22T15:59:51+00:00,the app was running good but suddenly I started facing problem whenever I try to put the product in wish list it pops up that login or sign up and the when I type my number and try to sign in then it shows error and have been facing this problem from of a week and i tried each and every method to fix it I reinstall the app and updated it but nothing is working,AJIO,wishlist
play_cddab543fec6,playstore,AJIO (Android),https://play.google.com/store/apps/details?id=com.ril.ajio&reviewId=c155b534-3d7f-43f9-82cb-693a5cf5d86e,2026-08-22T15:59:51+00:00,"Everything is good. Would love to have one feature where the user gets a notification when the wishlist product comes back in stock. So if I have a shoe in wishlist which is oit of stock right now, I should get a notification when it's back in stock after sometime.",AJIO,wishlist
play_eb00a0b260b0,playstore,AJIO (Android),https://play.google.com/store/apps/details?id=com.ril.ajio&reviewId=71a5ba49-082b-4371-b9cb-634ee6533ab5,2026-08-22T15:59:51+00:00,"Hangs too often This app has so many glitches, it gangs too often , dont let you login for days let alone buy stuff, if you are lucky enough to login, you cannot access your wishlist. You seriously need to work on this app else you are loosing customers to your competitors.",AJIO,wishlist
play_62395defe63d,playstore,AJIO (Android),https://play.google.com/store/apps/details?id=com.ril.ajio&reviewId=d99afefa-e4af-42ba-83e9-7c2760ea48d5,2026-08-22T15:59:51+00:00,Such a horrible app! Whenever I add new items to my wishlist the previously added items in my wishlist disappear automatically... I have to keep searching for them again and again... The user interface is also very bad with plenty of bugs please fix this,AJIO,wishlist
play_c9e83b210b1c,playstore,AJIO (Android),https://play.google.com/store/apps/details?id=com.ril.ajio&reviewId=dda40a18-9d14-4060-ac0a-30694243f708,2026-08-22T15:59:51+00:00,You can't keep more than 50-60 products in your wishlist and moreover when i search for a product in wishlist and that is on scrolling down and you reach there but when you exit the product the wishlist on starting point .... it's very pathetic to scroll down again and again.,AJIO,wishlist
play_a7bc85aeebf1,playstore,AJIO (Android),https://play.google.com/store/apps/details?id=com.ril.ajio&reviewId=89a11052-77e6-45c6-b641-0d7fb29569f8,2026-08-22T15:59:51+00:00,This app is worst. The price is shown something and while added on cart it shows something esle Example RIO top is for 180. And when added to cart it's showing 400 and 125 delivery shipping bruh??? It's like ordering 1rs shirt on Facebook fake brand And even no proper customer care services too,AJIO,added to cart / bag
play_577b00ca0e64,playstore,AJIO (Android),https://play.google.com/store/apps/details?id=com.ril.ajio&reviewId=4a7b2d98-4b82-4f5e-b6d4-b92e78c52495,2026-08-22T15:59:51+00:00,"Needs a lot of improvement. Firstly time taken for delivery is too long, then when we just scroll through wishlist it takes you back to the first product which is very annoying and time wasting. Price fluctuations are too much.",AJIO,wishlist
play_336abbdd4038,playstore,AJIO (Android),https://play.google.com/store/apps/details?id=com.ril.ajio&reviewId=f28dc855-d3c5-493d-be67-55ccd5f14d13,2026-08-22T15:59:51+00:00,The site hasn't really worked for me since last 2 days!!! What's the point of having a SALE when the site keeps crashing!!! I can't see my wishlist or my cart. Nothing is loading! Worst experience,AJIO,wishlist
play_a0674a41b736,playstore,AJIO (Android),https://play.google.com/store/apps/details?id=com.ril.ajio&reviewId=635155ca-700f-4dba-9145-f9e5a4135f53,2026-08-22T15:59:51+00:00,Too much difficult to find your product and price is different when we add to cart and when we proceed order. What a lame mind game of the makers. Hats down to you😡and now latest review about customer service and this is that AJIO Customer service is the worst customer service. Did not get my product and when I raised complaint I was told that your refund has been initiated and now I got call that YOUR complaint us very old si you will not receive refund. SHame on you,AJIO,added to cart / bag
play_8937258cb464,playstore,AJIO (Android),https://play.google.com/store/apps/details?id=com.ril.ajio&reviewId=b4b17a53-2b93-467c-99b8-2f9bf30ecbf1,2026-08-22T15:59:51+00:00,Too much technical issues... It's irritating😫 I am trying to reach my wish list from 2 days but I am unable to reach.... It's only saying oops something went wrong and then show an IP address.... That's it... Very bad experience with Ajio..,AJIO,wishlist
play_84a310f9d391,playstore,AJIO (Android),https://play.google.com/store/apps/details?id=com.ril.ajio&reviewId=667e5937-851c-4819-80c3-abd3cbc7029c,2026-08-22T15:59:51+00:00,"what a pathetic application it is , i cannot add or remove anything from my wishlist. application crashed several times and after opening the app it is showing some error . after 40 mins i shomehow managed to add my cart but i failed again during payment method selection and adding address selection. Vey disappointed form this app",AJIO,wishlist
play_2eedb0ef5364,playstore,AJIO (Android),https://play.google.com/store/apps/details?id=com.ril.ajio&reviewId=7ee3abf1-29e8-4bdc-b78c-b4ec5b30560b,2026-08-22T15:59:51+00:00,"1. I am trying to return a shirt since 3 months now. I placed this return request in March and initially it said that it will be picked up in April due to lockdown. It's been 2 months since April, I have been trying to reach out, the helpline number mentioned is an invalid one, if I mail, no one replies and if I try to raise queries about the product, ""Something went wrong"" keeps popping. 2. Bag limit is 20. 3. Closet limit 20. 4. Out of stock elements are displayed unless add to bag is clicked.",AJIO,added to cart / bag
play_adacbdc09e48,playstore,AJIO (Android),https://play.google.com/store/apps/details?id=com.ril.ajio&reviewId=b30c9a55-3d10-4ea2-8d84-9f5bae433c26,2026-08-22T15:59:51+00:00,"You guys always have funny reasons all the times I try to book something. Sometimes ""Oops, something went wrong. Please try again later"" sometimes ""your address cannot be fetched"", ""cannot add to wishlist"", ""no Cash on delivery"" so much issues. Fedup, totally disappointed in this app. Don't Don't download this app anyone. Don't ever. Don't deserve even 1 star.",AJIO,wishlist; added to wishlist
play_9b747dbbcd28,playstore,AJIO (Android),https://play.google.com/store/apps/details?id=com.ril.ajio&reviewId=ce0944ac-8dd7-40bf-b98b-958041708e00,2026-08-22T15:59:51+00:00,"I stopped using this app just because of the latest update . It's so frustrating nd it takes a looot of time to load and whenever I click products from wishlist , it takes me to the homepage . What is this ??? So many people have raised their complaints here about this. Resolve these issues asap.",AJIO,wishlist
play_a3ce1f2c144b,playstore,AJIO (Android),https://play.google.com/store/apps/details?id=com.ril.ajio&reviewId=40dad663-34fd-44eb-93ba-e7a738ba3780,2026-08-22T15:59:51+00:00,when I open app to view a product in my wishlist and again come back to check others it would take me to the beginning of the page! And this happens everytime which is really frustrating! Hope the changes will be made for the ease of the customers- 1. FYI the app is updated 2. Internet is in good condition 3. Don't ask me to share any screenshot since it's a glitch from your end,AJIO,wishlist
play_fef2d08a5770,playstore,AJIO (Android),https://play.google.com/store/apps/details?id=com.ril.ajio&reviewId=ee162681-f54b-4039-a73d-e17b94832153,2026-08-22T15:59:51+00:00,"Earlier, I had an amazing experience with ajio but now it's getting worse my wishlist and bag never gets load. There's always an error. So, how I am supposed to order from my cart when it's not even opening. Please resolve this issue soon",AJIO,wishlist
play_52cf3ddbd595,playstore,AJIO (Android),https://play.google.com/store/apps/details?id=com.ril.ajio&reviewId=6fc01117-d0bb-4520-b8b8-c9f6a894bd29,2026-08-22T15:59:51+00:00,There is something wrong with the app..I am unable to access my wishlist... as a result I missed out on shopping some of my favorites with offers and now they are out of stock.. also still can't access my wishlist.. it keeps on saying try again after some time...,AJIO,wishlist
play_a4117316589d,playstore,AJIO (Android),https://play.google.com/store/apps/details?id=com.ril.ajio&reviewId=ccc31a33-ec0a-4dac-ad5e-842e1a234b01,2026-08-22T15:59:51+00:00,"App does not have wishlist capacity the max you can wishlist is not more than 100 items, if you wishlist more than 100 your previous whish listed gets unlisted automatically, and the surprise thing is I don't know if I'm the only one here, I cannot see any offers on the items I want to purchase. whereas as few of my other friends are getting really good coupon offers, did ajio block me from getting coupons on my account.and why is it so hard to get in touch with Cx care agent.",AJIO,wishlist
play_18d0a603ca8a,playstore,AJIO (Android),https://play.google.com/store/apps/details?id=com.ril.ajio&reviewId=2d1984f0-bd6a-4bdd-9783-12b1c8ce67e4,2026-08-22T15:59:52+00:00,"The app is not allowing any button...when i login it saying not able to reach server. When i am trying to save in wishlist it is not working. This is happening from yesterday only, from the time ur sale has started. If u don't want to sell then y to keep sale?",AJIO,wishlist
play_ebd0f79534c8,playstore,AJIO (Android),https://play.google.com/store/apps/details?id=com.ril.ajio&reviewId=682a1fb2-6411-469c-b4b7-1039703a0371,2026-08-22T15:59:52+00:00,"Very bad app. You don't believe when you do not shopping your wish list otomaticly vanished, and say –“hang your wishes where you can make them come true”... Very very bad this app ...product not so good.... Dealivary too late........ Please don't download this #😷😡",AJIO,wishlist
play_1c721b9c04d1,playstore,AJIO (Android),https://play.google.com/store/apps/details?id=com.ril.ajio&reviewId=ef81ee1a-b576-4b5c-a57b-47f01792f437,2026-08-22T15:59:52+00:00,"No delivery issues no damage issues but the thing is that the dresses in my wishlist and dresses I like neither be out of stock nor be the size I want is out of stock I wait for weeks and months still out of stock if we're not getting the dress we like, if they're not responsible to restock dresses then what's the use of this app actually",AJIO,wishlist
play_9846900d78fa,playstore,AJIO (Android),https://play.google.com/store/apps/details?id=com.ril.ajio&reviewId=34043b1d-d519-4b86-a6a5-61a0291692df,2026-08-22T15:59:52+00:00,"App was really great until i got to know the wishlist limit problem and that literally sucks. I was back to see my favourite items and pfft everything was disappeared that thing seriously picked my head 😫🤯. Please do something on it, i want all my favs back.",AJIO,wishlist
play_c9e1a555c13d,playstore,AJIO (Android),https://play.google.com/store/apps/details?id=com.ril.ajio&reviewId=a4075002-4311-4a44-9035-efa853049616,2026-08-22T15:59:52+00:00,"Upon going back from any product present in the wishlist, it starts again from the beginning of the wishlist. It's really irritating and disgusting to scroll all the way down and find that very product again. Please fix it guys. Also, kudos in solving the laggy surf page!",AJIO,wishlist
play_063452585e79,playstore,AJIO (Android),https://play.google.com/store/apps/details?id=com.ril.ajio&reviewId=b9b58274-4fff-43b2-89f6-5e388a5e9aea,2026-08-22T15:59:52+00:00,"Whenever I go to buy something from here, the items are not available Some shoes have been in the wishlist for 2 months But its stock may not be available yet After ordering something you like, if it is delayed it will be out of stock within 1 hour My advice is to ban this application This is a time wasting application And the last thing is that there is more problem & delaying in delivery Waste of time application Waste of money application Please close it 🙏🏻 🤮🤮🤮🤮🤮🤮🤮🤮🤮🤮🤮",AJIO,wishlist
play_8676c3217c36,playstore,AJIO (Android),https://play.google.com/store/apps/details?id=com.ril.ajio&reviewId=ee9f18ab-2b04-47da-842c-ef63c0b63e15,2026-08-22T15:59:52+00:00,Pathetic app. Can't wishlist or order any item. I have been a regular customer of AJIO but now it's a waste of time. It repeatedly asks to login but u can't login no matter how many times you try. App always gets hanged. Uninstalling.,AJIO,wishlist
play_e3f1a1215015,playstore,AJIO (Android),https://play.google.com/store/apps/details?id=com.ril.ajio&reviewId=d9cbbcc1-f7a3-4821-8bc6-059492134fe7,2026-08-22T15:59:52+00:00,Theres this thing I don't like at all it has a limit to its wishlist to a certain amount of maybe 50 and u can't saved more than that even if I do save them the products I have saved before just disappears and its a little irritating 🤷🏻‍♀️🤷🏻‍♀️ plz look into this and do something about it asap!,AJIO,wishlist
play_da839d05d543,playstore,AJIO (Android),https://play.google.com/store/apps/details?id=com.ril.ajio&reviewId=16ed39ba-06d5-42eb-8af8-2651b0c445ca,2026-08-22T15:59:52+00:00,Wishlist stores just 50 items. All the clothes I discovered are gone cuz of the size limit. Haven't ordered yet cuz can't find the clothes I wishlisted as it deletes the older ones if the limit exceeds 50. Definitely the biggest let down.,AJIO,wishlist
play_f4c2f7dd19c4,playstore,AJIO (Android),https://play.google.com/store/apps/details?id=com.ril.ajio&reviewId=a68d5ba7-6578-4ca0-b24c-3459469aea2b,2026-08-22T15:59:52+00:00,"They blocked my account due to high return volume without prior notice. My coupons, wallet amt and wishlist is gone, how pathetic is that. Horrible policy, least they could do was inform me or levy return charges. Would not recommend.",AJIO,wishlist
play_9800e85704f8,playstore,AJIO (Android),https://play.google.com/store/apps/details?id=com.ril.ajio&reviewId=d38803e4-a03d-4925-af58-61e21445421a,2026-08-22T15:59:52+00:00,"I used to like this app initially. Good brands were available at cheapest price. But now, I don't know what's is the issue, orders get cancelled on its own. Items from wishlist get deleted . There are a lot more issues👎",AJIO,wishlist
play_68fb51cbbfed,playstore,AJIO (Android),https://play.google.com/store/apps/details?id=com.ril.ajio&reviewId=20e19e75-6b1c-4e12-9d87-e79753ee6551,2026-08-22T15:59:52+00:00,"i have revied long before but u people are not worried about the customer's review. this app tastes the patience of the customer and its the slowest shopping app. evrytime u open it will show ""sorry, something went wrong"" i am still finding that something which goes wrong evrytime.. 2ndly all wishlisted item it wont show only few items it shows.. so guys seriously work on it before we get irrited for the final time. 4times i hv uninstalld nd instld but same result. solve the issue asap",AJIO,wishlist
play_d48566f26da8,playstore,AJIO (Android),https://play.google.com/store/apps/details?id=com.ril.ajio&reviewId=794cb890-2590-400c-bd5e-a7012b5ab80b,2026-08-22T15:59:52+00:00,"Whenever I scroll wishlist items to end of the list then after viewing any product from wishlist, Once after clicking on back it is going to top of the wishlist. If you want to see other items at bottom again have to scroll end of the wishlist items. This is not user friendly. Request the developers to fix this issue ASAP.",AJIO,wishlist
play_01c87fb5fa3e,playstore,AJIO (Android),https://play.google.com/store/apps/details?id=com.ril.ajio&reviewId=caa12f81-eb40-4642-acf6-6041fcd1e665,2026-08-22T15:59:52+00:00,"The app has a great variety. SUGGESTION- It would be great if n number of products can be added to wishlist. I added things in wishlist around 1000, and when I checked out the older once disappeared. It would be great if we can add more items",AJIO,wishlist; added to wishlist
play_1bbd929a7fa1,playstore,AJIO (Android),https://play.google.com/store/apps/details?id=com.ril.ajio&reviewId=5b0cc9ff-6124-4ab5-a5e4-20cc1477d562,2026-08-22T15:59:52+00:00,"Amazing collection and discounts. Unbeatable prices, but the app is really buggy and hangs a lot. Also takes a long time to add to bag, view the item, and half the time you have to go back and repeat the step to get it to work. Please work on the bugs and lag, then you'll have a super smooth user experience.",AJIO,added to cart / bag
play_e2ff62c483e4,playstore,AJIO (Android),https://play.google.com/store/apps/details?id=com.ril.ajio&reviewId=6481cbf7-6115-4877-88af-a326ac4aee88,2026-08-22T15:59:52+00:00,"The experience sucks! I wishlisted many items and wop! They are not even showing, they have been removed automatically! And i don't want to call any 1800 number , cause those won't solve our problems , i didn't expected this form ajio!!",AJIO,wishlist
play_08b332ecbe85,playstore,AJIO (Android),https://play.google.com/store/apps/details?id=com.ril.ajio&reviewId=32fcbf1d-4554-4938-9567-899319ead52f,2026-08-22T15:59:52+00:00,Old Wishlist items disappears when new items added. Its a software bug. Ajio technical team should fix this. Otherwise its a good app never faced any return or exchange issue but few times they deliver wrong products.,AJIO,wishlist
play_d4329d11a3ab,playstore,AJIO (Android),https://play.google.com/store/apps/details?id=com.ril.ajio&reviewId=feaf9b08-3095-4658-bf81-f99b9d1121d5,2026-08-22T15:59:52+00:00,Clothes and footwear section too good...... But the only thing disappointed me is convenience fee and cash on delivery (both added up to ₹60) which is high of course as compared to other shopping apps. The worst thing about the app is that it automatically removes many items from the wishlist....,AJIO,wishlist
play_c99dd68062bc,playstore,AJIO (Android),https://play.google.com/store/apps/details?id=com.ril.ajio&reviewId=0e99a355-f429-4b6a-a8c8-e54d386682e5,2026-08-22T15:59:52+00:00,"I really love this app and its product item is really superb but I have noticed one thing that this app is taking a lots of time while loading any product,actually it is taking a lots of time while searching or opening cart or opening wishlist also. First I thought it is my network issue but when I checked another app all are working, my network is fine and ajio has some glitch, my life is already so messed up and busy and now this is so annoying, please fix it as soon as possible! Thank you!🥺",AJIO,wishlist
play_a960b7a0af87,playstore,AJIO (Android),https://play.google.com/store/apps/details?id=com.ril.ajio&reviewId=e5b9998c-9c18-4dcd-8770-0398320568d6,2026-08-22T15:59:52+00:00,"The app keeps crashing, while ordering the product error keeps popping up,while placing the order it takes more than 10 attempts at a time and can't move products from my wishlist. The app is bugged. New version of app is disaster. Old version was much better and stable. Did all the things developer asked...yet the problem persists.",AJIO,wishlist
play_41d85e19e57a,playstore,AJIO (Android),https://play.google.com/store/apps/details?id=com.ril.ajio&reviewId=dfd14f93-b95e-45fe-972e-ce7bc3a49121,2026-08-22T15:59:52+00:00,I have seen and read each and every reviews about ur app and i literally do think that their worst experiences have helped me alot i was going to buy many items from ur app but now i genuinely feel that i should change my mind i have added many items on wishlist but they get disappeared without any reason lemme know if there is any limit on adding the products or anything else please resolve all ur problms or i have to shift to other app🤷🏻‍♀️,AJIO,wishlist
play_426d44a8435a,playstore,AJIO (Android),https://play.google.com/store/apps/details?id=com.ril.ajio&reviewId=b46bb5d4-e876-4a18-9868-985a02f7e135,2026-08-22T15:59:52+00:00,Not able to add more number of products in wishlist. Automatically products are removed from wishlist on exceeding certain limit. It would be great if we can add more number of items in wishlist.,AJIO,wishlist
play_93427f072fd1,playstore,AJIO (Android),https://play.google.com/store/apps/details?id=com.ril.ajio&reviewId=c1140566-161b-4084-8939-2f22fc88f5d5,2026-08-22T15:59:52+00:00,"The feedback I have as per UI interaction is below. 1. Please provide a home button, as going through the products have to get back by pressing back button many times 2. When a wishlisted product is opened and come back, it takes back to top of wishlist and have to scroll down again from top. Adding again in Aug 2024 - You guys are so ready to take Returns fee saying returns are above avg , but you would just simply delay delivery saying sorry.. why can't I entitle to have money for every delay",AJIO,wishlist
play_268925fb0dc5,playstore,AJIO (Android),https://play.google.com/store/apps/details?id=com.ril.ajio&reviewId=d6bfd2b5-e74e-4697-9a4e-640808a94772,2026-08-22T15:59:52+00:00,Pathetic app. Always getting some kind of error when try to apply filter or going to wishlist or bag section. Taking to much time to load the data. You have to close the app and open it again still it's showing some error. While adding in wishlist or bag giving continually error.,AJIO,wishlist
play_a4077556a46e,playstore,AJIO (Android),https://play.google.com/store/apps/details?id=com.ril.ajio&reviewId=0cf05b80-d22f-4d26-beee-5b28d0f8dba0,2026-08-22T15:59:52+00:00,"Price of the product was very high and at the same time if I add some product in lowest cost it will shows as very high. for ex, I added a kurti from avaasa it was 300Rs, after I was add on wishlist and saw after few minutes it'll shows like 370 🙂this is not fair",AJIO,wishlist
play_e66705cb1f4b,playstore,AJIO (Android),https://play.google.com/store/apps/details?id=com.ril.ajio&reviewId=6d30e64c-1044-4f35-93e0-2f3f1f08046e,2026-08-22T15:59:52+00:00,"Very pathetic application 🙄 😒 . Today the service provided by Ajio is worst on the Big Bold Sale. If you can't handle the applicationon the sale day thenwhy are you planning for the sale. I am not able to open my wishlist and also I am not able to see anything. They are only showing ""Try After Sometime"" or ""Something Went Wrong"". Arrghhh!",AJIO,wishlist
play_101a4f2af92a,playstore,AJIO (Android),https://play.google.com/store/apps/details?id=com.ril.ajio&reviewId=364e7a26-58e3-46d9-acde-785b5173d8f4,2026-08-22T15:59:52+00:00,This app has the worst customer care service. No customer care executive to talk to and they don't even reply to emails. Faqs don't help most of the time. The limit of wishlist items really needs to be increased.,AJIO,wishlist
play_eea0465a36d7,playstore,AJIO (Android),https://play.google.com/store/apps/details?id=com.ril.ajio&reviewId=dae38263-d7cc-4c96-b66d-9cd5b152b5c0,2026-08-22T15:59:52+00:00,There are some issues with the app 1. The app starts lagging after using for continuious 5 minutes or more 2. The wishlist starts from the very top everytime a product is viewed from the list. 3. There is no filter option in wishlist and limited filter options in My orders.,AJIO,wishlist
play_6e7510e54f85,playstore,AJIO (Android),https://play.google.com/store/apps/details?id=com.ril.ajio&reviewId=dddeb785-d7e3-4bd8-8896-021b9af108b7,2026-08-22T15:59:52+00:00,Items disappearing from the closet autonomously. 50 items is a very less limit kept for storing items in closet. All older items removed from the closet which I wanted to buy. Poor experience with this.,AJIO,meant to buy
play_a868bbd2db06,playstore,AJIO (Android),https://play.google.com/store/apps/details?id=com.ril.ajio&reviewId=cc008824-d7e6-4215-8d91-4d7c234f8d1c,2026-08-22T15:59:52+00:00,"The app won't budge. It won't let you see your wishlisted stuff neither show the products that you've added to cart. The loading time of the app is just impossible, forget browsing and buying stuff.",AJIO,wishlist; added to cart / bag
play_4d37188ad679,playstore,AJIO (Android),https://play.google.com/store/apps/details?id=com.ril.ajio&reviewId=2c3f26a3-4a30-4cf2-a09b-47e21ca322fe,2026-08-22T15:59:52+00:00,"I think it has the most authentic brands with the lowest price here in india.But I've faced some issues with the app settings.Like the wishlist part where the products that i wishlist, keeps ghosting 😶‍🌫️ and i really hate that,maybe it has some monthly settings where it deletes old things. And I've an issue with the filter settings.It doesn't show the proper number of products having the perticular thing I've filtered. I want ajio to fix such problems otherwise it's the best shopping app.",AJIO,wishlist
play_37639e9779b5,playstore,AJIO (Android),https://play.google.com/store/apps/details?id=com.ril.ajio&reviewId=9f6591a9-0860-486f-813e-5cc6d95d4c5a,2026-08-22T15:59:52+00:00,"I am very disappointed with this app.. as nothing getting added to bag...if it's too bag z not getting open... N latron whn it's bag GT opened till that tym the product is overpriced. What's kind of Big Bold Sale it's. Btr not to have it. In fact my past experience with Ajio is pathetic . I have ordered a Jacket from the site. its size z nt perfect. I complaint so many times to return. Bt noone concerned ,everytym we will soon back to you. My money GT blocked with that product.",AJIO,added to cart / bag
play_9e33f68bf39f,playstore,AJIO (Android),https://play.google.com/store/apps/details?id=com.ril.ajio&reviewId=9b0ebba9-8fff-4bd5-904b-fe7888901e70,2026-08-22T15:59:53+00:00,"Collection is good. But no matter how hard I try, the wishlist items keep on vanishing. It's so painstaking to choose again and again. Need a serious update of app. Also loading takes hell of a lot time.",AJIO,wishlist
play_6393803bb5a7,playstore,AJIO (Android),https://play.google.com/store/apps/details?id=com.ril.ajio&reviewId=818edf0f-67b0-497a-890b-2f0fd7299ca8,2026-08-22T15:59:53+00:00,This app is good for shopping but there is issue with wishlist. Whenever we add new items old items get removed from the list. They don't mention how many items you can whislist.,AJIO,wishlist
play_165a66c4126c,playstore,AJIO (Android),https://play.google.com/store/apps/details?id=com.ril.ajio&reviewId=880a37f5-7ba1-4c0d-b06c-cea7a824652c,2026-08-22T15:59:53+00:00,Looks like some issue with Ajio wishlist. I am not able to view the products that were added few weeks/months back and If I add more products to the wishlist then the products that were displaying are now not showing up in the wishlist. seems like some technical issue.,AJIO,wishlist
play_3b1750edc932,playstore,AJIO (Android),https://play.google.com/store/apps/details?id=com.ril.ajio&reviewId=7d8f3cee-5a7a-425a-ac83-fb1448b9ed65,2026-08-22T15:59:53+00:00,I love Ajio specially their Indie Picks brand. I have purchased from this brand a lot and all the things were really good. Only thing is that there are some bug in the wishlist section. When deleting items from wishlist there is some ptoblem. Hope they fix that soon.,AJIO,wishlist
play_f4f1d879db4e,playstore,AJIO (Android),https://play.google.com/store/apps/details?id=com.ril.ajio&reviewId=7dc8547d-8a1c-483f-8663-814062be43d3,2026-08-22T15:59:53+00:00,Just fed up with this. How much time will take to load???? You guys give offers and when I choose that and added to cart the offer disappeared. 😤 Please just solve thiss issue. I think offers are just fake.,AJIO,added to cart / bag
play_c27f6a908a55,playstore,AJIO (Android),https://play.google.com/store/apps/details?id=com.ril.ajio&reviewId=8d700df4-f504-400c-bb47-190103a9ba49,2026-08-22T15:59:53+00:00,"When I add a product to wishlist, it says for all product as ""Product already in wishlist"". But when I visit the wishlist page there are no items. This really makes my shopping upset, because again I need to find the products.",AJIO,wishlist
play_231ca55cc692,playstore,AJIO (Android),https://play.google.com/store/apps/details?id=com.ril.ajio&reviewId=c4a751fd-65c9-4d35-8949-8e486b52add8,2026-08-22T15:59:53+00:00,"Please add some features: - Where users can rearrange all the items of their wishlist. - Where users can make separate wishlist like my wishlist 1, my wishlist 2.... - There is a glitch whenever clicked on item in the wishlist and then press back button.. instead of starting from last point it goes upto to top of the wishlist and starts from there which is so frustrating. Please solve this and add those 2 features. Thanks 😊",AJIO,wishlist
play_b6381fcb2760,playstore,AJIO (Android),https://play.google.com/store/apps/details?id=com.ril.ajio&reviewId=563e7a70-2a25-4da5-863e-01bee42f7b08,2026-08-22T15:59:53+00:00,"Ajio is my favourite shopping application.Tge discounts are intimidating but worth it.The brands here are unique and offers a variety of handloom products. I have been shopping from this app gor years now and the return policies and refunds have never troubled. The application even wotks very well on the phone.Only concern is that the wishlist items never come in total ,need to delete item to look past added wishlisted products.But rest all is very smooth with the application.Highly recommend 😊",AJIO,wishlist
play_ad557e43c9c7,playstore,AJIO (Android),https://play.google.com/store/apps/details?id=com.ril.ajio&reviewId=8ec2f3d4-e3dc-46cc-99a1-ae148ed69f98,2026-08-22T15:59:53+00:00,"Since few days, my wishlist is being shown that it's empty. The items are not being added to the closet even if I add something new. Highly disappointed. All my saved items have disappeared.",AJIO,wishlist; saved items
play_15f1a61f3bfc,playstore,AJIO (Android),https://play.google.com/store/apps/details?id=com.ril.ajio&reviewId=cb6eaff3-a1b8-4e4b-b47f-40a5a26534e4,2026-08-22T15:59:53+00:00,"Everything wrong with ajio, 1. Only limited number of products can be saved in wishlist 2. Scrolling is lagging, even in my Samsung S24 ultra 3. No categories in wishlist like Myntra 4. Any product from wishlist is opened & once closed, the wishlist reappears from top",Multiple,wishlist
play_761728505340,playstore,AJIO (Android),https://play.google.com/store/apps/details?id=com.ril.ajio&reviewId=2f0b01ea-119d-406f-9df9-f7d237b761d2,2026-08-22T15:59:53+00:00,"I just want to tell you about the bug as am a developer, if am in my wishlist screen whenever I have opened a product in the middle and come back it's refreshing and going back and showing the results from the first again, as I have too many products in the wish list from the longtime I just want to see again about the product and I need to move it to the cart correct,please fix this bug ASAP,so that i can buy more and give the rating about the products which you sell",AJIO,wishlist
play_7de9c91b2a47,playstore,AJIO (Android),https://play.google.com/store/apps/details?id=com.ril.ajio&reviewId=479a00b4-699e-4d09-a280-afc9dce32c7e,2026-08-22T15:59:53+00:00,Very bad experience in sell time and now I see the more and more trouble and when add to cart that cart not appear product and say try after some time so more disturbance faces of this app and now I give return but not show your return is complete only shows pick up of out of delivery so plz solved and plz calling options rakho customer care ka only mail mat rakho so apni problem khul se users bata sake or on the spot query bhi solve ho jaye it's the price very good app but we faces more trouble,AJIO,added to cart / bag
play_043dcdbb0abb,playstore,AJIO (Android),https://play.google.com/store/apps/details?id=com.ril.ajio&reviewId=46b170c9-2e44-485f-b3a4-9dc4fe1dc6fb,2026-08-22T15:59:53+00:00,"Even though ajio has great offers products become out of stock quickly so times within a minute.so restock the items .If the thing is going to b out of stock gives message low stock so that v vl know and also does not hv proper filter and no live chat session for clearing our doubts.The products take many time to load and also 50 products can be wishlisted the number must be increased and also increase the stock of product so that it won,t get out of stock soon or restock the items .",AJIO,wishlist
play_9e0d1956852a,playstore,AJIO (Android),https://play.google.com/store/apps/details?id=com.ril.ajio&reviewId=bc76568b-fed3-4eb1-904e-76e6aa74dadb,2026-08-22T15:59:53+00:00,I think this app has scammed me today. I had a product in my wishlist which cost around ₹6500. It was always out of stock and today when I saw that the product is available of UK-8 size I decided to buy the product with a discount of ₹2200 and the effective price became ₹4300. But I suddenly decided not to pay this much and cancelled my transaction(without making any payment). Afterwards I checked my bank account that ₹6500 got deducted from my bank without any statement proof,AJIO,wishlist
play_e8eb9f2ae8f8,playstore,AJIO (Android),https://play.google.com/store/apps/details?id=com.ril.ajio&reviewId=5e4f9d0a-2cc6-46b4-9fea-918f7710e638,2026-08-22T15:59:53+00:00,"It's really a good app for a middle class guy who is interested in trend! The discountts and coupons are good! The reliance points and jiomart cashback are amazing! Please fix som bugs ( wishlist loads back to the top when I get out of a product after visiting it in wishlist , ) (Search bar is annoying , when I search something and not satisfied with results and want to edit my search , everything is reset) and I suggest you to keep a search with picture option which will be useful!",AJIO,wishlist
play_6965d3857968,playstore,AJIO (Android),https://play.google.com/store/apps/details?id=com.ril.ajio&reviewId=80eaef78-f1f9-40ec-ad43-05d7c2999c26,2026-08-22T15:59:53+00:00,"Ajio was good before,After I moved the items from wishlist to bag,it is showing ""sorry,You can't place order"". I don't know why? It's been months for this problem, had contacted the customer help, but no use.I deleted and reinstalled the app again.but it didn't help.",AJIO,wishlist
play_0854e0bd5cd6,playstore,AJIO (Android),https://play.google.com/store/apps/details?id=com.ril.ajio&reviewId=5c58898a-8fbf-432e-a476-8ccbe4444c79,2026-08-22T15:59:53+00:00,I am trying to update my number from like past 1 week and there is no updation and everytime I try to wishlist a product they ask me to login but they never update my number with my previous mail ID so disappointing so I'M never gonna buy anything from ajio just bcoz their app is a total disaster thing I have ever seen It's soo annoying,AJIO,wishlist
play_262b1cc29907,playstore,AJIO (Android),https://play.google.com/store/apps/details?id=com.ril.ajio&reviewId=7ba63101-1885-4b03-97f8-f3ca4eb608e5,2026-08-22T15:59:53+00:00,"I am wondering why playstore isn't making provision for negative ratings, this app does not deserve a single star. None of the pages are loading, then also they show advertisement to go and purchase. What is the use of having big discount sale when your app is not performing the basic functions. Since 2 days I am trying and I am not able to access my wishlist or bag. Not able to view the products also. Very worst experience ever. If provided I would have rated it as minus 5.",AJIO,wishlist
play_1dd0d3e15896,playstore,AJIO (Android),https://play.google.com/store/apps/details?id=com.ril.ajio&reviewId=93ed2440-e6b8-44f8-81f1-7d345febda8e,2026-08-22T15:59:53+00:00,"I shopped thrice here in ajio I didn't have any issues. Easy to fetch, access but the only problem is my wishlist gets deleted as I add new items please get over this glitch it's really frustrating and making uncomfortable to use the app",AJIO,wishlist
play_71cd1e675f98,playstore,AJIO (Android),https://play.google.com/store/apps/details?id=com.ril.ajio&reviewId=d1f41663-ecda-4975-903c-d4c6bb87e59a,2026-08-22T15:59:53+00:00,It's the cool app.. But i have trouble where I cannot add enough in the wish list. There's very less limit to add in the wishlist . When. I saw a lil old clothes which I added.. It wasn't there. Please fix this problem. I love this app and shopping and offers. But this bothers,AJIO,wishlist
play_95c32ca62ecc,playstore,AJIO (Android),https://play.google.com/store/apps/details?id=com.ril.ajio&reviewId=c546fc60-5589-4465-b9c1-2730ee9c3605,2026-08-22T15:59:53+00:00,"I am using Google pixel 9 pro. I am unable to tap on the top nav icons like search , cart, wishlist etc. it's a very poor experience and I can't literally order anything from the cart. A very poor show from the tech team here.",AJIO,wishlist
play_6b0af900bcf1,playstore,AJIO (Android),https://play.google.com/store/apps/details?id=com.ril.ajio&reviewId=77853e56-b439-4428-97c7-b8946215f790,2026-08-22T15:59:53+00:00,"It is very ridiculous that I can only save 50 items in closet(wishlist). It must be atleast 500 minimum. I found that when I want to select a 51 item in my closet, the 1st item will disappear !!! 😣😣 Otherwise collection is very good & as per the morden generation need. 👍🏼",AJIO,wishlist
play_e8e3a68849b9,playstore,AJIO (Android),https://play.google.com/store/apps/details?id=com.ril.ajio&reviewId=88f45873-692f-4c5c-9d44-c319d4687e97,2026-08-22T15:59:53+00:00,"Why allow out of stock product to be added to bag, only to be disappointed while check out.. this is happening a lot after latest update.. Rating Reduced to 1 star on 23.08.2022 as I received a 10k ladies watch in very poor package with lots of scratch on steel battery cover and without battery..",AJIO,added to cart / bag
play_5ddb5bc0f283,playstore,AJIO (Android),https://play.google.com/store/apps/details?id=com.ril.ajio&reviewId=ce1e7759-b0f5-4ce1-8cef-0fb76a5b67be,2026-08-22T15:59:53+00:00,"Scroll down the wish list and navigate to an item from wish list and click back to wishlist again, it takes you to the beginning of the wish list and doesn't remember the last scrolled item. This is very frustrating experience. Edit: As expected generic reply. I explained the issue and this is enough to resolve the same.",AJIO,wishlist
play_ffe4898a2124,playstore,AJIO (Android),https://play.google.com/store/apps/details?id=com.ril.ajio&reviewId=9921ad9b-5b9a-41c6-b93d-a569f5e865ea,2026-08-22T15:59:53+00:00,"Android app has bug, it shows error msg ""Oops, something went wrong. Please try again"" wherever u click except surfing for the products. cart, wishlist, order s everything shows error. This should be a priority bug as user will not be able to checkout.",AJIO,wishlist
play_41abdb31a8d4,playstore,AJIO (Android),https://play.google.com/store/apps/details?id=com.ril.ajio&reviewId=9e8d4f0b-025f-4918-aa26-2df06b04a2b3,2026-08-22T15:59:53+00:00,"The navigation in wishlist is too bad, also the saved products will disappear from wishlist from time to time when we add more items. No other shopping apps have this issues. Also, they will charge convenience charge for nothing. Prices are also high in Ajio compared to any other apps",AJIO,wishlist
play_d3fc03ab0e55,playstore,AJIO (Android),https://play.google.com/store/apps/details?id=com.ril.ajio&reviewId=d60c7b87-5b77-4231-9f51-ed7dda97d087,2026-08-22T15:59:53+00:00,Worse application ever... initially it was working well..but now whenever I open this app my wishlised item is gone either I was trying to add some item in wishlit but it's again throwing your wishlist is empty..its very irritating I just hate it.,AJIO,wishlist
play_6c87c501a7e2,playstore,AJIO (Android),https://play.google.com/store/apps/details?id=com.ril.ajio&reviewId=85316862-de1a-49a3-9cb3-214c7fbff17b,2026-08-22T15:59:53+00:00,You must develop the logic that non deliverable product to customer address should comes with Pop Up whenever customer selects the product in cart/wishlist. It will help customers in order to choose correct product and save the time accordingly . Trust it will help in ease of transaction also. Rest up to you.,AJIO,wishlist
play_cf54c52fff91,playstore,AJIO (Android),https://play.google.com/store/apps/details?id=com.ril.ajio&reviewId=fa7104dd-32c0-4dcb-8d7b-9b0a08c22c08,2026-08-22T15:59:53+00:00,"Why can't I keep many items in my wishlist? After adding 20-25 products, the previous ones start to disappear. I don't like this. App developers should do something about it. This app needs to be more user friendly!",AJIO,wishlist
play_6453034c29c8,playstore,AJIO (Android),https://play.google.com/store/apps/details?id=com.ril.ajio&reviewId=a7293625-5aee-42a1-8638-458baa9e2e53,2026-08-22T15:59:53+00:00,they show another price from actual very deviations. very much expensive shopping app ever worst experience ever in my life. 2 tshirts add to cart before adding show its only 512 after price changes to 849 disgusting. they show Buy one get 3 but you pay for all the items they make fools with customer very worst service never want to shopping from so called *AJIO*,AJIO,added to cart / bag
play_118625a222d1,playstore,AJIO (Android),https://play.google.com/store/apps/details?id=com.ril.ajio&reviewId=0fb3f246-0740-4f42-a0fd-681f364f1b90,2026-08-22T15:59:53+00:00,Often it's says no internet connection even with good internet connection! And I delete something in the wishlist instead of that another product is deleted and show two same products. This app is messy. Reliance not paying the developers enough!? 🙄,AJIO,wishlist
play_ae0f24d8a714,playstore,AJIO (Android),https://play.google.com/store/apps/details?id=com.ril.ajio&reviewId=be0f686f-5132-46aa-a849-935f55668eeb,2026-08-22T15:59:53+00:00,"Compared to other apps, Ajio is quite good but the number of item we can put in their wishlist is only 50 which is actually too low compared too other apps and so many of my items have gone from my wish list",AJIO,wishlist
play_fe388f764947,playstore,AJIO (Android),https://play.google.com/store/apps/details?id=com.ril.ajio&reviewId=8a06fcce-059a-4dc1-b0e9-f29f80382092,2026-08-22T15:59:53+00:00,Customer Care is very important provide it customers are not able to know any details or anything because of there is no immediate response return the refund as soon as possible the refund is very late and mainly why the products are removing from wishlist if we add new products whats the problem with old items its being removing. Its not correct improve it.,AJIO,wishlist
play_0c7062a081db,playstore,AJIO (Android),https://play.google.com/store/apps/details?id=com.ril.ajio&reviewId=122ed34f-5c4f-4c1a-a3e3-ea78283a9c5f,2026-08-22T15:59:53+00:00,"Worst experience, I add to my cart one jeans and I will buy after some time and in some days the item disappears. And I connect to customer care person they told only sorry sir. No out of stock nothing it suddenly disappeared I haven't used this kind of app",AJIO,added to cart / bag
play_78359079bdab,playstore,AJIO (Android),https://play.google.com/store/apps/details?id=com.ril.ajio&reviewId=53fa2a2b-7a67-499e-bf8c-1827fda2d673,2026-08-22T15:59:53+00:00,Very budget friendly prices with good quality and classy products. I just feel that the app could be more user friendly if there would be an option to save the filters we apply and filters on wishlist,AJIO,wishlist
play_01f0d44c9114,playstore,AJIO (Android),https://play.google.com/store/apps/details?id=com.ril.ajio&reviewId=6f8b7fef-b534-4e68-92a7-64cfb8dbd9a9,2026-08-22T15:59:53+00:00,Worst app.It is always showing error when I open my wishlist and cart.And it's changing its prices every time after adding products to cart.I don't know if the prblm is with app or what..I lost my interest in shopping.,AJIO,wishlist
play_6cb3bfc73654,playstore,AJIO (Android),https://play.google.com/store/apps/details?id=com.ril.ajio&reviewId=2dc28abe-5abe-4277-9fc3-ec1e23e5f1a9,2026-08-22T15:59:53+00:00,"Alright brought few items, experience and collect are good but wishlist is limited, You can't add more than the limited number it will disappear automatically if you could short it out it will be helpful for future shopping. Thank You!",AJIO,wishlist
play_d795224b4f1d,playstore,AJIO (Android),https://play.google.com/store/apps/details?id=com.ril.ajio&reviewId=034d843a-04ff-48d2-849d-df002f8b185f,2026-08-22T15:59:53+00:00,"I have added many item to my wishlist but later it is showing wishlist is empty, sometimes it responding oops!!! Plz fix the bug... please add more trousers for size 28 & 30 its getting out of stock so soon as placing the order ...",AJIO,wishlist
play_ef04ea3492ec,playstore,AJIO (Android),https://play.google.com/store/apps/details?id=com.ril.ajio&reviewId=b0eca16e-b8c9-4609-8501-7ad5f14384fb,2026-08-22T15:59:53+00:00,worst app. it won't allow to save more products in the wish list and it won't goes to the current product in the wish list once we see the another item. it again shows from the starting. worst updates.,AJIO,wishlist
play_83d3e0630507,playstore,AJIO (Android),https://play.google.com/store/apps/details?id=com.ril.ajio&reviewId=3d0e7c34-0b03-42eb-8f37-88c1cd088bd9,2026-08-22T15:59:53+00:00,"I wanted to shopping with ajio I have faced very bad experience with ajio ,, I'm not able to sign up , I don't know why what's the reason , first the CAPTCHA system is not working, second time I wanted to sign up with OTP , it also didn't happen. My add to bag also got cleared really bad experience.",AJIO,added to cart / bag
play_542875bc23f5,playstore,AJIO (Android),https://play.google.com/store/apps/details?id=com.ril.ajio&reviewId=f27da16b-f799-4f40-a80e-72745a460235,2026-08-22T15:59:53+00:00,"Love the collection and the fact that it is affordable too. However please look into the matter of managing the traffic...as the bag,wishlist cannot be accessed at all during sale period.",AJIO,wishlist
play_24c71b7bdba2,playstore,AJIO (Android),https://play.google.com/store/apps/details?id=com.ril.ajio&reviewId=dc6d0e37-d0ad-4f7f-9ee0-ece1a5e4d782,2026-08-22T15:59:53+00:00,"Why you guys always keep on telling ""Oops something went wrong""? What is the purpose of giving offers and deals if i can't even access my wishlist and order anything? Kindly maintain your glitch. Even updated the app no of times. Fed up!",AJIO,wishlist
play_3fa8c4f4b9c8,playstore,AJIO (Android),https://play.google.com/store/apps/details?id=com.ril.ajio&reviewId=3f8bf5ce-a302-45b9-bae0-83b44da5ec36,2026-08-22T15:59:53+00:00,Everything is good. But please solve the issue with wishlist. Once the limit gets full it automatically removes those item and it becomes very difficult to find it again. It's the only issue that I am facing and it's really annoying.,AJIO,wishlist
play_586882246942,playstore,AJIO (Android),https://play.google.com/store/apps/details?id=com.ril.ajio&reviewId=661d8199-1654-429c-9b43-41c08abad5e3,2026-08-22T15:59:53+00:00,App works nicely but only thing which i am really very annoyed with is they don't restock their products ...i mean every second product which i add to my wishlist or am willing to add is out of stock since ages..,AJIO,wishlist; added to wishlist
play_67caf8f4936f,playstore,AJIO (Android),https://play.google.com/store/apps/details?id=com.ril.ajio&reviewId=877d72ca-852e-4a80-bc76-16b0f02702e2,2026-08-22T15:59:53+00:00,"Please update stock.. Whenever I look my wish list, it appears that those products are out of stock. You won't believe it, but since last 1 year, whenever I see the items that I like, it shows no stock.. Especially avaasa brand cloths, please update the stock an avaasa brand.",AJIO,wishlist
play_3407032edeef,playstore,AJIO (Android),https://play.google.com/store/apps/details?id=com.ril.ajio&reviewId=2d301811-1275-4af1-9dd2-8e0a8c890860,2026-08-22T15:59:53+00:00,"Very annoyed with the new updates.. My wishlist always shows that it's empty, but when I add products in the wishlist, it tells that I already have that product in my wishlist, but it's always empty..",AJIO,wishlist
play_87b365087623,playstore,AJIO (Android),https://play.google.com/store/apps/details?id=com.ril.ajio&reviewId=0b04260f-f9c8-4c76-8b60-6aec758f8854,2026-08-22T15:59:54+00:00,"Comes about good thing the platform gives us genuine product at a genuine price , the wrost thing is its interface , you dont get your search result perfectly sometimes its lag and the wrost thing happen with me my wishlist automatically vanished 🤦‍♂️.",AJIO,wishlist
play_5a91814a1a35,playstore,AJIO (Android),https://play.google.com/store/apps/details?id=com.ril.ajio&reviewId=b45c4cba-c5d9-4bb1-9888-002fd350ad5d,2026-08-22T15:59:54+00:00,This app is totally disgusting. The ratings are not true and reviews can't be given or seen. And it takes much time to display things and the greatest drawback of this app is you can't store maximum items in wishlist when you add new items old items disappear.,AJIO,wishlist
play_f57d00ec6957,playstore,AJIO (Android),https://play.google.com/store/apps/details?id=com.ril.ajio&reviewId=80f99fc6-61e1-490f-ae92-1fa31d6ed28c,2026-08-22T15:59:54+00:00,"Disappointed with 1 functionality. If I open a item from wishlist, and click back. It automatically starts from the top of the wishlist. Again I have to scroll down look into another item if that is somewhere below in my wishlist. Please fix this issue.",AJIO,wishlist
play_1f086bcfc083,playstore,AJIO (Android),https://play.google.com/store/apps/details?id=com.ril.ajio&reviewId=4d09ca50-255c-4507-8ae1-76c81ef76c8f,2026-08-22T15:59:54+00:00,"Ajio is a useful app, but its wishlist functionality needs significant improvement. The current wishlist has a restrictive limit that creates a frustrating user experience. The wishlist is limited to 40 items, and when this limit is reached, older items are automatically deleted as new ones are added. This design makes it challenging for users to track and manage their desired products effectively.",AJIO,wishlist
play_849b3c3c0c54,playstore,AJIO (Android),https://play.google.com/store/apps/details?id=com.ril.ajio&reviewId=edc7a4b7-fd81-4620-80a2-99135af33df0,2026-08-22T15:59:54+00:00,"Only thing i dislike is for suppose i clicked an item from my wishlist which is present in the middle of my list or at the end, when i go back again it start from the top items if my wishlist, it should return to where i left it.......",AJIO,wishlist
play_96008fb7efa6,playstore,AJIO (Android),https://play.google.com/store/apps/details?id=com.ril.ajio&reviewId=ed8be77e-8002-43ef-bcc3-d96153c84c26,2026-08-22T15:59:54+00:00,"Even after adding the product to wishlist , once I go back to my wishlist it says my wishlist is empty, all that I have added doesn't show, with this it's very irritating to shop from you Please correct the glitch",AJIO,wishlist
play_6947874f3a6e,playstore,AJIO (Android),https://play.google.com/store/apps/details?id=com.ril.ajio&reviewId=ce8abb71-2a9d-44b3-94af-964ba91fd2c6,2026-08-22T15:59:54+00:00,"I've had an excellent time browsing through the products, wishlisting them and purchasing more than planned! The initial plan was to purchase only running shoes, but ended up with 6 additional purchases! I've thoroughly enjoyed shopping with ajio and the discount mentioned is certainly the best feel good factor!",AJIO,wishlist
play_d56ec2e7de41,playstore,AJIO (Android),https://play.google.com/store/apps/details?id=com.ril.ajio&reviewId=a155e47f-2a30-4f4f-8a8d-b536d35e7248,2026-08-22T15:59:54+00:00,Everything is fine. Additing items in Wishlist is very limited due to that Cannot add more items in wishlist. Required wishlist which is capable of additing more items. Different types of wishlist can be added in ajio app,AJIO,wishlist
play_f26210a62c67,playstore,AJIO (Android),https://play.google.com/store/apps/details?id=com.ril.ajio&reviewId=2f478a36-a202-4d22-b346-d268fc0bb341,2026-08-22T15:59:54+00:00,third class app I could never book anything from this app or its website. it shows item already in cart or already in wishlist could never buy anything from this aslo.when there are some.discounts running the app crashes. never expected this from reliance. u guys should die of shame for making this app this worse. #worstrelianceproduct,AJIO,wishlist
play_2edeb46c8da3,playstore,AJIO (Android),https://play.google.com/store/apps/details?id=com.ril.ajio&reviewId=b74f129d-4788-4645-9c20-948af4a7889c,2026-08-22T15:59:54+00:00,I lost all the items in my wishlist all of a sudden. Please resolve it asap. I'm a first time customer and if this is how the app works I would never consider even keeping the app on my phone.,AJIO,wishlist
play_a0bc5c34ad86,playstore,AJIO (Android),https://play.google.com/store/apps/details?id=com.ril.ajio&reviewId=c2f11ff6-3090-4949-ad2a-524f6a5256cd,2026-08-22T15:59:54+00:00,"I’m not satisfied with the app’s user experience. I get logged out every couple of days, which forces me to repeatedly sign in just to access my wishlist or cart. The app also suffers from frequent lag and performance delays. Additionally, whenever I launch it, it first opens the Ajio website before redirecting to the app, creating an unnecessarily slow and frustrating startup process. Overall, the interface and stability need significant improvement.",AJIO,wishlist
play_0f9d88e8f729,playstore,AJIO (Android),https://play.google.com/store/apps/details?id=com.ril.ajio&reviewId=8b4cf1b6-8f61-4105-9f5d-f003f5aad7c4,2026-08-22T15:59:54+00:00,The app is very slow. Limited number of clothes can be added to the wishlist. Delivery takes ages. Good offers but what's the point if the shopping experience is not good.,AJIO,wishlist
play_2265ed831f2f,playstore,AJIO (Android),https://play.google.com/store/apps/details?id=com.ril.ajio&reviewId=5118c14c-f493-4dec-ad21-7a8909d506cb,2026-08-22T15:59:54+00:00,Items which i had saved in my closet (wishlist) get automatically deleted when they goes out of stock and then its difficult to find that product. Please also show out of stock products or simply put this option in fiters.,AJIO,wishlist
play_eee2e386ff5b,playstore,AJIO (Android),https://play.google.com/store/apps/details?id=com.ril.ajio&reviewId=5ff8a941-722e-47c0-bca6-b42ab72616a3,2026-08-22T15:59:54+00:00,"When I use to check products in wishlist, whenever I open and come back it keep showing from top, it won't resume from where I checked. It's annoying. Kindly fix that issue it's hard to check products from top for each time.",AJIO,wishlist
play_a4d785ac2807,playstore,AJIO (Android),https://play.google.com/store/apps/details?id=com.ril.ajio&reviewId=15c9a874-40ee-4806-bb31-7f3d89bdb174,2026-08-22T15:59:54+00:00,"This app is worst, when it comes to shopping its good but when we go to cart / bag or in wishlist the app takes longer time and at last says Opps Something went wrong please try later. Ajio Developer is wrost and must work on it otherwise its waster of time finding product and when it comes to going in cart, the app does not allow, whats the neaning of opening this app and finding bese deal, look at Myntra and they are awesome and doing freat job. Though I thanks Ajio for better deal.",Multiple,wishlist
play_f792ac9b64cb,playstore,AJIO (Android),https://play.google.com/store/apps/details?id=com.ril.ajio&reviewId=ab499c47-c486-4f79-86ad-4affbf59cf16,2026-08-22T15:59:54+00:00,"Collection is good and reasonable, but app is very dissatisfied. It always saying no internet connection. It's taken too much time to add to cart or closet. Need to work hard on app.",AJIO,added to cart / bag
play_1083830c615a,playstore,AJIO (Android),https://play.google.com/store/apps/details?id=com.ril.ajio&reviewId=02a3ad3e-957c-4fb3-8f83-a5875a35fc68,2026-08-22T15:59:54+00:00,We cannot save more that 50 items in wishlist. All other apps have unlimited wishlist.. This needs to be updated. Also items saved in my wishlist gets auto removed. This needs to be resolved ASAP.,AJIO,wishlist
play_ef524c86b364,playstore,AJIO (Android),https://play.google.com/store/apps/details?id=com.ril.ajio&reviewId=85cbc9da-7a73-43ef-99a1-77fa2816b0d2,2026-08-22T15:59:54+00:00,"Everything here is perfect except the bug with the wishlist. When I scroll down and check the items in the wishlist and open one of them , and then come back , I see the top of the wishlist and not where I was checking out the last product. Please fix this asap.",AJIO,wishlist
play_e05ffd2a1a96,playstore,AJIO (Android),https://play.google.com/store/apps/details?id=com.ril.ajio&reviewId=cba7bb24-3ea3-4236-92fa-1b5dd246ede3,2026-08-22T15:59:54+00:00,Cart and wishlist are not accessible after the last update of this App. I think this is the end for Ajio Platform as Am able to see too many users providing same response with one star rating and yet developers have no idea to how to resolve the problem currently exist with this platform.,AJIO,wishlist
play_491f2a0ac15a,playstore,AJIO (Android),https://play.google.com/store/apps/details?id=com.ril.ajio&reviewId=2a40c6ae-05a3-4962-8428-694052d61e0c,2026-08-22T15:59:54+00:00,Wishlist has no filters. I can't filter items added to wishlists by category. The Myntra app has this filter. Items are easy to filter when I want to order specific items like shoes or sarees or clothes.,Myntra,wishlist; added to wishlist
play_a71556e0247c,playstore,AJIO (Android),https://play.google.com/store/apps/details?id=com.ril.ajio&reviewId=5f42bf8f-47ed-402d-8c20-93956ad88acb,2026-08-22T15:59:54+00:00,"Pathetic app!! I just downloaded yesterday and it just won't work, so stupid! My net is working fine I'm able to browse other apps on 4G but this one just doesn't load anything. So irritated. Not an pleasant experience. Everytime the screen says ""Oops something went wrong, try again later"" can't even see my wishlist or my bag. So bad. And after seeing other negative reviews I'm also sceptical of ordering from here",AJIO,wishlist
play_6e19e3725ead,playstore,AJIO (Android),https://play.google.com/store/apps/details?id=com.ril.ajio&reviewId=42845d3a-8658-425b-b2f9-b2cfd2fcd23d,2026-08-22T15:59:54+00:00,"wishlist is worst,it shows empty even if items were already added to it. Also colour of heart should be changed when added to wishlist, also when viewing different colours of same item, colours changes their position so confusion arises, instead colours should stay at their position and colour should be tick marked. Believe me wishlist is worst.",AJIO,wishlist; added to wishlist
play_13c58b869943,playstore,AJIO (Android),https://play.google.com/store/apps/details?id=com.ril.ajio&reviewId=f12252d9-16d8-4f9d-8770-82a0cec0a4ea,2026-08-22T15:59:54+00:00,"It's a good experience. But, I would request ajio to provide us the notify feature to notify us when any products that we like or wishlisted is available. Sometimes, because of this we loss our buys. Please Ajio",AJIO,wishlist
play_5a491cc6307b,playstore,AJIO (Android),https://play.google.com/store/apps/details?id=com.ril.ajio&reviewId=16ba5a18-77c5-4396-98e2-531d0840d61c,2026-08-22T15:59:54+00:00,Wtever the products i feel reasonable with the price they r never in stock..i have been checking products in my wishlist for months to come back into stock..this is really really annoying. Also the app hangs a lot.,AJIO,wishlist
play_6ba7eab8585c,playstore,AJIO (Android),https://play.google.com/store/apps/details?id=com.ril.ajio&reviewId=508cb991-3d97-49b2-bf5c-12946169849f,2026-08-22T15:59:54+00:00,"Hey ajio consider this moreover as a most useful feature, when we add something to wishlist we also need a kind of segregating them also according to different type ex. all shirts in one partition and jeans in other so that it would be easy for us, when we want to buy any tshirt we specifically go only into that wishlist, add and buy them . please add this feature in next release",AJIO,wishlist
play_0cee45673d00,playstore,AJIO (Android),https://play.google.com/store/apps/details?id=com.ril.ajio&reviewId=edea7e8a-3db9-4b6f-8fb9-418bc905958c,2026-08-22T15:59:54+00:00,"The new UI is not giving feeling to shop, if possible plz provide the earlier view that was simple but amazing. Also th new update removed my saved items from closet /wishlist. Why it's name updated as wishlist Everything was good with this app, don't know who gave further suggestions lol....... Edited comment +. I'll never buy anything from Ajio anymore, everything has fu**d up here, app showing my product has delivered but I didn't get my product. Raised issue but no resolution till now.",AJIO,wishlist; saved items
play_229911aff5af,playstore,AJIO (Android),https://play.google.com/store/apps/details?id=com.ril.ajio&reviewId=827cde85-a846-4cc3-931c-e3d14eb01210,2026-08-22T15:59:54+00:00,"Only few items can be added into the wishlist which is one of the biggest disappointment and also when I try to remove a product from the wishlist some other product gets removed , it's annoying . Please fix this bug asap.",AJIO,wishlist
play_555756658c71,playstore,AJIO (Android),https://play.google.com/store/apps/details?id=com.ril.ajio&reviewId=51e32f01-060a-4d60-81a7-fa4a61ff3e42,2026-08-22T15:59:54+00:00,I loved the app! But the major problem is the limitations on wish list and shopping bag it's annoying. I cannot wishlist my favorite products because of the limitations. Please fix it,AJIO,wishlist
play_20981cf6cc93,playstore,AJIO (Android),https://play.google.com/store/apps/details?id=com.ril.ajio&reviewId=eea28180-1edc-44e8-8294-861f183b03a5,2026-08-22T15:59:54+00:00,It is a good app...has more discount on products but my problem is with wishlist... every now and then my wishlisted products get disappeared on their own....and I don't remember them...it has happened 4-5 times...they have to fix this,AJIO,wishlist
play_ab2337d494b1,playstore,AJIO (Android),https://play.google.com/store/apps/details?id=com.ril.ajio&reviewId=50c07ff6-08a8-4f8c-bbad-f654c2a4cf91,2026-08-22T15:59:54+00:00,"Recently it's getting so irritated Nothing is loading and can't access the bag and wishlist too , saying""something went wrong or try again"" even can't place the order. Resolve this issue unless I just uninstall it.",AJIO,wishlist
play_f9ea962de8a4,playstore,AJIO (Android),https://play.google.com/store/apps/details?id=com.ril.ajio&reviewId=49ccf80e-bcab-4d44-909b-9fe179771b4c,2026-08-22T15:59:54+00:00,"Lot of bugs on web n app the wishlist always goes to top of the list on app when ever you navigate to 1 product page from the wishlist, not enuf space given for writing the address, not enough info about products other than that it's okay",AJIO,wishlist
play_a177d181b53d,playstore,AJIO (Android),https://play.google.com/store/apps/details?id=com.ril.ajio&reviewId=0c3a415c-c2d2-446d-8d9b-df9e2aaa4090,2026-08-22T15:59:54+00:00,Till now it was a very good experience with ajio trends. Love the collection and all branded clothes in affordable range you can get. The only thing cause problem is you can wishlist limited thing only and should have more collection of clothes.,AJIO,wishlist
play_5f5e8c718cbb,playstore,AJIO (Android),https://play.google.com/store/apps/details?id=com.ril.ajio&reviewId=9f8279d8-f192-4a5d-9b6f-ce1825d75587,2026-08-22T15:59:54+00:00,"The only problem with app is that the items I've wishlisted will vanish as soon as I wishlist new items, I don't know what's wrong with the app. However the deals and services are really good compared to other online stores . I wish they just fix this one issue.",AJIO,wishlist
play_677abf93d4fc,playstore,AJIO (Android),https://play.google.com/store/apps/details?id=com.ril.ajio&reviewId=13dbccbb-7ad4-4dde-9958-91b95c07e258,2026-08-22T15:59:54+00:00,Most of the dresses are showing out of stock after putting in wish list can't able to use coupons whatever we purchase the coupon is asking extra to buy then only u can use coupon it's totally cheating meesho is far batter so good comparing to this app ajio,AJIO,wishlist
play_6a43869c13e3,playstore,AJIO (Android),https://play.google.com/store/apps/details?id=com.ril.ajio&reviewId=9a485cb9-1180-4533-8d57-50d962c2279d,2026-08-22T15:59:54+00:00,Ajio big bold sale is worst 👎👎 No sale is there I wishlisted many clothes to buy on big bold sale and i know the Price of those particular clothes but the price is not deduced on bbs It's showing as bbs price is lesser then the actual price but no difference no deduction in price may be 10 or 20 rs deduction is there even resellers are selling these same clothes in same price No use of Big bold sale and waste advertisement 😐I saw advertisement and disappointed very much worst app,AJIO,wishlist
play_17e4f26ad1b4,playstore,AJIO (Android),https://play.google.com/store/apps/details?id=com.ril.ajio&reviewId=8580df74-99f1-4de1-9559-65d09a3adf70,2026-08-22T15:59:54+00:00,"Unable to load cart and wishlist, need to checkout for payment, but app is not loading the cart. After sale has started, it became difficult to use the app due to frequent hang issues.",AJIO,wishlist
play_7c1662a47d98,playstore,AJIO (Android),https://play.google.com/store/apps/details?id=com.ril.ajio&reviewId=ecd254a0-c937-4e40-aa44-3a8e714ed0f7,2026-08-22T15:59:54+00:00,"Always an update with no problems fixed. You open your wishlist,,go nearly all d way down and tap a product to check,,when you want to go back it takes you to the top of the list all the time. It's so annoying 😤",AJIO,wishlist
play_443505e07ae0,playstore,AJIO (Android),https://play.google.com/store/apps/details?id=com.ril.ajio&reviewId=36972ce2-be94-4b79-b8ad-ce4824847b17,2026-08-22T15:59:54+00:00,I don't know what the problem is.. Everytime I have something on wishlist it gets unlisted even when my app is updated. Tried multiple times to wishlist but still it didn't show in the wishlist section. Please solve this problem asap,AJIO,wishlist
play_bf06730f625e,playstore,AJIO (Android),https://play.google.com/store/apps/details?id=com.ril.ajio&reviewId=4a33a627-8296-4235-bf1d-ce0faed6f033,2026-08-22T15:59:54+00:00,"The app is good but there is a bug in my app. I wishlisted some items yesterday, but today it shows that my wishlist is empty. Again when I wishlist the same item today, it shows that the product is already wishlisted. But my wishlist shows empty!",AJIO,wishlist
play_ecf5becd1eb7,playstore,AJIO (Android),https://play.google.com/store/apps/details?id=com.ril.ajio&reviewId=64195f61-b6e0-4fe0-8fd6-6ac3a874cb11,2026-08-22T15:59:54+00:00,The latest version is worst. No wishlist gets saved. Back button not working properly. You don't get to know if the item you selected got saved or not. Very bad experience,AJIO,wishlist
play_4ff8c317c430,playstore,AJIO (Android),https://play.google.com/store/apps/details?id=com.ril.ajio&reviewId=28b1d59c-f6d8-4e1d-a7ef-f3293a331efa,2026-08-22T15:59:54+00:00,"There is a bug in the app.. When a particular product details page is viewed from wishlist and clicked back, the wishlist is loading from the beginning instead of displaying from where we left. This is very irritating because wishlist is reloading everytime.. If there are 200 items in wishlist and I'm viewing the 50th item details page, when I click back, the wishlist is reloading from first. Pls fix this bug in next release.. please fix this bug asap",AJIO,wishlist
play_997aac92b4c5,playstore,AJIO (Android),https://play.google.com/store/apps/details?id=com.ril.ajio&reviewId=db067f34-7ddc-4c67-8353-f8d1c290f544,2026-08-22T15:59:54+00:00,Amazing delivery & return service. UI is also very good. The only thing missing is that checklist should be there for items to be deleted in cart and wishlist as well.,AJIO,wishlist
play_ba10335c4cc7,playstore,AJIO (Android),https://play.google.com/store/apps/details?id=com.ril.ajio&reviewId=498637b4-8071-448d-82c3-afea4b8ca74e,2026-08-22T15:59:54+00:00,"Terrible app..I have been facing the issue whenever I select the wishlist or tried to view a product like it's displaying error message,""oops something went wrong please try again later""then what is the use of this app if it's not displaying wishlist product.i have mailed my concern and they have replied to clear the cache and browser and reinstall..I have done everything still the problem persist",AJIO,wishlist
play_6ad3bed6474c,playstore,AJIO (Android),https://play.google.com/store/apps/details?id=com.ril.ajio&reviewId=fbd3e6e2-fc3c-4b5e-b9db-d60d22d346ca,2026-08-22T15:59:54+00:00,My dresses frm wishlist just disappear idk why...it's happening 2nd time ..and return policy is worst...And After this recent update the coupons don't get availed ...it says 40% off in 1499 above and wen I try to apply it only 40/- got reduced rather than 40% .This app is getting worse,AJIO,wishlist
play_d2cab0d85d9b,playstore,AJIO (Android),https://play.google.com/store/apps/details?id=com.ril.ajio&reviewId=fa9fd21b-8406-411c-88eb-a7364a477f49,2026-08-22T15:59:54+00:00,"There is no zero start so I'm giving 1 star bcoz, in the offer section they showing right clothes after added to cart they show add some more clothes to get offer. Finally ur order reach 3k, totally it's waste business trick. Worrest offers and customer care.",AJIO,added to cart / bag
play_9ae77e3c0ff9,playstore,AJIO (Android),https://play.google.com/store/apps/details?id=com.ril.ajio&reviewId=dda91970-4d97-4f40-940d-8026ff08fd4f,2026-08-22T15:59:54+00:00,Unable to open multiple items. The site is showing price different when added to cart. Really disappointing. The big bold sale is a scam.... Nothing is opening. All showing oops oops oops.,AJIO,added to cart / bag
play_0090eb5a32ab,playstore,AJIO (Android),https://play.google.com/store/apps/details?id=com.ril.ajio&reviewId=5047eded-1d3c-46b8-a170-dda2a615dc0a,2026-08-22T15:59:54+00:00,"Sooo many bugs... Wishlist always go back to first page, after checking a product from it... While browsing products,next pages wont laod.... sometimes wishlist is shown empty.. whole app is very slow too..",AJIO,wishlist
play_ac08e0ede469,playstore,AJIO (Android),https://play.google.com/store/apps/details?id=com.ril.ajio&reviewId=b7f4607c-74ad-46a7-8381-d91c8fa42359,2026-08-22T15:59:54+00:00,I've added many products in the wishlist and my old added products in the wishlist is removed automatically...is there any duration for the wishlisted product that it will remain in your wishlist till that duration...and if this is an issue then fix this,AJIO,wishlist
play_69566ba92505,playstore,AJIO (Android),https://play.google.com/store/apps/details?id=com.ril.ajio&reviewId=9b41973e-9621-4157-b7eb-fa8c599b0b31,2026-08-22T15:59:54+00:00,The app doesn't work at all just keeps saying oops something went wrong. So annoying especially after spending time or shortlisting you cart and not being able to order.,AJIO,shortlisted
play_55b70610b1fe,playstore,AJIO (Android),https://play.google.com/store/apps/details?id=com.ril.ajio&reviewId=686deea5-d5e4-48af-8bae-0eff2866ccbb,2026-08-22T15:59:54+00:00,I am facing problem in ordering ...before the update there was no problem🙂but after I updated ....I can't order add to wishlist and even can't see the bag it says network problem but my internet is fast but it says slow ..so please fix this problem 👍,AJIO,wishlist; added to wishlist
play_c739e522ed0e,playstore,AJIO (Android),https://play.google.com/store/apps/details?id=com.ril.ajio&reviewId=47841076-2ea2-4299-afa9-7213debf9d7d,2026-08-22T15:59:55+00:00,"Worst app , one product in my wishlist is out of stock from 2 months still today also it is not available . when I am trying to make call with customer care there is no response to my call they are telling very silly reasons to take the cal",AJIO,wishlist
play_98110c269b1f,playstore,AJIO (Android),https://play.google.com/store/apps/details?id=com.ril.ajio&reviewId=a7dbf4fe-7eb6-4bc4-8ca9-53545fa07bce,2026-08-22T15:59:55+00:00,"This app is so slow. I can't even select things for my cart, can't get the access to the wishlist & my bag. I don't know whether it's a bug or something, this is really very irritating.",AJIO,wishlist
play_b84ff8db93e9,playstore,AJIO (Android),https://play.google.com/store/apps/details?id=com.ril.ajio&reviewId=c2066fd5-8c48-4ecb-805b-c7a400514dfa,2026-08-22T15:59:55+00:00,"It's very irritating when I click a product in the wishlist page, and navigate back the page get scrolled to the top of the page. Every single time I need to scroll down to the product where I left, not user friendly behaviour in this page",AJIO,wishlist
play_54c62afdd67a,playstore,AJIO (Android),https://play.google.com/store/apps/details?id=com.ril.ajio&reviewId=a03288f3-fa67-4ee2-b1e0-686c4263c641,2026-08-22T15:59:55+00:00,"Full of bugs. Can't login. Not receiving otp. On order confirmation, it shows can't fetch shipping address. Not able to add items to the bag/wishlist even when the size is in stock.",AJIO,wishlist
play_33de1b7aedf9,playstore,AJIO (Android),https://play.google.com/store/apps/details?id=com.ril.ajio&reviewId=5b72290d-0c51-4f83-aa7f-8833487c6588,2026-08-22T15:59:55+00:00,Very bad app Offer are only time consuming you end up buying nothing cz the bag is not opening or the order cannot be processed After puting a lot of item in wishlist wishlist is always empty worst experience of using this app,AJIO,wishlist
play_34ccde59961b,playstore,AJIO (Android),https://play.google.com/store/apps/details?id=com.ril.ajio&reviewId=719643b7-383b-481d-ae6e-51e0683d8423,2026-08-22T15:59:55+00:00,Ux still does not have many options. The wishlist icon doesn't change when I click on it and if I have went through so many pages then to go back to the homepage i have to click on the back button multiple times. An easy option should be there Moving back to home page,AJIO,wishlist
play_0ed6d71edbd3,playstore,AJIO (Android),https://play.google.com/store/apps/details?id=com.ril.ajio&reviewId=13435e18-21a9-4456-add0-ca56fedf5e96,2026-08-22T15:59:55+00:00,"Used to be good They lure with some amazing discounts but the product will be out of stock before checking out, utter waste of time if you dont have sufficient stock dont let the product be added to cart.",AJIO,added to cart / bag
play_350052d405c0,playstore,AJIO (Android),https://play.google.com/store/apps/details?id=com.ril.ajio&reviewId=999f5eaa-b12c-4605-8aa7-8795ed5759a7,2026-08-22T15:59:55+00:00,Good quality clothes are available. But now the app is not properly loading and it is now difficult to browse through the items. The screen freezes and very hard to scroll. Another major issue is that when moving back to the items page in the wishlist it scroll back to the top.,AJIO,wishlist
play_32f74e2b1dc1,playstore,AJIO (Android),https://play.google.com/store/apps/details?id=com.ril.ajio&reviewId=1817bd8d-3de6-4a53-81bc-0fddf0df8436,2026-08-22T15:59:55+00:00,Clothes on this app are branded but the wishlist of this app does not show all the items that I put into my wishlist when I want a particular item literally I dont get in my wishlist it creates a lot of problem otherwise it is good for shopping u get relevant items❤✌💯,AJIO,wishlist
play_3e7e8230d19d,playstore,AJIO (Android),https://play.google.com/store/apps/details?id=com.ril.ajio&reviewId=342289b4-85f6-44c9-a72f-c7170a589c3f,2026-08-22T15:59:55+00:00,What's happening with ajio from yesterday onwards ? Im unable to place order either it says out of stock or payment failed. All the time I have spent in shortlisting clothes has gone in the air.,AJIO,shortlisted
play_3fa74e7f8929,playstore,AJIO (Android),https://play.google.com/store/apps/details?id=com.ril.ajio&reviewId=ccad26fe-fc81-4933-ad27-6ba488a40b40,2026-08-22T15:59:55+00:00,"This is so bad . It only shows oops! Something might have went wrong please try again later. I can't even log in with my account,my wishlist isn't visible. I can't even check out my cart. Please fix this.",AJIO,wishlist
play_7c283f52c008,playstore,AJIO (Android),https://play.google.com/store/apps/details?id=com.ril.ajio&reviewId=29ca3157-cfba-44a6-88a2-62f12b83446d,2026-08-22T15:59:55+00:00,"I had always been a customer of AJIO. But from previous 3 days, your app and website are driving me nuts. 1) Products aren't getting added to cart. 2) Coupons aren't getting loaded. 3) Can't remove products from cart. 4) Can't go further with buying. If your servers cannot handle loads on sale days, then what good are you!! Or else, don't put on sales!",AJIO,added to cart / bag
play_074bad8dd444,playstore,AJIO (Android),https://play.google.com/store/apps/details?id=com.ril.ajio&reviewId=6b32dab5-a969-47f8-b58c-d623403e4ee4,2026-08-22T15:59:55+00:00,Why you want to block the access from other countries?? I wanted to buy closeths for my family members in India by placing order from abroad with my existing ajio account. your app access device location and block usage . I don't understand why you don't want to allow access from other countries for a e-commerce site.Thank you to Amazon their platform is way ahead and that's the reason you cannot compete with them.,AJIO,meant to buy
play_8aa8f150644b,playstore,AJIO (Android),https://play.google.com/store/apps/details?id=com.ril.ajio&reviewId=88922f0b-e1ae-40ee-bb49-f331050286e9,2026-08-22T15:59:55+00:00,While going through wishlist and after looking a particular product it won't back to that particular product which i seen last instead it comes back directly to very first product in my wishlist. This is irritating when wishlist is long,AJIO,wishlist
play_7fffabd961d9,playstore,AJIO (Android),https://play.google.com/store/apps/details?id=com.ril.ajio&reviewId=3da76d83-363b-41ea-9897-a61b82bc6e23,2026-08-22T15:59:55+00:00,"The good You had in the previous version is lost in the new version. worst. When u browse your wishlist at 25 or 50 any number and come back, it starts from 1. Tough and waste of time , approach",AJIO,wishlist
play_5abab9d84a73,playstore,AJIO (Android),https://play.google.com/store/apps/details?id=com.ril.ajio&reviewId=e5e2c914-b7a7-4ed9-9dc3-1f22f258f1d5,2026-08-22T15:59:55+00:00,I had added Redtape tan brown leather boots in my closet and it very fastly vanished from your store and only size 10 is available. I really wanted to buy the shoes with size 6 and 7 for me and my sibling. Please restore the product soon because I want to buy them. I have not purchased anything from ajio yet and it would be my first purchase from ajio but it is unavailable with the desired size.Please do the same at the earliest. Also the item was not showing in my closet for no reason. thanks..,AJIO,meant to buy
play_eb0bbbbe501b,playstore,AJIO (Android),https://play.google.com/store/apps/details?id=com.ril.ajio&reviewId=0cafd7b9-0716-4221-877a-24601c0739fb,2026-08-22T15:59:55+00:00,There is something wrong with the app. I am unable to open my bag to place my order. Ans Also the no. of items are being automatically added in wishlist.,AJIO,wishlist
play_5a2931b4880b,playstore,AJIO (Android),https://play.google.com/store/apps/details?id=com.ril.ajio&reviewId=c9d3ee64-50d0-4997-abe0-1c10c4bf879f,2026-08-22T15:59:55+00:00,Everythime I'm facing an issue with the wishlist if I open a product in wishlist after coming back from the product again the wishlist goes up . I have to drag the products down again to check out the products where I'm . I'm myntra if we checking any product after that if we come out then the wishlist still in that product only it doesn't goes up .,Myntra,wishlist
play_2563a029eae2,playstore,AJIO (Android),https://play.google.com/store/apps/details?id=com.ril.ajio&reviewId=744f8a55-a1a9-49fe-84f5-bdefbecb137f,2026-08-22T15:59:55+00:00,"Hey, the brands displaying are good, but it is operating at a reduced speed. The server is pathetic. Its taking tine to add product in wishlist & many more.",AJIO,wishlist
play_d428a983037a,playstore,AJIO (Android),https://play.google.com/store/apps/details?id=com.ril.ajio&reviewId=a7a8fee9-30bb-47ff-971b-bccace37e3a2,2026-08-22T15:59:55+00:00,"Terrible user interface experience. The items don't get added to bag after multiple attempts. Once they gets added, it's not possible to make changes in the cart.",AJIO,added to cart / bag
play_926f4faac133,playstore,AJIO (Android),https://play.google.com/store/apps/details?id=com.ril.ajio&reviewId=808856de-19a0-49c2-a66b-5308570520c7,2026-08-22T15:59:55+00:00,New updated looks good. But have a bug in app. If I access the items in wishlist and back to wishlistit start from the beginning of the wishlist which need to be correct. And most important feature missing is Product review by customers. I hope you bring it soon if really wish to provide wide transparency on product offers.,AJIO,wishlist
play_a649230a3121,playstore,AJIO (Android),https://play.google.com/store/apps/details?id=com.ril.ajio&reviewId=65b83c9e-08d5-4953-b8a2-6e09041efc3f,2026-08-22T15:59:55+00:00,There is problem coming on my no. Of account if I add some to cart that product is add to bag but the bag ( cart ) is not open and the message Is coming ( sorry you can't place a new order) and I complaint 2 times but issue not solve,AJIO,added to cart / bag
play_eeaa759cce4a,playstore,AJIO (Android),https://play.google.com/store/apps/details?id=com.ril.ajio&reviewId=194aa364-281c-4248-bb2d-bb04a2771ea7,2026-08-22T15:59:55+00:00,I am not satisfied with the number limit on wish list items. My wish list items got disappeared. Very very Disappointed. With a lot of interest I had wishlited those to order in future but now those items are not there very very sad 😞,AJIO,wishlist
play_156d5ed32ae7,playstore,AJIO (Android),https://play.google.com/store/apps/details?id=com.ril.ajio&reviewId=a0ec2e54-fa43-419a-bf52-3a0fb70a7e18,2026-08-22T15:59:55+00:00,I think you should increase the capacity of your wishlist section then i'll definetly gives you the fivestar rating. Please Updated it soon. Overall i love your app. and there is one more problem while operating the app it is very slow even at good or fastest internet speed compare to other apps like flipkart and Myntra.,Myntra,wishlist
play_1d5b9411671c,playstore,AJIO (Android),https://play.google.com/store/apps/details?id=com.ril.ajio&reviewId=1b21ae4e-8420-4f1c-a220-b3c1610b0c42,2026-08-22T15:59:55+00:00,"That's what I am saying.. Because in other apps they don't put that constraint on Wishlist. And also there is a bug, when we select an item of the Wishlist to delete, the item after it gets deleted. Please resolve this issue.",AJIO,wishlist
play_18d760788d90,playstore,AJIO (Android),https://play.google.com/store/apps/details?id=com.ril.ajio&reviewId=45d1282c-b11e-4b6f-ab5f-925c1edb540d,2026-08-22T15:59:55+00:00,App is ok. But we can wishlist thing only a very very low limit. Its very difficult. Other shopping apps do not have these kind of issue. It has limit also. But this is very very low limit,AJIO,wishlist
play_111a6daf6049,playstore,AJIO (Android),https://play.google.com/store/apps/details?id=com.ril.ajio&reviewId=a7c6b016-786d-4529-b087-587f6e677434,2026-08-22T15:59:55+00:00,"Overall user-friendly interface but one thing to improve is if a product is already in wishlist we can't identify it from search results. If we again click on add to wishlist, then only message shows that product already in wishlist.",AJIO,wishlist; added to wishlist
play_1a90eaff2a3e,playstore,AJIO (Android),https://play.google.com/store/apps/details?id=com.ril.ajio&reviewId=65014279-0525-40be-b1a9-58205947f16b,2026-08-22T15:59:55+00:00,your application have more bugs. Please check before releasing the update. Not able to login or see the wish list or added items in cart. I think App testing team is Sleeping. Your Application is down most of the time. please check,AJIO,wishlist
play_4a2dc28fb760,playstore,AJIO (Android),https://play.google.com/store/apps/details?id=com.ril.ajio&reviewId=ce3a4dd4-5d55-4626-acd9-55502bd6eba0,2026-08-22T15:59:55+00:00,It's very good app but it is very inconvenient when U can add only limited number of items in your wishlist...I feel it would be great if that limit is removed like Flipkart and other apps,AJIO,wishlist
play_1e3e8b4734b4,playstore,AJIO (Android),https://play.google.com/store/apps/details?id=com.ril.ajio&reviewId=255298fd-53e1-46d8-a60a-6758eee5259e,2026-08-22T15:59:55+00:00,I tried a lot to add products to my cart why isn't it working it is not just with one of the items almost all items I look for is not added to my cart this happened after I updated my app ajio is going worst day by day if u don't have products why to show them 🙄,AJIO,added to cart / bag
play_909ad4f27267,playstore,AJIO (Android),https://play.google.com/store/apps/details?id=com.ril.ajio&reviewId=9621a5b0-d8a3-4e70-af90-70a3f21f2110,2026-08-22T15:59:55+00:00,I am so much fedup of this ajio app and it's glitches. All my wishlist gets disappeared and it doesn't even show at times. The app keeps getting hanged n number of times. Better improve yar you guys having a big name.,AJIO,wishlist
play_b129fc822737,playstore,AJIO (Android),https://play.google.com/store/apps/details?id=com.ril.ajio&reviewId=b6283b28-479a-48bb-b73c-e4f3b90cacff,2026-08-22T15:59:55+00:00,"To Development team, When we see something from wishlist and then click on back button it's going to starting of the wishlist rather than the item we just saw. This is very annoying. Just fix this.",AJIO,wishlist
play_7c90feaeafcd,playstore,AJIO (Android),https://play.google.com/store/apps/details?id=com.ril.ajio&reviewId=ee79d5fb-b305-43d1-b189-9a95eaedd770,2026-08-22T15:59:55+00:00,"The items in wishlist and cart keep getting removed or vanishes as out of stock. No matter how many times or what products you try to purchase it's a recurring issue, regardless of offers or time of day. Never buying anything from this app or Trends ever again.",AJIO,wishlist
play_0cc50b6c1f99,playstore,AJIO (Android),https://play.google.com/store/apps/details?id=com.ril.ajio&reviewId=697f3f05-636a-4f1b-a0a9-f65cf59f0ad3,2026-08-22T15:59:55+00:00,I love shopping in AJIO. Recent days it is quite famous everywhere. But I hav shopped from its launching time. I felt really bad when I'm unable to see all my wishlisted items in saved page. Please improve wishlist feature. I would like to add more items on wishlist.,AJIO,wishlist
play_fd0a8f3bd6a3,playstore,AJIO (Android),https://play.google.com/store/apps/details?id=com.ril.ajio&reviewId=11a807ab-10e6-4ce1-9ebd-db9f338f3ffd,2026-08-22T15:59:55+00:00,It's very slow and the products are not loading properly. Often error occurs 'please try again after some time'. I am not able to access neither my wishlist nor my bag.,AJIO,wishlist
play_26017e0317e5,playstore,AJIO (Android),https://play.google.com/store/apps/details?id=com.ril.ajio&reviewId=6820101a-380c-4778-a15a-be11b3bd4cf9,2026-08-22T15:59:55+00:00,"I'm giving it a three star because,1st it takes hell lot of time to load things,2nd my wishlist is not showing all the products I saved in it. I tried to scroll down multiple times but after few dresses it stopped and didn't go any further. Please fix that as soon as possible.",AJIO,wishlist
play_bc8462cde91b,playstore,AJIO (Android),https://play.google.com/store/apps/details?id=com.ril.ajio&reviewId=770ff7b7-030a-4a68-bc62-f6c254663f93,2026-08-22T15:59:55+00:00,"When we click on any item in the wishlist and open product detail page, and vome back, we are again at the top of the woshlist page This become very frustating to go through items when you have 100+ items in your wishlist as everytime you see a product, it scrolls to the top. Same issue is in product scroll page, where all the products are shown. After scrolling for 10_15 seconds, it automatically scrolls at the top. Aren't the PM, tester at Ajio try using their own app. This is such a big bug",AJIO,wishlist
play_78f04ad33d90,playstore,AJIO (Android),https://play.google.com/store/apps/details?id=com.ril.ajio&reviewId=bba3fb79-c3e7-47fe-97ea-b2b63860754f,2026-08-22T15:59:55+00:00,I'm unable to see my wishlist and I'm unable to place my order. I'm always seeing that there's some issue and it's showing error while opening my account.,AJIO,wishlist
play_bcc3fad67370,playstore,AJIO (Android),https://play.google.com/store/apps/details?id=com.ril.ajio&reviewId=9635d8f0-729e-4210-82e3-5074ef5427f4,2026-08-22T15:59:55+00:00,Very bad experience with this app ...All products look fantastic and fabulous when it's time comes to Shop or to save for later purchase we can't add to save list.. and also issue with rate it suddenly Hike like within 1 or 2 days....😏 Not liked.. please improve your marketing strategy,AJIO,saved for later
play_b6242cd239ef,playstore,AJIO (Android),https://play.google.com/store/apps/details?id=com.ril.ajio&reviewId=67c19960-cdc4-4d92-83cf-63ca5f99e748,2026-08-22T15:59:55+00:00,Your delivery partner shadow fax delivery is too too late. Horrible experience. And my wishlist item is removed automatically from my wishlist. I have complain many times and the problem is still not resolved.,AJIO,wishlist
play_4536f81ca243,playstore,AJIO (Android),https://play.google.com/store/apps/details?id=com.ril.ajio&reviewId=b35af6ef-d339-41dc-8ce5-5843a9853520,2026-08-22T15:59:55+00:00,"1.There are no proper filters. Please increase the filter options. 2.why rating is not mentioned? Please mention ratings. 3.in wishlist, once after product open if I press back it goes to top of wishlist items. 4.in wishlist, not displayed offered final price",AJIO,wishlist
play_6b94f041b21d,playstore,AJIO (Android),https://play.google.com/store/apps/details?id=com.ril.ajio&reviewId=89001210-2bab-4f8e-b0bb-db14eb04cd52,2026-08-22T15:59:55+00:00,Please fix the wishlist. The problem with it is you can't save more than a certain amount of products in it and if u save more the previous ones dissappear ... Thats so inconvenient,AJIO,wishlist
play_8110e38f594e,playstore,AJIO (Android),https://play.google.com/store/apps/details?id=com.ril.ajio&reviewId=430090bc-eaf1-4307-a02e-a0a65fbba043,2026-08-22T15:59:55+00:00,"This app is great, but for the past week, I'm not able to open my wishlist neither i can add anything to it. It had happened once before, but was back to normal after a few hours. But this time it's been more than a week now.",AJIO,wishlist
play_e0fe67bd948e,playstore,AJIO (Android),https://play.google.com/store/apps/details?id=com.ril.ajio&reviewId=39823a23-2786-4831-a3b2-c2868ceafb0e,2026-08-22T15:59:55+00:00,"When I try to order something... It's keep ok showing ""oops something went wrong try agn later"" this is irritating.. Nd my wishlist seems to look empty when I try to add something to cart from it",AJIO,wishlist
play_c9ba754d5d0a,playstore,AJIO (Android),https://play.google.com/store/apps/details?id=com.ril.ajio&reviewId=f68332bd-5eaa-40b4-9dcf-1b41459a145c,2026-08-22T15:59:55+00:00,App is causing problem . Buffering all the time and not showing up to date size availability. All the pdts i add to my cart is showing 1 size left and not allowing me to purchase anything .,AJIO,added to cart / bag
play_20374230b273,playstore,AJIO (Android),https://play.google.com/store/apps/details?id=com.ril.ajio&reviewId=f622d982-7106-4e55-8b67-2d676371f417,2026-08-22T15:59:55+00:00,"Worst experience ever always hangs while using,not support to apply coupons ...getting to initial stage of wishlist if we open any product in wishlist amd coming back...so many other issues also ... finally very bad",AJIO,wishlist
play_063f93950f17,playstore,AJIO (Android),https://play.google.com/store/apps/details?id=com.ril.ajio&reviewId=f7fe0e53-a767-46e8-8d9b-02ec68c590e5,2026-08-22T15:59:55+00:00,I have been saving items for several looks. And suddenly all items from my wishlist disappeared.... i mean what is that ?..and now I'm unable to find that products on app.. this is frustrating.,AJIO,wishlist
play_73277edc59e9,playstore,AJIO (Android),https://play.google.com/store/apps/details?id=com.ril.ajio&reviewId=188f12a4-13fd-41b2-a353-cbe159178530,2026-08-22T15:59:55+00:00,"WISHLIST TROUBLE. Older items of wishlist automatically get deleted, when the wishlist reaches a limit. I wasn't aware of this and i lost my desired products from the wishlist. At least give a warning.",AJIO,wishlist
play_3bda20aa6d6a,playstore,AJIO (Android),https://play.google.com/store/apps/details?id=com.ril.ajio&reviewId=fe5613a9-0783-45f7-b59d-cafb07a51428,2026-08-22T15:59:55+00:00,"Couldn't be able to add more than a limited number of products to wishlist. It will automatically deletes the products if exceeds, that is a bad feature.",AJIO,wishlist
play_209304cde701,playstore,AJIO (Android),https://play.google.com/store/apps/details?id=com.ril.ajio&reviewId=6fe8de8f-786a-48e1-bca1-c2748f7b9acf,2026-08-22T15:59:55+00:00,"The latest update has so many bugs... Could you please resolve them ASAP. Unable to apply coupon, view wishlist & some times not even loading the home page also, ofcourse any product page or filters not opening. Throwing errors on almost every page.",AJIO,wishlist
play_15baf2854327,playstore,AJIO (Android),https://play.google.com/store/apps/details?id=com.ril.ajio&reviewId=43f906fc-a1b8-4747-ad05-81df4bb80435,2026-08-22T15:59:55+00:00,"Very bad experience, guys note that they increase the price once you add the product to bag and right at the payment payment also they increase the price very scammy When I added to cart a tshirt the price was 283 Next day or is 381 and once payment done the price received in email invoice was 401 Be careful guys",AJIO,added to cart / bag
play_43789f5f0800,playstore,AJIO (Android),https://play.google.com/store/apps/details?id=com.ril.ajio&reviewId=73b6b093-9f44-481b-aca6-2e78634affa1,2026-08-22T15:59:55+00:00,Maximum clothes are very affordable ..... Which is the Plus point of this app ... And I don't think so.... that ther is any issue for wishlist and during coding n oll becozz I am old customer.. of this app nd I didn't get any issue with it ... .👍👍,AJIO,wishlist
play_5ed471ee78cf,playstore,AJIO (Android),https://play.google.com/store/apps/details?id=com.ril.ajio&reviewId=1a09615d-6492-4ce7-9c9a-2cdf2e69da62,2026-08-22T15:59:55+00:00,Much disappointed with this app !! I can't even open my wishlist and even if I open the wishlist some products are missing!!? I think this app doesn't even deserve single star. It was proper when I used this app last time I can't understand what's wrong with this app now.,AJIO,wishlist
play_23981c42d505,playstore,AJIO (Android),https://play.google.com/store/apps/details?id=com.ril.ajio&reviewId=f52b7d39-c74e-4102-81ba-4364825dd2a6,2026-08-22T15:59:56+00:00,App is very slow. While scrolling through the products it shows items which I have not wishlisted as wishlisted. Also the past products which I wishlist vanishes after a couple of days.,AJIO,wishlist
play_a89b77bcb540,playstore,AJIO (Android),https://play.google.com/store/apps/details?id=com.ril.ajio&reviewId=3bc2c3b3-9411-49c4-a109-9ddb0eff5072,2026-08-22T15:59:56+00:00,"I can see that there is a limitation to add items to the wishlist, once the limit exceeds the older product gets automatically removed when new product is added to wishlist, due to this we miss few products..",AJIO,wishlist; added to wishlist
play_79ca26d467af,playstore,AJIO (Android),https://play.google.com/store/apps/details?id=com.ril.ajio&reviewId=17ff2862-ea37-4d56-8087-f0d921eab3f5,2026-08-22T15:59:56+00:00,Very good site..a few changes needed 1) option to sort the items in wishlist 2) Whenever it shows that some items have updated prices then when I click on that item I should be directed to that item in the wishlist,AJIO,wishlist
play_ce3ec4d96494,playstore,AJIO (Android),https://play.google.com/store/apps/details?id=com.ril.ajio&reviewId=dcfc7a76-d057-418c-9c2e-d49b213c9cc0,2026-08-22T15:59:56+00:00,I added some products to the bag which I wanted to buy but after few days it's showing refresh the bag we want to change the price and I refreshed it it's continuously showing refresh I literally did refresh it for so many times but still it's showing refresh so how am I suppose to buy any product if I want to. please solve this problem.,AJIO,meant to buy
play_ba8adce6be7e,playstore,AJIO (Android),https://play.google.com/store/apps/details?id=com.ril.ajio&reviewId=e706cad1-db70-451a-9fbf-9a23c2a61a72,2026-08-22T15:59:56+00:00,Wishlist not working for apps. I have shortlisted some items by applying some filters. Sometime time later I opened the app to go through my selected items but wishlist is showing empty. Very sad experience.,AJIO,wishlist; shortlisted
play_c25e83b5557f,playstore,AJIO (Android),https://play.google.com/store/apps/details?id=com.ril.ajio&reviewId=ef76ba42-a575-4879-9496-60714bd6c676,2026-08-22T15:59:56+00:00,"Very poor UI, Inside app its toooo slow to access something even though i had better connectivity. Even for adding an item to wishlist it takes a lot of time. Very poor AJIO server response",AJIO,wishlist
play_268505dac99c,playstore,AJIO (Android),https://play.google.com/store/apps/details?id=com.ril.ajio&reviewId=5d3410ca-7980-4a27-9b00-99a70f56e38f,2026-08-22T15:59:56+00:00,Why the wishlist is limited if we add more items to the wishlist then the bottom items starts to disappear pls change this so that we can add unlimited items to our wishlist.... so that u can increase ur sales,AJIO,wishlist
play_98bb176d112d,playstore,AJIO (Android),https://play.google.com/store/apps/details?id=com.ril.ajio&reviewId=c83d220f-ea8c-426f-ad44-76f6dfe88a05,2026-08-22T15:59:56+00:00,"the app is not working properly everytime I open wishlist it shows ""something went wrong try again"" and whenever I try to review my bag it is showing the same and discounts are also not refreshing properly.",AJIO,wishlist
play_c8723f8cd86e,playstore,AJIO (Android),https://play.google.com/store/apps/details?id=com.ril.ajio&reviewId=5c823884-c548-4ed2-84fb-160d7c48f5e7,2026-08-22T15:59:56+00:00,Am really pissed off with ajio.I won a couoon and when i wanted to buy and clicked bag it constantly showing something went wrong.Well i have a good strong internet everything was fine untill i won a coupon and wanted to checkout!!Seriously this is not right to waste your customer's time and fool us.,AJIO,meant to buy
play_6dd064e797ac,playstore,AJIO (Android),https://play.google.com/store/apps/details?id=com.ril.ajio&reviewId=52017904-a8bc-4843-b559-900f4c8fa776,2026-08-22T15:59:56+00:00,"Good shopping experience but the app needs improvement and some more features, there shouldn't be limit to the number of items in the wishlist, customer rating option should be there like all other apps.",AJIO,wishlist
play_0d3b839ce345,playstore,AJIO (Android),https://play.google.com/store/apps/details?id=com.ril.ajio&reviewId=2b76ac0c-401a-40b2-b208-50da066a14f8,2026-08-22T15:59:56+00:00,"app is crashing more frequently while checking the closet...otherwise it is fine. and also out stock items am able to add to cart, while payment it is sho wing it is out of stock",AJIO,added to cart / bag
play_6f79b19233ad,playstore,AJIO (Android),https://play.google.com/store/apps/details?id=com.ril.ajio&reviewId=4375c283-8523-4f7d-a1d3-a461a7afe589,2026-08-22T15:59:56+00:00,"This is like the worst app I have ever used!!I placed an order long ago and got the refund in my ajio wallet ...but when today I shortlisted some products and when i was making the payment first it showed me that the payment is going from ajio wallet ,then I confirmed my order and it showed me connection lost .Then I again did the whole process again but it showed me ₹0 in my ajio wallet.I don't even know where my money went and I have no clue what i should do next.👎👎👎👎👎👎",AJIO,shortlisted
play_cef3d3f40416,playstore,AJIO (Android),https://play.google.com/store/apps/details?id=com.ril.ajio&reviewId=74dfe3f2-0f03-4b5f-9492-cf770b3ca093,2026-08-22T15:59:56+00:00,Rating it only 1 stars despite the good quality products I get... The problem is that my products from wishlist keep on disappearing from the last whenever I add some more to it.. This experience I've found to be the worst🙄.. Please look up to this issue of mine.,AJIO,wishlist
play_946aa4c914c7,playstore,AJIO (Android),https://play.google.com/store/apps/details?id=com.ril.ajio&reviewId=565beeff-94e9-4276-8ac8-abfd24603937,2026-08-22T15:59:56+00:00,"Frustrated. I had planned to make purchase on BBS. When I went to app to move from wishlist to bag, the wishlist was empty. Even after new items in wishlist, it's not replicating those items.",AJIO,wishlist
play_2f2b4fd30e32,playstore,AJIO (Android),https://play.google.com/store/apps/details?id=com.ril.ajio&reviewId=b7968a56-5e3d-4e7c-be08-2008d28fe3ea,2026-08-22T15:59:56+00:00,The app hangs a lot. many products are displayed in list as available but when u go to select for order it shows out of stock later. Wishlist options and shopping cart options issues also a lot.,AJIO,wishlist
play_e1571ad220b7,playstore,AJIO (Android),https://play.google.com/store/apps/details?id=com.ril.ajio&reviewId=5741eb74-a47f-4c88-83ba-cca692c8cd2d,2026-08-22T15:59:56+00:00,I doubt the wishlist have certain limits on adding products.. because sometimes i find products missing from my bottom of the wishlist even it is on stock. I find this really irritating.. please resolve this issue,AJIO,wishlist
play_d2d683ef62ab,playstore,AJIO (Android),https://play.google.com/store/apps/details?id=com.ril.ajio&reviewId=798bbef3-e0dc-4f2b-ab8b-307319f356f2,2026-08-22T15:59:56+00:00,"When I click the item to add to cart "" oops ,something wrong ,try after sometime later "" is the error I get .....I uninstalled and reinstalled..its the same error since 6 months",AJIO,added to cart / bag
play_f4e7fd866e49,playstore,AJIO (Android),https://play.google.com/store/apps/details?id=com.ril.ajio&reviewId=eec27af6-9020-419f-a406-1c9485308693,2026-08-22T15:59:56+00:00,The sale has started but the pages are not loading. I never faced this issue with any app. The app is very slow. Even if the pages are loaded the items are not added to bag.,AJIO,added to cart / bag
play_36d33d6f7458,playstore,AJIO (Android),https://play.google.com/store/apps/details?id=com.ril.ajio&reviewId=6b95bcff-fb15-426b-a423-7e4407dbd65f,2026-08-22T15:59:56+00:00,It would be better if there is a different categorised clothing section for wish listed items. Easier to pick And most of the items don't have a size exchange or return.,AJIO,wishlist
play_638061f6e35a,playstore,AJIO (Android),https://play.google.com/store/apps/details?id=com.ril.ajio&reviewId=f91d3111-be23-4613-886c-e46857235842,2026-08-22T15:59:56+00:00,I face the problem in wishlist feature screen. When i click on product from wishlist and go back then wishlist comes at 1 St product and then i have to start scrolling again. This feature is very basic in the app design. When we press back it doesn't come at the same product or place.. Worst experience about this. Also When we select different colours for particular product.. when we back it again goes to each color.more vavks required,AJIO,wishlist
play_9bcd51afbfe8,playstore,AJIO (Android),https://play.google.com/store/apps/details?id=com.ril.ajio&reviewId=ffb8eed3-be9a-4267-92cd-9b268246e7fb,2026-08-22T15:59:56+00:00,"I don't no..,is BBS is sale or scam I mean scam in the sense it's not about the quality of products,it's about the stock maintenance and delivery locations.I turned my wish list to cart all set I'm about to place the order I entered banglore pin code it shown not deliverable then I entered Chennai pin code still the same why? most like brands like (Netplay,DNMX etc..) please sought out this before sale ends . I'm worried about stock balance, delivery locations. Thank you",AJIO,wishlist
play_ff8bba6b03df,playstore,AJIO (Android),https://play.google.com/store/apps/details?id=com.ril.ajio&reviewId=ef28b916-afdb-4dcb-bf39-d550f3126880,2026-08-22T15:59:56+00:00,"I have bad experience.size is not available all the time what I keep in the wishlist it shows out of stock and product doesn't even ship. The product I order, the item is not delivery.",AJIO,wishlist
play_7361e77ff2cd,playstore,AJIO (Android),https://play.google.com/store/apps/details?id=com.ril.ajio&reviewId=bf3ddff6-929d-4b74-ac8e-928c52865119,2026-08-22T15:59:56+00:00,"Updated version is really good. Still have 2 suggestions: 1. If the product is out of stock, show it in wishlist itself. It shows after opening the product. 2. Minimum value for free shipping is high, is it possible to keep it budget friendly?",AJIO,wishlist
play_74204d38be60,playstore,AJIO (Android),https://play.google.com/store/apps/details?id=com.ril.ajio&reviewId=dbe48353-b21f-413d-bff5-b37577b8e3f9,2026-08-22T15:59:56+00:00,"I suspect weather sale is really happening, I wishlisted the products but unable to open the cart. Finally I logged out and tried to login back but the app is not even allowing me to login.",AJIO,wishlist
play_987f976f25ff,playstore,AJIO (Android),https://play.google.com/store/apps/details?id=com.ril.ajio&reviewId=6c18465f-c4e3-4267-91ef-0b248d17eb70,2026-08-22T15:59:56+00:00,Two stars only because the app has problem such as the items in my wishlist disappear all times. Is there a certain limit for adding items in wishlist if not please fix this glitch. The clothes have many veriety and some are of good quality though.,AJIO,wishlist
play_7a131043ebec,playstore,AJIO (Android),https://play.google.com/store/apps/details?id=com.ril.ajio&reviewId=1d0ef20e-0e84-48eb-88e9-ac00d78f93df,2026-08-22T15:59:56+00:00,"This app needs some changes. 1. It drag you to top, Whenever you check a product in wishlist and back. 2. Limited visibility in wishlist, you add new items and bottom item go invisible. Only limited number of newly added items are visible 3. Shoes have different measurements of same sizes, add a filter to shop by feet measurement in CM. 4. Take feedback from reviews, don't ask to drop mail for nothing. Be open to adapt and change to customer's need.",AJIO,wishlist
play_8deae8b1f0eb,playstore,AJIO (Android),https://play.google.com/store/apps/details?id=com.ril.ajio&reviewId=2350be37-e7d1-4171-a093-90667f0bf9a3,2026-08-22T15:59:56+00:00,"I use to loveee this app and purchase a lot of stuff but from 2 days the app is getting stuck. The order page and wishlist page is not opening at all. Just want to convey being a ajio fan, all the stuff is amazing but because of the app defect losing the interest .Please fix this",AJIO,wishlist
play_36e9c15cc90d,playstore,AJIO (Android),https://play.google.com/store/apps/details?id=com.ril.ajio&reviewId=bbfb0f29-155d-47b3-a6e1-0f98401663fe,2026-08-22T15:59:56+00:00,Ajio app have to upgrade by giving stock available options of notification.. Please keep notify us wen stock or size comes bcz we really want to buy those clothes that's y we keep on wishlist so that we get notified but in this app no such options is there please make that option..,AJIO,wishlist
play_a4daacc089e6,playstore,AJIO (Android),https://play.google.com/store/apps/details?id=com.ril.ajio&reviewId=d8b757ef-3124-409c-81a6-a62e0fa51e9e,2026-08-22T15:59:56+00:00,I absolutely loved it🥰!! but one thing I literally don't know why there is only limited option with wishlist were I save them 😌 which I love to buy later 🫠please fix the wishlist problem make it unlimited please🙏 🤓,AJIO,wishlist
play_864cbe4502d5,playstore,AJIO (Android),https://play.google.com/store/apps/details?id=com.ril.ajio&reviewId=e46056b9-126c-483a-9cc2-029140325f84,2026-08-22T15:59:56+00:00,I tried so many times to add a item to my bag but its always showing something error occurred try again..when i tried to remove a item from my bag same issue and also when i tried to move a item to wishlist that time also i m getting same issue really i m very frustrated So so so many bugs,AJIO,wishlist
play_e3d42ef479a5,playstore,AJIO (Android),https://play.google.com/store/apps/details?id=com.ril.ajio&reviewId=57eede14-66ad-4cd5-ac52-d1678ade932f,2026-08-22T15:59:56+00:00,"Wants to know my location on each click like developer's life depend on it. I searched for shoes on google and ajio started showing me targeted ads every day every second. I liked one of things, it want to login to save wishlist. Justified. I did put my pincode too.Still it wants to know my location like an obsessive girlfriend.I allowed it at last, yet it wants me to manually turn the gps on. Like am going to keep a secret in end where to deliver product.Slap your developer, focus on smooth app",AJIO,wishlist
play_4b7c8ea163be,playstore,AJIO (Android),https://play.google.com/store/apps/details?id=com.ril.ajio&reviewId=ca2ab15f-37d9-4d2d-8c18-e17ca23748e4,2026-08-22T15:59:56+00:00,I've tried a multiple times but it's not sending me the OTP so I can start shopping.. I really want to make a wishlist and want buy so many things but it's not Login or signup !! ☹️,AJIO,wishlist
play_e6a9fb021670,playstore,AJIO (Android),https://play.google.com/store/apps/details?id=com.ril.ajio&reviewId=3d62a1be-74cc-4db0-8a7c-391dfd213c15,2026-08-22T15:59:56+00:00,Worst Shopping App...It just Load & Load & Load & Load.............. always face Network Issue only on this app ....I'm Flipkart Plus Members and it perfectly work fine with not network or loading issue ....same in Amazon...no buffering or loading issue ....But This App & Website always crash at the time of payment ....and when I add any item to wishlist ...it takes 2-3minutes of loading...Don't desrves even 1 star...very bad experience...I will never use this app in future... Uninstalling!!!,AJIO,wishlist
play_ca8f36d5c001,playstore,AJIO (Android),https://play.google.com/store/apps/details?id=com.ril.ajio&reviewId=3fbf42c0-52b4-4d32-9379-8eacce96013e,2026-08-22T15:59:56+00:00,"Even though I have wifi connection,this app has started showing ""no internet connection"", ""oops something went wrong"" after putting few items on wishlist.expecting a quick resolving for this problem.",AJIO,wishlist
play_c64112678984,playstore,AJIO (Android),https://play.google.com/store/apps/details?id=com.ril.ajio&reviewId=2891fd77-3a67-4c88-9723-ed30ddc62407,2026-08-22T15:59:56+00:00,"I love this app so much but i really hate it when our closet wishlist is so short that i lose track of older products that i wishlisted that i really wanted to buy. Now, i cant find them or it is a pain to find them again. It really shortssells your experience. Please fix this.",AJIO,wishlist; meant to buy
play_950e0e204ceb,playstore,AJIO (Android),https://play.google.com/store/apps/details?id=com.ril.ajio&reviewId=64bca654-8fc1-48af-999e-11830a8f0d2a,2026-08-22T15:59:56+00:00,I'm getting really fed up with the app as well the website... Nothing is loading... I can't even access my wishlist or bag... No way I can place an order... 'oops something went wrong' 'please try again later'... Going to uninstall the app,AJIO,wishlist
play_29399244731e,playstore,AJIO (Android),https://play.google.com/store/apps/details?id=com.ril.ajio&reviewId=94db682f-37ef-4b5f-93ff-b2df614b3f57,2026-08-22T15:59:56+00:00,"Absolutely nothing in the app is working. I can't wishlist any items or put anything into my cart. I'm not able to view my wishlist or cart at all. None of the sections are loading, I can't view any items. What is up with the app?!?",AJIO,wishlist
play_4711aa52dde4,playstore,AJIO (Android),https://play.google.com/store/apps/details?id=com.ril.ajio&reviewId=8403ef29-4e4c-485d-9ab3-50a10ceb70a8,2026-08-22T15:59:56+00:00,Not able to view cart or wishlist. 'oops.. something went wrong' message keeps popping up on the screen. Have never faced such an issue on any other app.,AJIO,wishlist
play_5d2c391e62c8,playstore,AJIO (Android),https://play.google.com/store/apps/details?id=com.ril.ajio&reviewId=d3430c6b-81d0-4f51-a8c9-b96c743e3ba2,2026-08-22T15:59:56+00:00,"Worst experience, As I couldn't add item from wishlist to bag, even on my first experience, there was an error showing more than one day that please try again later and cart not found, so After so many tries and with disappointment with this ,lastly I unistalled the app.",AJIO,wishlist
play_651f10ffef28,playstore,AJIO (Android),https://play.google.com/store/apps/details?id=com.ril.ajio&reviewId=394bb545-3b08-4bd0-b1a2-cc9b385574ea,2026-08-22T15:59:56+00:00,"Fire your developer team and hire a Freelance one coz they do better job on this app.. Pathetic laggy experience plus whenever you go back in your wishlist, it starts from top (seriously dev).. Platform fee + Convenience charge is another major issue (like Reliance doesn't have any money to pay, so charging customers).. Ignore Ajio guys ..",AJIO,wishlist
play_a0e0a194df42,playstore,AJIO (Android),https://play.google.com/store/apps/details?id=com.ril.ajio&reviewId=37027997-3d10-4724-bee0-8fef0beccb52,2026-08-22T15:59:56+00:00,"Not able to order or even see my wishlist. Each time I try to open cart, it shows an error and then app got hang The error says ""We are updating our prices""",AJIO,wishlist
play_57e656679895,playstore,AJIO (Android),https://play.google.com/store/apps/details?id=com.ril.ajio&reviewId=cc182f5d-0aaa-415d-b453-a2e490eb6781,2026-08-22T15:59:56+00:00,I cannot even signup properly everytime it comes something went wrong please try again later and the same appears when I try to add something on my wishlist I highly disliked this app!,AJIO,wishlist
play_e622b8c3057d,playstore,AJIO (Android),https://play.google.com/store/apps/details?id=com.ril.ajio&reviewId=e572433f-cee4-4f2c-a7cf-e4151a8f1754,2026-08-22T15:59:56+00:00,"No customer care service i was told that my refund was initiated 2 days ago and i will get my money within 48 hrs but I didn't get anything. Even the product i wanted to buy with that refund is out of stock now. And please don't reply to me here saying that contact us, because your customer service is always occupied they won't answer me......",AJIO,meant to buy
play_ea19aa587913,playstore,AJIO (Android),https://play.google.com/store/apps/details?id=com.ril.ajio&reviewId=d06709d1-e5a0-4411-b184-41afba3bebf0,2026-08-22T15:59:56+00:00,"I have been using Ajio for some months and I just love it until yesterday. I was surfing and wanted to buy some clothes but unfortunately, my bag is not opening. It says ""Oops something went wrong"" and just won't let me have acccess to my bag. All my desired clothes are selling very quickly and I needed some of them. Very fed up with this. Please help me out as fast as possible and let me know what is up with the bag not opening.",AJIO,meant to buy
play_9795fad9b105,playstore,AJIO (Android),https://play.google.com/store/apps/details?id=com.ril.ajio&reviewId=e7ec7883-64ee-451e-b516-d227cd6e93d2,2026-08-22T15:59:56+00:00,"Good collections bt the problem is most of the items are out of stock , especially childrens .Restocking is toooo late. Pls make fast restocking. Because my fav items are in wishlist 😓 so I give 3 stars..",AJIO,wishlist
play_dbd91354a653,playstore,AJIO (Android),https://play.google.com/store/apps/details?id=com.ril.ajio&reviewId=1994ebfd-eae5-4c2b-8adc-85dd543bd962,2026-08-22T15:59:56+00:00,New update is better than older version but some features are not available such as notification for restock of product and while clicking on product in wish list it's navigating to Home Page rather than desplaying product details,AJIO,wishlist
play_cdc53a04505b,playstore,AJIO (Android),https://play.google.com/store/apps/details?id=com.ril.ajio&reviewId=3565a199-50cf-4019-826f-70bd68068fd2,2026-08-22T15:59:56+00:00,Ajio! Please resolve the issue with your wishlist. It has very less limit and the items at the bottom of the wishlist disappear if something new added. This is not good.,AJIO,wishlist
play_4ce5cc033ff6,playstore,AJIO (Android),https://play.google.com/store/apps/details?id=com.ril.ajio&reviewId=d2e83d0c-8d02-48e6-9eba-e03f1eb1ed0d,2026-08-22T15:59:56+00:00,"Seriously, Ajio is no less in comparison to Myntra and all other fashion applications. Except for the reason that products of some brands are not available in Ajio. Especially, the UI for selecting the wish list products to bag is beautifully designed !",Multiple,wishlist
play_26dbade91f2b,playstore,AJIO (Android),https://play.google.com/store/apps/details?id=com.ril.ajio&reviewId=95551fde-988f-48c1-8d82-22b4c04568d2,2026-08-22T15:59:56+00:00,"1) If we view the one product from wishlist and go back after viewing , again app displays from start 2) filter is not working as expected 3) price range is increased day by date after advertising the app 4) if we search for one product, app will not work in a expected way while scrolling.",AJIO,wishlist
play_cccfe30b77ad,playstore,AJIO (Android),https://play.google.com/store/apps/details?id=com.ril.ajio&reviewId=79dda517-e427-434f-a351-ca9c5b6241cb,2026-08-22T15:59:56+00:00,Article price showing before add to Cart is 399 with 79% off and after add to Cart its showing 532 with 72% off plus platform fee and delivery fee. This is nothing but sheer cheating from the biggest gujarati looter. This cheating must stop. Otherwise offline or Myntra or First Cry. Non Ethical practice from looter.,Myntra,added to cart / bag
play_c7c45b76a1cd,playstore,AJIO (Android),https://play.google.com/store/apps/details?id=com.ril.ajio&reviewId=ffd95e04-a867-49e2-91d8-51948ecfb421,2026-08-22T15:59:56+00:00,"Awesome...Fabulous...m adicted damn it. Very smooth ordering and even smooth returning process. Shop pan India at the comfort of couch and bed. I order for my family and relatives as well.... Hi team, suggestion : 1. Could you please add another option 'wishlist' in the SORT BY list along with relevance etc... 2. and 'visit the store and collect the product' option (refer: Lifestyle app)",AJIO,wishlist
play_69d8269a7f4d,playstore,AJIO (Android),https://play.google.com/store/apps/details?id=com.ril.ajio&reviewId=b5faccf1-8ebd-4dc6-9613-53f16afb371a,2026-08-22T15:59:56+00:00,In wishlist items if we are clicking one which a Is at bottom of the list and comes back it will show from first item in wishlist . Wishlisting the latest items removes old wish listed items. For some coupons the coupon amount isn't applicable.,AJIO,wishlist
play_abbb648d87dc,playstore,AJIO (Android),https://play.google.com/store/apps/details?id=com.ril.ajio&reviewId=8a0063b5-267c-4025-b535-d60aa450d63c,2026-08-22T15:59:56+00:00,.... Ajio wallet is offer 10%use upto purchase every payment but only showing less than 5% of payment i have points 450 above ...lots of products is missing on my wishlist ......showing out of product in list improves this all issues .. thank you Ajio im sad Ajio asking gst.... last time i purchase with no gst very disappointed....but i happy with huge discounts Ajio,AJIO,wishlist
play_65389ae2e6ab,playstore,AJIO (Android),https://play.google.com/store/apps/details?id=com.ril.ajio&reviewId=7a13aecd-29d1-4180-8ec8-774f12695cd1,2026-08-22T15:59:56+00:00,"Wish listed items dissappear, we can save very few items in wish list when we try to add more earlier things dissappear. While in amazon and Flipkart we can see our wish list of years together.",AJIO,wishlist
play_6feecad6b929,playstore,AJIO (Android),https://play.google.com/store/apps/details?id=com.ril.ajio&reviewId=db1b72da-f600-4d8c-91cd-5f132d8616ae,2026-08-22T15:59:56+00:00,It was good at starting but then how can my wishlist go invisible? How come it's possible? How hard it is to sort and keep it in wishlist and you guys just make my wishlist vanish? It's really very cruel to do like that. Never expected this from Ajio.,AJIO,wishlist
play_3c3f599bf6a4,playstore,AJIO (Android),https://play.google.com/store/apps/details?id=com.ril.ajio&reviewId=db914d3d-3e29-4ad5-9698-db56b7b82a42,2026-08-22T15:59:56+00:00,Ordered one top and a trouser both of them didnt have any price tag ! The wishlist has such a low limit of items... as soon as i added/liked new items the old ones were gone,AJIO,wishlist
play_2abbb7741050,playstore,AJIO (Android),https://play.google.com/store/apps/details?id=com.ril.ajio&reviewId=a140b3b0-ae24-4bda-8246-21aa40293a26,2026-08-22T15:59:56+00:00,Good according to product and discount offers compare to other shopping sites.But products limitations and in wishlist only a limited number of product can be shortlisted and when limit exceeded products automatically vanished from wishlist. this is a bad experience.,AJIO,wishlist; shortlisted
play_ada947ecca2b,playstore,AJIO (Android),https://play.google.com/store/apps/details?id=com.ril.ajio&reviewId=d62eb6f5-1e2e-4e94-a7b3-382a0644118f,2026-08-22T15:59:56+00:00,why do you give promotional coin .if we can't use them .. and another one is ..why does the wish list start from the beginning when I check one item and go back....why are you not working on this,AJIO,wishlist
play_4b547e13d267,playstore,AJIO (Android),https://play.google.com/store/apps/details?id=com.ril.ajio&reviewId=edc2e70c-7e5b-4577-a8ad-3dd02a7812c2,2026-08-22T15:59:56+00:00,Not able to confirm the order and trying since yesterday. Its really frustrating i have wasted my day in wishlisting the dresses and at the end application seems frezed while confirming order,AJIO,wishlist
play_f066fb0fbbb0,playstore,AJIO (Android),https://play.google.com/store/apps/details?id=com.ril.ajio&reviewId=e5f6796b-ac9d-4554-abe4-1989d82fbbee,2026-08-22T15:59:56+00:00,Once upon a time the app was good after they ad by the celebrities.. The aap become worse... Every time I open the aap i can't even able to open my wishlist.. Happens only with this app,AJIO,wishlist
play_9bfd280247e1,playstore,AJIO (Android),https://play.google.com/store/apps/details?id=com.ril.ajio&reviewId=ec8c27ee-12b0-4161-8b3f-622da3b43d3a,2026-08-22T15:59:56+00:00,Have never had a bad experience with shopping or delivery. Except the closet where you store your wish list has limitations and replaces your older choices with new items after 20 odd items I lost many of my of my picked out items saved in my wish list closet. Fix it.,AJIO,wishlist
play_b736cf6c4c88,playstore,AJIO (Android),https://play.google.com/store/apps/details?id=com.ril.ajio&reviewId=e3ac9ac0-ddb5-42c8-b89b-16da0e29cfc1,2026-08-22T15:59:56+00:00,I keep on seeing try again error while trying to add clothes to either wishlist or cart. It also shows the same error while trying to load wishlist or cart. The older clothes from the wishlist gets deleted on its own,AJIO,wishlist
play_5ccab610e32b,playstore,AJIO (Android),https://play.google.com/store/apps/details?id=com.ril.ajio&reviewId=6fd9e42e-77bc-4bbd-8f54-95448627f059,2026-08-22T15:59:56+00:00,"basic functions like adding to cart, placing order, adding to wishlist fail time to time. took me 20 mins just to place one order. horrible user experience.",AJIO,wishlist
play_5dd2be543d89,playstore,AJIO (Android),https://play.google.com/store/apps/details?id=com.ril.ajio&reviewId=61d8ca8e-ba2f-42e3-9dba-322cec420f1b,2026-08-22T15:59:56+00:00,crashes and hangs all the time. it's really hard to search for items. terrible auto recommendations. i have been unable to view my bag and wishlist since a week.,AJIO,wishlist
play_5a17cd0e76b0,playstore,AJIO (Android),https://play.google.com/store/apps/details?id=com.ril.ajio&reviewId=4fbda2d1-a113-4124-86c9-58d88662a3b5,2026-08-22T15:59:56+00:00,Please expend the capacity of wishlist size bcz wishlist capacity is very less in compared to other apps like myntra Flipkart etc... i lost my wishlisted clothes which I will planning to buy in future. clothes listed on ajio more then 10 lakh but wishlist capacity is 100I'm really disappointed i never expected this kind of user experience from ajio...im posted the review previous year After one year I'm facing same problem...ajio needs to look into it,Multiple,wishlist
play_84adc572adbb,playstore,AJIO (Android),https://play.google.com/store/apps/details?id=com.ril.ajio&reviewId=f846f11e-bdb1-4885-a3f9-8a4e908c26d3,2026-08-22T15:59:56+00:00,I can't find the contact option to ajio customer care regarding my issue. I mailed the customer care but still there's no progress. On 17/10/20 i ordered a bag & paid for it but still there's no update as order confirmed and the product remained in my wishlist.. pls look into the matter.,AJIO,wishlist
play_0482d50bc20a,playstore,AJIO (Android),https://play.google.com/store/apps/details?id=com.ril.ajio&reviewId=cf5669bb-82cc-41f5-98c2-65fafd91ec31,2026-08-22T15:59:57+00:00,It's irritating ... nothing is loading... can't even access my wishlist and bag.. Cannot add anything to the bag...the message 'something went wrong please try again later' pops up for every action at the first attempt...,AJIO,wishlist
play_b33997d87e6c,playstore,AJIO (Android),https://play.google.com/store/apps/details?id=com.ril.ajio&reviewId=287f509b-096e-4c9f-99d7-69afc450fe2d,2026-08-22T15:59:57+00:00,Not even 1 star rating for this useless app every time it's just hangs don't show proper things in cart takes hour to open wishlist takes 1 day to open cart thing worst app ever seriously love to shop on this app because of this nonsense thing feel like to uninstall it,AJIO,wishlist
play_9c8978e97030,playstore,AJIO (Android),https://play.google.com/store/apps/details?id=com.ril.ajio&reviewId=830b96f7-da92-4b89-98a2-10f56434913a,2026-08-22T15:59:57+00:00,"App is not working correctly. From few days my wishlist is not appearing, it showing some error while opening wishlist. What is the solution for this?",AJIO,wishlist
play_f742bbf0ff7e,playstore,AJIO (Android),https://play.google.com/store/apps/details?id=com.ril.ajio&reviewId=640ad791-6d72-4a2e-8bd3-99e381ff16c0,2026-08-22T15:59:57+00:00,can't see old wishlisted items. And when I open the item from search tab it shows wishlisted but cannot remove from wishlist and cannot find it in the wishlist also. Lost all my old wishlisted items. Please fix this ASAP,AJIO,wishlist
play_8dacaea3e9f4,playstore,AJIO (Android),https://play.google.com/store/apps/details?id=com.ril.ajio&reviewId=f3e1ef19-a0cf-460b-9e8e-c362da389123,2026-08-22T15:59:57+00:00,Whenever they start sale iam unable to view my bag or wishlist after the struggle i ordered 2 tshirts but i didn't receive the product till now. The ajio sale is new scam. If you're unable to deliver the products. Why do you start the sale. Its impossible to buy a product from ajio sale,AJIO,wishlist
play_7d6bf51f9209,playstore,AJIO (Android),https://play.google.com/store/apps/details?id=com.ril.ajio&reviewId=a2b79916-a3a4-424a-b86e-80141e372a6e,2026-08-22T15:59:57+00:00,"It's good very good but why when I add something to wishlist then, the last product of my wishlist disappear automatically.......! Or is it so that i can just add few number of product in wishlist?",AJIO,wishlist
play_1fe4a60d6cd7,playstore,AJIO (Android),https://play.google.com/store/apps/details?id=com.ril.ajio&reviewId=5700fa30-2365-40f2-94d7-d605169f7b23,2026-08-22T15:59:57+00:00,"Fed up with this app @ errors (ops something went wrong, pls try again, connection reset by peer), even I can't manage my wish list and bag items.Worst👎experience. there is no proper customer service. when you guys are planning for big sale,you need to maintain the load.",AJIO,wishlist
play_1e9b5e895274,playstore,AJIO (Android),https://play.google.com/store/apps/details?id=com.ril.ajio&reviewId=bf9b5ff5-38ca-45e9-88b1-2b9cb2a02c58,2026-08-22T15:59:57+00:00,"If my closet exceeds 30 products, the last products get auto deleted! The products get auto deleted when a size goes out of stock. That's really irritating. Please increase the size of your closet/wishlist to 100 or more",AJIO,wishlist
play_3bce3faaff99,playstore,AJIO (Android),https://play.google.com/store/apps/details?id=com.ril.ajio&reviewId=dbba7cb7-5d1f-4ef3-bee8-aeb3e198a0c9,2026-08-22T15:59:57+00:00,the wishlist always vanishes after checking the app after few days... and what is this extra 29/- convenience fee don't degrade your standards many other apps are just providing FREE COD For orders more than 499/- AJIO BECAME VERY COMMERCIAL 👎👎,AJIO,wishlist
play_86e5a01ee5cc,playstore,AJIO (Android),https://play.google.com/store/apps/details?id=com.ril.ajio&reviewId=8e6ec1df-fa83-4060-98b1-6026ec14b381,2026-08-22T15:59:57+00:00,Orders placed got cancelled automatically and products added to cart shows no stock when order is placed but shows it in cart. Orders shows no orders though orders are placed. Fabric wise its good.,AJIO,added to cart / bag
play_57dc4465ec0f,playstore,AJIO (Android),https://play.google.com/store/apps/details?id=com.ril.ajio&reviewId=1fe75531-2d4b-4bef-b2e8-a0e2665422c2,2026-08-22T15:59:57+00:00,"Such a waste app, that i have so many items in my wishlist, they are not in stock from so many days, anytime i see it shows always it of stock.. i don't like this type of issues by ajio. **** ***",AJIO,wishlist
play_2d72538a0407,playstore,AJIO (Android),https://play.google.com/store/apps/details?id=com.ril.ajio&reviewId=baee9099-0774-466a-8b75-7c4c68707bd2,2026-08-22T15:59:57+00:00,"This is so frustrating, i loved some items and wanted to buy, but the apps payment site doesnt load, hw should1 buy then ??.. I really hope they fix this problem today itself cuz i genuinely loved n wnted to buy some stuff at the sale time.. Plz look aftr the issue soon",AJIO,meant to buy
play_813fec012aae,playstore,AJIO (Android),https://play.google.com/store/apps/details?id=com.ril.ajio&reviewId=17bd7e4f-a2e3-4851-830b-4a70bdf3de84,2026-08-22T15:59:57+00:00,Why it is always comes to the top of the wishlist after viewing one of the product in wishlist. It is uncomfortable to scroll the product as the products are scrolling very slowly and it getting irritated. First fix this bug as soon as possible without losing the customers,AJIO,wishlist
play_030bbe7b7d99,playstore,AJIO (Android),https://play.google.com/store/apps/details?id=com.ril.ajio&reviewId=e95c641b-abfc-48cc-9b07-7ac4d67277f7,2026-08-22T15:59:57+00:00,"After update it's too slow to open, and COD option not working. Most of the product is out of stock when put in wishlist....bad experience mainly COD ..",AJIO,wishlist
play_b911d7d10c16,playstore,AJIO (Android),https://play.google.com/store/apps/details?id=com.ril.ajio&reviewId=b123c567-46b2-43e0-9f1a-e5b2d74a6f11,2026-08-22T15:59:57+00:00,"example:- We are searched about 60 shirts and then found our selected shirts to view it in details, and added to cart, but when we press back button it takes us to starting shirt, means again we have to scroll down all 61 shirts, to get new options. this waste lot of time and creates confusion i suggest when somebody clicks on selected shirt it should open in new tab, and previous tab remain at same position.",AJIO,added to cart / bag
play_e58456c7c503,playstore,AJIO (Android),https://play.google.com/store/apps/details?id=com.ril.ajio&reviewId=351c788b-837d-4bab-99af-e39ce5175315,2026-08-22T15:59:57+00:00,The app is so slow. It's happening every time I want to open my shopping cart and wishlist page. It's becoming quit frustrating. Please fix this problem. It's just ruining my shopping experience.,AJIO,wishlist
play_7812ffc108d3,playstore,AJIO (Android),https://play.google.com/store/apps/details?id=com.ril.ajio&reviewId=61de3810-d63c-4cc1-8e9e-5369da708668,2026-08-22T15:59:57+00:00,Everything seems so gud with this app but recently I came to know that my wishlisted items are not there any more...and I realised only a certain no.of items are there and all the previous ones got deleted and I didn't have any clue about it also..,AJIO,wishlist
play_60fdfe106ea7,playstore,AJIO (Android),https://play.google.com/store/apps/details?id=com.ril.ajio&reviewId=d3b13cbc-0f29-4c12-836c-3d1c526ef4bf,2026-08-22T15:59:57+00:00,"All my wishlist disappeared... While seeing my Bag it is showing"" oops something went wrong please try again"" .. automatically signed off.. unable to login again..it's such an 3rd class service unexpected from AJIO..",AJIO,wishlist
play_8c074465886a,playstore,AJIO (Android),https://play.google.com/store/apps/details?id=com.ril.ajio&reviewId=c10a0a70-8ee9-44b9-8c5d-9bf1acaa3530,2026-08-22T15:59:57+00:00,when I add item in wishlist and select any item it goes back to top of that page not where I left. it's so frustrating and dont have any home buttom while checking any product. will re rate the app if these are done correctly,AJIO,wishlist
play_5da41c879490,playstore,AJIO (Android),https://play.google.com/store/apps/details?id=com.ril.ajio&reviewId=28fca710-51a3-469f-818c-ca8efd73dc6f,2026-08-22T15:59:57+00:00,"Worst application, very slow speed. Can't load cart, wishlist or even ongoing orders. Keep saying oops something went wrong. Please try after some time. . Worst !",AJIO,wishlist
play_5b7911d55c4a,playstore,AJIO (Android),https://play.google.com/store/apps/details?id=com.ril.ajio&reviewId=781f01fe-4530-444d-8897-9dca7c722301,2026-08-22T15:59:57+00:00,"Promising product quality at reasonable price tags but the app needs to improve in many areas. 1. Could improve @ product details section. Currently not showing useful information about the product. 2. App shows network error. Unable to add to bag / closet sometimes, despite of stable internet connectivity. 3. Not able to raise concerns or request in customer support as it shows network errors.",AJIO,added to cart / bag
play_280b6bd60440,playstore,AJIO (Android),https://play.google.com/store/apps/details?id=com.ril.ajio&reviewId=30dbc115-3732-426b-8955-728fb9703327,2026-08-22T15:59:57+00:00,"I can see the products but when I try opening them , it shows error. Same thing is happening when I try to open my wishlist and I can't add anything to it either. How am I supposed to shop then?",AJIO,wishlist
play_392d4772300d,playstore,AJIO (Android),https://play.google.com/store/apps/details?id=com.ril.ajio&reviewId=cefc339f-b887-4b79-a12f-029207df4ca1,2026-08-22T15:59:57+00:00,I give 3 star because of late delivery and for when I open wishlist for selecting or product view it takes always on top of the list ...it should be start whether I was there ..,AJIO,wishlist
play_c35a6b589c6f,playstore,AJIO (Android),https://play.google.com/store/apps/details?id=com.ril.ajio&reviewId=a764ce36-5cf5-4399-be33-c4e2230d4f94,2026-08-22T15:59:57+00:00,"It has now become very stressful to use this app , select size >add to bag= out of stock . With high patience add everything to cart > payment> out of stock , just out of stock every where , now comes fulfillment fees , convenience fees and dilevery charges even for order above 1k ! Pathetic",AJIO,added to cart / bag
play_8ba3e2ad546e,playstore,AJIO (Android),https://play.google.com/store/apps/details?id=com.ril.ajio&reviewId=909deed7-8d93-4707-88a7-9e262eb5ab0e,2026-08-22T15:59:57+00:00,"frustrated, unfulfilled, dissatisfied, displeased, aggrieved, disgruntled, upset, disturbed, perturbed, and unhappy. Because app doesn't work properly, the lag is prepreposterous, take decades to load and THE WISHLIST DOES NOT SAVE THE PRODUCTS, THE PREVIOUS SAVED PRODUCTS GET DELETED AS YOU SAVE THE NEW ONES, ITS ABSOLUTELY FRUSTRATING......",AJIO,wishlist
play_19b0f6adc3b3,playstore,AJIO (Android),https://play.google.com/store/apps/details?id=com.ril.ajio&reviewId=7c43ea19-c3ae-4d54-9f38-38220344f93e,2026-08-22T15:59:57+00:00,The app keeps crashing.not loading the items in bag or even in the wishlist.Do hell with you guys.Part of my order isn't even delivered nd it's quite beyond the expected date.. disgusted at the unprofessionalism..no customer care executive to connect on the phone as well..good way to trouble the customers.,AJIO,wishlist
play_003d062c3d6c,playstore,AJIO (Android),https://play.google.com/store/apps/details?id=com.ril.ajio&reviewId=7e68db66-e0be-4255-8c5a-0c041d24e74b,2026-08-22T15:59:57+00:00,The collection is quite good however few of the problems that i faced were . 1) The delivery time is around 10-15 days which is quite more than the other portals . 2) you can wishlist upto 50 items only .,AJIO,wishlist
play_93779680ec00,playstore,AJIO (Android),https://play.google.com/store/apps/details?id=com.ril.ajio&reviewId=7343900f-0553-413a-9b8b-dac6b10278f6,2026-08-22T15:59:57+00:00,I don't have a great experience. After few times of wishlist product gone erase from wishlist. I couldn't find that product to buy. So it is very bad experience......,AJIO,wishlist
play_4206c0a96195,playstore,AJIO (Android),https://play.google.com/store/apps/details?id=com.ril.ajio&reviewId=b94309e9-3ca8-4467-a5f1-61a815ecf6b4,2026-08-22T15:59:57+00:00,Good app for shopping. Reasonable than Myntra. But there is no facility to see reviews of the product. Need to give review about product. Also can add only few items in wishlist.,Myntra,wishlist
play_186af1f90708,playstore,AJIO (Android),https://play.google.com/store/apps/details?id=com.ril.ajio&reviewId=ef9c617e-00d8-4ab5-8780-0bfb73c6adc6,2026-08-22T15:59:57+00:00,"AJIO app is the best attair app exist in the online market. I m using this since last 10 months and I am fully satisfied except some wished products disappear from the wish list without intimating you. Rest all the things are Superb. Prices are so comfortable, and genuine products are available always. Luv u team AJIO....lots of luv to all😘😍...tysm",AJIO,wishlist
play_e903f383580e,playstore,AJIO (Android),https://play.google.com/store/apps/details?id=com.ril.ajio&reviewId=6d547e32-57d3-4034-8c92-a76ebcbe0e8a,2026-08-22T15:59:57+00:00,"From last 24 hrs,some responses from Ajio👇App. ""oops payment failed"" ""Address cant be fetched"" ""try again"" ""cant add to bag"" and i have lost coupons of around 500 rs. #ajio💐 ....Ohkk now two days after long struggle somehow i made payment and confirmed my order.but now email by ajio reads ""your order has been partially cancelled""😒",AJIO,added to cart / bag
play_e321da494ae5,playstore,AJIO (Android),https://play.google.com/store/apps/details?id=com.ril.ajio&reviewId=bc091b1e-801d-4416-abf7-aaa1dc4c098b,2026-08-22T15:59:57+00:00,From 12.00a.m ajio app not showing wishlist and can't place order as bag is not available right now it's 12.pm. Whenever ajio sale starts app doesn't work for 2. Days . Still not opening saved and cart and can't placed order from 12.am 10 December development night to right now that is 1.00 pm December 10,AJIO,wishlist
play_33f57548aa07,playstore,AJIO (Android),https://play.google.com/store/apps/details?id=com.ril.ajio&reviewId=c9127e5d-ae90-4cd4-a20e-423f9ff060a5,2026-08-22T15:59:57+00:00,"I don't know what is the problem with the app🙄 nowadays..when something is added to wishlist why it is not showing the products. Every time I open it is showing"" Your wishlist is empty"" ohh god. Nowadays it is becoming poor experience.",AJIO,wishlist; added to wishlist
play_e00f44cf667b,playstore,AJIO (Android),https://play.google.com/store/apps/details?id=com.ril.ajio&reviewId=42471562-83fc-44f1-b542-8e9bdbd7e940,2026-08-22T15:59:57+00:00,"Very slow app. I Just get the same message popping up ""oops something went wrong"" and can't even add to cart or add to wishlist anything. So frustrating",AJIO,wishlist; added to wishlist; added to cart / bag
play_f714fdb710c2,playstore,AJIO (Android),https://play.google.com/store/apps/details?id=com.ril.ajio&reviewId=d031b8b0-a7e9-4c2e-a325-82d012fa1139,2026-08-22T15:59:57+00:00,What is wrong with this app. Actually when downloaded it was working properly.But when I updated it I could not see the images of items in my wishlist and sometimes it showed empty.,AJIO,wishlist
play_8b32dec6deeb,playstore,AJIO (Android),https://play.google.com/store/apps/details?id=com.ril.ajio&reviewId=f408c92a-3a6c-46e2-83b7-7736795c8bb6,2026-08-22T15:59:57+00:00,Some features are not good. Like in add to cart option not adding more than 20 items. And its gst /delivery charges are enough than other shopping app.,AJIO,added to cart / bag
play_612ba4fa5ece,playstore,AJIO (Android),https://play.google.com/store/apps/details?id=com.ril.ajio&reviewId=7f1fae20-33da-42bd-99ba-cc688d6ff13a,2026-08-22T15:59:57+00:00,The app has no enough space to create a proper wishlist.... it vanishes the other items after putting some new one in it ...try to develop that option it will be more useful for costumers ..,AJIO,wishlist
play_f4c205b16039,playstore,AJIO (Android),https://play.google.com/store/apps/details?id=com.ril.ajio&reviewId=c1c95de3-4570-43b8-b4c5-7a2fe1c8cae9,2026-08-22T15:59:57+00:00,All the products are out of stock all the time and if there's a seperate space for out of stock products in wishlist it would be easy to use the app even more,AJIO,wishlist
play_d3ae7651db87,playstore,AJIO (Android),https://play.google.com/store/apps/details?id=com.ril.ajio&reviewId=6aaf9bc6-4dde-4840-bc04-1b9496d77aab,2026-08-22T15:59:57+00:00,I love this apps products and I also wanted to buy it but whenever I go to log in or sign in it doesn't.....not even is send.....I m really disappointed....that I can't buy it what i even like. It's still same.....I have already entered the number but the otp is not sended....the otp is not there,AJIO,meant to buy
play_33a7cf342bf9,playstore,AJIO (Android),https://play.google.com/store/apps/details?id=com.ril.ajio&reviewId=4fede519-3094-4053-a9de-21dfd133ae7f,2026-08-22T15:59:57+00:00,"Nothing is opening, neither the bag nor the wishlist. Even while placing order it isn't. We have been trying for hours but everytime the response remains the same. Why need a sale if there is nothing about buying!",AJIO,wishlist
play_32c473b725ea,playstore,AJIO (Android),https://play.google.com/store/apps/details?id=com.ril.ajio&reviewId=b95f7789-7c47-4b08-bf71-da5212910e0e,2026-08-22T15:59:57+00:00,"Very worst app after logging in the app while ordering again its asking to login, if i try to login it shows error not able to add anything to the wishlist very poor app give an update to the app",AJIO,wishlist
play_6564b9baee12,playstore,AJIO (Android),https://play.google.com/store/apps/details?id=com.ril.ajio&reviewId=951c09e9-8178-427f-9295-2139be3e2327,2026-08-22T15:59:57+00:00,"This app is full of bugs only...this won't let you shop.. everytime you click on bag or on wishlist it only shows ""oops something went wrong"". I'm sick of this notification now.",AJIO,wishlist
play_845519d09979,playstore,AJIO (Android),https://play.google.com/store/apps/details?id=com.ril.ajio&reviewId=03426afe-9e89-44d8-b263-5e81cca8cd0b,2026-08-22T15:59:57+00:00,Nothing is working . U can't place your order even cannot load your wishlist and bag trying to order from last 2 days . totally frustrated 😡😣😖😖😖 It's a fraud on name of big bold sale,AJIO,wishlist
play_be61be69f9f4,playstore,AJIO (Android),https://play.google.com/store/apps/details?id=com.ril.ajio&reviewId=66a44ae4-0add-4eb4-a4ab-c1f3e5d6e2bb,2026-08-22T15:59:57+00:00,Cheapest promotions.. showing offers but we can't make an order simply showing oops something went wrong we can't open our cart and wishlist to make an order ..,AJIO,wishlist
play_6b3fc64ca296,playstore,AJIO (Android),https://play.google.com/store/apps/details?id=com.ril.ajio&reviewId=7e06d839-a522-4884-b038-7de0e7ae7a87,2026-08-22T15:59:57+00:00,"Good, but need app improvements. Scrolling through the lost slow after applying multiple filters. Wishlist limit should be more or should be an option to add into another list.",AJIO,wishlist
play_aad5ff9f3ccc,playstore,AJIO (Android),https://play.google.com/store/apps/details?id=com.ril.ajio&reviewId=91cf626f-b53c-4e9e-be58-2f6c05ed941e,2026-08-22T15:59:57+00:00,"I like this app, but the saved items disappear suddenly from closet, it doesn't hold much products in closet, if I knew what is the closet limit then that would be better...",AJIO,saved items
play_9677109c3437,playstore,AJIO (Android),https://play.google.com/store/apps/details?id=com.ril.ajio&reviewId=54049954-3cd3-4999-821c-1b9ec7ae851d,2026-08-22T15:59:57+00:00,They shows discount on leading brands when you move to wishlist same day in few hours when you are going to buy only your size of the said product is out of stock. It's never happened with their own home brand.👎,AJIO,wishlist
play_ed7f7088ceeb,playstore,AJIO (Android),https://play.google.com/store/apps/details?id=com.ril.ajio&reviewId=989a69e0-36b7-40bd-876e-140a65762c8e,2026-08-22T15:59:57+00:00,I am not able to see my wishlist items and if I search something the results are not it's showing some error please look after it.I love this app but today when I opened it it was not working.,AJIO,wishlist
play_55b71f853a9c,playstore,AJIO (Android),https://play.google.com/store/apps/details?id=com.ril.ajio&reviewId=b9c6304d-e023-428b-b5f9-01986339d42f,2026-08-22T15:59:57+00:00,"17.06.2021 I can not add anything in my bag or wishlist since couple of days. I can not even access my bag. Update: 02.07.2021 After a string of email both from team ajio and me, the problem isn't solved yet. I am unable to access the bag, add or remove product to bag. I have logged out and logged in back, tried uninstalling and reinstalling the app, checked the platform on website with my login details, tried logging in through a different phone. Still no solution!",AJIO,wishlist
play_cb3cba928dc5,playstore,AJIO (Android),https://play.google.com/store/apps/details?id=com.ril.ajio&reviewId=941c91a4-da0a-402e-a271-16169daddb4e,2026-08-22T15:59:57+00:00,Undoubtedly I love this app... Extremely well .. ya'll get all brands in a discount price. But I request to fix one problem the stuff we add to wishlist get vanished after some days. Plz fix this ASAP. Otherwise good experience 😁,AJIO,wishlist; added to wishlist
play_d7bf809cd2c6,playstore,AJIO (Android),https://play.google.com/store/apps/details?id=com.ril.ajio&reviewId=ad733cc9-29c8-46c9-a892-a88f804664ff,2026-08-22T15:59:57+00:00,"When u save something for future reference, the old saved items just disappear which is very annoying. Besides this, it is a good shopping app",AJIO,saved items
play_8fa442d7f06a,playstore,AJIO (Android),https://play.google.com/store/apps/details?id=com.ril.ajio&reviewId=6826d027-313b-4862-a182-cce6aee21a0a,2026-08-22T15:59:57+00:00,Cant view any item in wishlist Its always empty. Why aren't you releasing new version when such a basic function isnt working.. its been 21 days when problematic version was released,AJIO,wishlist
play_2742e38b151f,playstore,AJIO (Android),https://play.google.com/store/apps/details?id=com.ril.ajio&reviewId=bbfb77e2-c4b5-449e-a499-2e3c7b850683,2026-08-22T15:59:57+00:00,"This app is not loading at all. I am unable to see my order list or Wishlist. I tried with all the network, nothing works. Also i tried by clear cache and data. Still no success.",AJIO,wishlist
play_76931936fdd6,playstore,AJIO (Android),https://play.google.com/store/apps/details?id=com.ril.ajio&reviewId=f287acd7-85fc-493b-8699-6f1f8336ffde,2026-08-22T15:59:57+00:00,There is some issue is going on the app... sometimes wishlist shows no products .now a days payment decline issue is also common but i m not sure that it was ajio's prb or bank issue.,AJIO,wishlist
play_91cfc598d06b,playstore,AJIO (Android),https://play.google.com/store/apps/details?id=com.ril.ajio&reviewId=caedbf4a-e751-41d0-b37d-7bce18d4a194,2026-08-22T15:59:57+00:00,"After update an ajio app, ajio blur all photos . Iske pehle achha tha . And you can't wishlist more items. If you add more , then previously added were deleted.",AJIO,wishlist
play_4953a188b910,playstore,AJIO (Android),https://play.google.com/store/apps/details?id=com.ril.ajio&reviewId=93dc9f5b-5fbc-429f-a146-211367c4ba2c,2026-08-22T15:59:57+00:00,I had so many items in my wishlist but now it is completely empty even I uninstalled app and again installed to get my wishlist items back but still things are not showing in wishlist why is it so?,AJIO,wishlist
play_7fce6734b29d,playstore,AJIO (Android),https://play.google.com/store/apps/details?id=com.ril.ajio&reviewId=d9abfd4b-ed12-4fa3-907b-8e010551ef14,2026-08-22T15:59:57+00:00,"POOREST CUSTOMER CARE. They randomly cancel orders by themselves.. ( also the prepaid ones), wishlist shows empty most of the time even it has stuff wishlisted .",AJIO,wishlist
play_470e48a0224d,playstore,AJIO (Android),https://play.google.com/store/apps/details?id=com.ril.ajio&reviewId=35bcd260-ebf0-4925-b858-b337e20d8bff,2026-08-22T15:59:57+00:00,Every time I return back to wishlist after viewing an product from saved wishlist it is coming back to top of the list. It is not holding that scrolling instance. It is very annoying and hard to scroll all the way down to see the next product. Year passed and still no fix for the above issue. To whom are you replying? First read the issue properly and don't paste the same reply to everyone. Step up guys!,AJIO,wishlist
play_9037c9da83ed,playstore,AJIO (Android),https://play.google.com/store/apps/details?id=com.ril.ajio&reviewId=8b7fc0c7-0ffb-4eb0-a569-ff0ad1a52ce0,2026-08-22T15:59:57+00:00,"It's a 1 of the best platform to purchase genuine Apparels of top Brands......only thing Dissapointed with sum of count of wishlist.., kindly extend the sum count of wishlist to add more products.....",AJIO,wishlist
play_7da2aabe9f6a,playstore,AJIO (Android),https://play.google.com/store/apps/details?id=com.ril.ajio&reviewId=4d9c039b-3cf0-40c9-b7a3-5e5d60391c30,2026-08-22T15:59:57+00:00,Pathetic condition.I was waiting t place my orders last 2 days. Couldn't able to order the item which i add to bag. Please be make sure that you are providing better shopping experience for your customers.,AJIO,added to cart / bag
play_ae1af19f53bf,playstore,AJIO (Android),https://play.google.com/store/apps/details?id=com.ril.ajio&reviewId=ef12f974-f605-43c2-b1ee-b3a409e1904f,2026-08-22T15:59:57+00:00,When using the app the wishlist shows it is empty even though there are products inside.You have to close the app and come back again to see the products in the wishlist.Hope the bug will be solved soon,AJIO,wishlist
play_4074e3cba92a,playstore,AJIO (Android),https://play.google.com/store/apps/details?id=com.ril.ajio&reviewId=23574859-f7c0-4275-a014-7a1929e872c3,2026-08-22T15:59:57+00:00,Coupon quest is cheating. I wishlisted Dune London of 3400/-from products list. But coupon is not working even if it comes in offer range. It shows that all prices are at best pricess.,AJIO,wishlist
play_a94e4b4740a1,playstore,AJIO (Android),https://play.google.com/store/apps/details?id=com.ril.ajio&reviewId=8f465b1b-fd25-4c70-9675-37884f4dcab9,2026-08-22T15:59:57+00:00,Not able to add any items on the wishlist. The items which were on the wishlist also got deleted on its own. Very poor.,AJIO,wishlist
play_bf2b23863560,playstore,AJIO (Android),https://play.google.com/store/apps/details?id=com.ril.ajio&reviewId=205b8ae7-bff3-4335-8ff7-a1cee1e9cf72,2026-08-22T15:59:57+00:00,App is not working cart is not getting open wishlist also not even can view the product try after some time error coming. Price is getting changed every time.,AJIO,wishlist
play_137a4d434585,playstore,AJIO (Android),https://play.google.com/store/apps/details?id=com.ril.ajio&reviewId=da5a4478-da06-4fb7-8a5a-98fa97d75a34,2026-08-22T15:59:57+00:00,Average...the items i wishlist gets deleted everytime i add more items and i also received an used product from them and can't exchange it because it's out of stock right now,AJIO,wishlist
play_b975eab13a39,playstore,AJIO (Android),https://play.google.com/store/apps/details?id=com.ril.ajio&reviewId=ee52d330-d3ec-423d-aa37-34a2509709e4,2026-08-22T15:59:57+00:00,Can't access the app due to some bug. Wishlist won't open. Shopping bag says updating our prices. It's been going on for 3-4 days.,AJIO,wishlist
play_dae23ba3aa85,playstore,AJIO (Android),https://play.google.com/store/apps/details?id=com.ril.ajio&reviewId=da114989-95c1-49b8-be2e-6ccf765e722a,2026-08-22T15:59:57+00:00,Worst app ever...they have to maintain strong delivery why did they take fulfillment fee for the reason of strong delivery and stock availability for this why did they charge from us worst app ever and so many bugs are there in this app. Like adding wishlist so much disappointed ☹️,AJIO,wishlist
play_1b76bf393ed6,playstore,AJIO (Android),https://play.google.com/store/apps/details?id=com.ril.ajio&reviewId=4ac48c9e-b7a8-41ed-8af7-843f13c5ef16,2026-08-22T15:59:58+00:00,Products are Awesome But Always Out of Stock Please Add Notification Alert When Size is Available....and at the Time of Big Bold Sale Wishlists not even Open how can we put item into the cart. and wishlist Items limited 👎,AJIO,wishlist
play_837847852a2e,playstore,AJIO (Android),https://play.google.com/store/apps/details?id=com.ril.ajio&reviewId=37bc9ad6-5a54-466f-b2c5-b27af97ef6a5,2026-08-22T15:59:58+00:00,"I got what i wanted to buy, but You keep on disturbing us a lot with your constant notifications, we feel as if you own my phone and my time, i feel like removing this APP and block your ads.",AJIO,meant to buy
play_9eb6e4cf84d2,playstore,AJIO (Android),https://play.google.com/store/apps/details?id=com.ril.ajio&reviewId=72eb98eb-19dc-4f61-885d-9faa0350ddeb,2026-08-22T15:59:58+00:00,"Nothing is opening. Unable to access either Bag or Wishlist.Leave alone placing orders. If the App keeps hanging like this all time, what is the use putting up 'Big Bold Sale' !!!",AJIO,wishlist
play_ffe93184c092,playstore,AJIO (Android),https://play.google.com/store/apps/details?id=com.ril.ajio&reviewId=69d8f3df-c6f2-4fd5-a98b-7ed66022d4f5,2026-08-22T15:59:58+00:00,"Very slow app. Even the site crashes so many times, wishlist not loading since 3 days now. It's frustrating! How will someone order at this rate?",AJIO,wishlist
play_578b3e3dac29,playstore,AJIO (Android),https://play.google.com/store/apps/details?id=com.ril.ajio&reviewId=de7e83c1-6ec3-4b44-9f79-1aceeeaeb728,2026-08-22T15:59:58+00:00,"Pls fix your app first. Whenever try to click on a product or cart or wishlist, it's always showing ""Oops something went wrong try again later "" . Really we fed up with your app.",AJIO,wishlist
play_cf281d189da5,playstore,AJIO (Android),https://play.google.com/store/apps/details?id=com.ril.ajio&reviewId=d3ff879b-f11d-47f2-baeb-ef5864d23e42,2026-08-22T15:59:58+00:00,"Ajio is a trusted app. But, I don't know what's happening on the app now! The items which I added on my wishlist can't be seen there. Wishlist is showing empty. Please solve the issue. When it's resolved, I will edit the feedback.",AJIO,wishlist
play_8232f967b41d,playstore,AJIO (Android),https://play.google.com/store/apps/details?id=com.ril.ajio&reviewId=293396ad-b9c6-494e-bd50-aabd7e6ca66f,2026-08-22T15:59:58+00:00,"It's really annoying whenever you select an item in wishlist and come back, you'll go to the top of wishlist then you have to scroll down as many times as you select an item from the wishlist",AJIO,wishlist
play_cc13a6d56db5,playstore,AJIO (Android),https://play.google.com/store/apps/details?id=com.ril.ajio&reviewId=208c71e3-93f0-4e5a-9909-57c28d9ffb50,2026-08-22T15:59:58+00:00,Worst experience on this app. I tried to order my wishlist on bbd sale but everytime app was showing something went wrong plz try again later. It's not allowing me to order anything. Pathetic service,AJIO,wishlist
play_86aed31cf9c9,playstore,AJIO (Android),https://play.google.com/store/apps/details?id=com.ril.ajio&reviewId=6a56a9a8-9a8f-4ef9-87cf-d175fbabffce,2026-08-22T15:59:58+00:00,Needs more improvement with the display of either increase or decrease in prices and over display of products.Also there is some issue with the wishlist option. Sells old products.,AJIO,wishlist
play_d4095779db4d,playstore,AJIO (Android),https://play.google.com/store/apps/details?id=com.ril.ajio&reviewId=75a6edd8-2fb6-45ea-86e6-fb5cb5cb94f6,2026-08-22T15:59:58+00:00,"Good excellent but whn select from wishlist n scroll down n select items add to bag n after back came to wishlist its went starting items from wishlist, So many items are there in wishlist can't always scolling down plz change. tnq ajio❤",AJIO,wishlist; added to cart / bag
play_11c3409ecd40,playstore,AJIO (Android),https://play.google.com/store/apps/details?id=com.ril.ajio&reviewId=0c3beb59-4222-4f00-a4f6-99bdbcd448dc,2026-08-22T15:59:58+00:00,"Your app is very poor and slow. The wishlist addition doesn't work, even adding it to the bag fails most of the time. Uninstalling.",AJIO,wishlist
play_46ddaacc0c07,playstore,AJIO (Android),https://play.google.com/store/apps/details?id=com.ril.ajio&reviewId=6ae0a0e0-3d85-4582-9210-a1be6edce033,2026-08-22T15:59:58+00:00,Worst app ever! It just cleared my wishlist at the time of sale and now I can't even find the items I had sorted through.,AJIO,wishlist
play_bb70d765fb93,playstore,AJIO (Android),https://play.google.com/store/apps/details?id=com.ril.ajio&reviewId=ae8bb11b-8b9f-4461-a96a-34433d517094,2026-08-22T15:59:58+00:00,All the product are in my wishlist are out of stock it's happen from 1 month before even we won't to exchange product that is out of stock so we couldn't exchange product 😕 if won't to do return they will subtract 147 rupees from 748 rupees because that is platform fee delivery charges and etc. its to bad,AJIO,wishlist
play_d77270f13d0d,playstore,AJIO (Android),https://play.google.com/store/apps/details?id=com.ril.ajio&reviewId=ca8f753c-4404-4019-9d3a-e88f4d707943,2026-08-22T15:59:58+00:00,It's good but the wishlist heart must turn red or any colour when u touch it coz that's the only way to know if u have added the item to the wishlist already while u r browsing ..and u can also remove it from the wishlist by touching the heart again. Kindly make this improvement.,AJIO,wishlist
play_572f6d5cabd7,playstore,AJIO (Android),https://play.google.com/store/apps/details?id=com.ril.ajio&reviewId=5205240a-787c-49ef-a6a0-b8df96959fbf,2026-08-22T15:59:58+00:00,What I hate about this app is that the tops that I choose always disappear few days after being kept in the wishlist.I have been using Ajio for two years now and this problem has not been solved yet.Please improve.,AJIO,wishlist
play_66d97d972a85,playstore,AJIO (Android),https://play.google.com/store/apps/details?id=com.ril.ajio&reviewId=ee5e30ea-8bea-4a24-ae60-d618c87bf181,2026-08-22T15:59:58+00:00,"When i open the wishlist, after viewing a single product, it does not start from the same place, it comes back to the top.its very irritating.",AJIO,wishlist
play_0684162eeb27,playstore,AJIO (Android),https://play.google.com/store/apps/details?id=com.ril.ajio&reviewId=902567e0-fda5-42cd-af62-376db01653e6,2026-08-22T15:59:58+00:00,"Worst shopping app, always hangs when some good offer available. Not even able to see my cart and wishlist. Please invest on app optimization first instead of investing on advertising.",AJIO,wishlist
play_1a7bddcf9a22,playstore,AJIO (Android),https://play.google.com/store/apps/details?id=com.ril.ajio&reviewId=651d17fa-f37e-4d2e-a5ab-ce453fe0b591,2026-08-22T15:59:58+00:00,When I wish list something to check the availability and it's available I added to bag it shows stock out and i can't apply any coupons in the app . Worst experience from now a days,AJIO,wishlist; added to cart / bag
play_65ee3321024d,playstore,AJIO (Android),https://play.google.com/store/apps/details?id=com.ril.ajio&reviewId=79e707ea-bef7-4143-9dfd-ffd2960a72ad,2026-08-22T15:59:58+00:00,"The app is very good and easy to use but there are few bugs which should be resolved.I myself found 3-4 bugs inthe ""add to cart"" option. I hope these will be fixed soon.",AJIO,added to cart / bag
play_6968d84cbe71,playstore,AJIO (Android),https://play.google.com/store/apps/details?id=com.ril.ajio&reviewId=0ef38981-a2ea-4e16-9e9d-2ce400a00251,2026-08-22T15:59:58+00:00,Experiencing difficulties in the app getting crashes everytime when I try to move the product to wishlist from the bag. Even sign-in doesn't works now.,AJIO,wishlist
play_f384cf9b1c44,playstore,AJIO (Android),https://play.google.com/store/apps/details?id=com.ril.ajio&reviewId=96aeca83-6dcc-4e9d-b5a3-60a6ac2de450,2026-08-22T15:59:58+00:00,My wishlist is getting erased one by one. I have wishlisted so many items now the old ones got erased from the wishlist. This is very bad user experience from the app,AJIO,wishlist
play_bbeca78a1f32,playstore,AJIO (Android),https://play.google.com/store/apps/details?id=com.ril.ajio&reviewId=9a3b68d3-663a-46f9-9694-3cb5d89832af,2026-08-22T15:59:58+00:00,Such a big brand and third class app. I am using this app from past one year but the problem is same it is. product automatically removed from wishlist it's such a irritating thing,AJIO,wishlist
play_d676f064bbf7,playstore,AJIO (Android),https://play.google.com/store/apps/details?id=com.ril.ajio&reviewId=8c5dec94-e0a3-4ed7-a3cc-e50dd0633064,2026-08-22T15:59:58+00:00,Bakwas app... When I want to check my order this so difficult situation to open my order... Repeatedly I try to open my order summery snd wishlist also but I can't.. this app is not friendly.. Very very bad experience,AJIO,wishlist
play_31e422ecbee9,playstore,AJIO (Android),https://play.google.com/store/apps/details?id=com.ril.ajio&reviewId=300fc565-0df5-4fc4-b9d9-e68558eda0da,2026-08-22T15:59:58+00:00,Weird experience so far.Add to bag option always shows oops !try after some time.Even after uninstallation and reinstallation few times.It seems an online shopping app doesn't want me shop!!!,AJIO,added to cart / bag
play_0c5011f3b8a0,playstore,AJIO (Android),https://play.google.com/store/apps/details?id=com.ril.ajio&reviewId=c55cf659-b9aa-4063-8d35-cb70847aae00,2026-08-22T15:59:58+00:00,"Too bad user experience Shows offers expire in some minutes But can't view those items seems done intentionally, can't open wishlist, bag not refreshing, both in mobile app and desktop",AJIO,wishlist
play_1d714ab88fd1,playstore,AJIO (Android),https://play.google.com/store/apps/details?id=com.ril.ajio&reviewId=4b762ff9-c249-4115-a740-af8341e5fafd,2026-08-22T15:59:58+00:00,"its not working ... I separately order /return 30- 40 product after that I'm unable to order any products because ""add to cart""page is not open so it's very disappointed otherwise ajio app is too good if I compare other shopping apps",AJIO,added to cart / bag
play_1a6417fcd8e2,playstore,AJIO (Android),https://play.google.com/store/apps/details?id=com.ril.ajio&reviewId=e975ce2d-f32b-4f4a-9b41-5df273ef10d5,2026-08-22T15:59:58+00:00,The rate for the items looks okay...but the convenience fee is too high...it makes me stop buying and removing it into my wishlist which makes me upset,AJIO,wishlist
play_002098d1ff80,playstore,AJIO (Android),https://play.google.com/store/apps/details?id=com.ril.ajio&reviewId=e4201873-aca5-4fa5-8f48-aa428a80c2e9,2026-08-22T15:59:58+00:00,I had saved so many products in wishlist but none of these products are showing up when I scroll through the wishlist. Please correct this issue.,AJIO,wishlist
play_ca88d138f0a5,playstore,AJIO (Android),https://play.google.com/store/apps/details?id=com.ril.ajio&reviewId=3ca9950a-c24d-467b-80d6-9ee5140ba4b2,2026-08-22T15:59:58+00:00,Worst app. I have been trying for 2 days to order my product.try to contact customer care but there is no response.wishlist opps something wrong bag opps something wrong place order opps something wrong fed up by your opps something wrong your app management is worst and tha app developer or what ever technician orr what ever who ever is behind this app like software or hardware whatever has a worst management.really disappointing,AJIO,wishlist
play_fdf312c15284,playstore,AJIO (Android),https://play.google.com/store/apps/details?id=com.ril.ajio&reviewId=476e350e-b2da-4d06-8735-8e999104b0f2,2026-08-22T15:59:58+00:00,"Need to improvement, because the Wishlist items is automatically removed or hide from the list when it is more than 100 items in wishlist, disappointing 👎",AJIO,wishlist
play_9bb8e0b5acfc,playstore,AJIO (Android),https://play.google.com/store/apps/details?id=com.ril.ajio&reviewId=f039e5df-7a8c-471c-addb-f80aa1d26845,2026-08-22T15:59:58+00:00,"Fix the 'oops something went wrong, try again!' bug it's annoying the bejesus out of me. Won't let me take products from my wishlist, or view any of it and buy them.",AJIO,wishlist
play_cc0f5e6f0605,playstore,AJIO (Android),https://play.google.com/store/apps/details?id=com.ril.ajio&reviewId=66110873-3509-47e8-9115-591d4703f3be,2026-08-22T15:59:58+00:00,Is there a limit to the number of items one can add to the wishlist? Many items got deleted and I was waiting for a sale on them. This is bad!,AJIO,wishlist
play_e1020436e514,playstore,AJIO (Android),https://play.google.com/store/apps/details?id=com.ril.ajio&reviewId=24f64027-1788-4eb3-bf64-60bf4f201a6f,2026-08-22T15:59:58+00:00,They remove items from wishlist automatically. Everything i wanted from sport and regular i put it in wishlist. And now sports items are all gone.,AJIO,wishlist
play_298d2c42bd70,playstore,AJIO (Android),https://play.google.com/store/apps/details?id=com.ril.ajio&reviewId=9cebd401-f743-4278-a199-6752932f3d73,2026-08-22T15:59:58+00:00,The quality of the cloth is good .when the offer start my shopping is start ..I select the cloth and add to cart ...after when offer is on my shopping is on ... people go for it the best app and best product. No issues ..,AJIO,added to cart / bag
play_e88f2914100f,playstore,AJIO (Android),https://play.google.com/store/apps/details?id=com.ril.ajio&reviewId=d5a07449-6087-4e5f-ab7a-d8e0c150f5ee,2026-08-22T15:59:58+00:00,"This app has UI issue, when I marked a product as wishlist then I couldn't able to open the product again, shows like (oops something went wrong).",AJIO,wishlist
play_7c31529a36a5,playstore,AJIO (Android),https://play.google.com/store/apps/details?id=com.ril.ajio&reviewId=c09a3e6a-6475-43d2-8da1-94a17aa38852,2026-08-22T15:59:58+00:00,"I can't buy products in my bag, when I try to open bag it's giving try some time later. I couldn't not open bag icon when I click on its giving try sometime later. It's not showing any products that I added to bag to buy",AJIO,added to cart / bag
play_cdec218c5d53,playstore,AJIO (Android),https://play.google.com/store/apps/details?id=com.ril.ajio&reviewId=f35981fc-80af-49d9-833b-66264ccc485b,2026-08-22T15:59:58+00:00,"Nice, but can be much better. PLZ FIX A VERY FRUSTRATING GLITCH. WHEN U CLICK ON AN ITEM IN UR WISHLIST & GO BACK, IT TAKES U RIGHT 2 D TOP OF D LIST. EXTREMELY FRUSTRATING N QUITE SURPRISING THAT U HAVENT NOTICED IT AND FIXED IT BY NOW. FEELS STONE AGE. ALSO PLZ SHOW OTHER CUSTOMERS REVIEWS FOR PRODUCTS. IT SAVES ALOT OF TIME AND MONEY TOO.",AJIO,wishlist
play_bd5fdaad8fb3,playstore,AJIO (Android),https://play.google.com/store/apps/details?id=com.ril.ajio&reviewId=7a878bce-19ef-47d0-a709-1fe59dd7fa46,2026-08-22T15:59:58+00:00,"The app is not working properly.. Can't able to save anything in wishlist... Whatever i add, it still remains empty.. Difficult to search the product each time",AJIO,wishlist
play_c2261c023c0c,playstore,AJIO (Android),https://play.google.com/store/apps/details?id=com.ril.ajio&reviewId=bbd7aefb-4b81-43f6-ad97-076f001d827a,2026-08-22T15:59:58+00:00,"App is very good. Offers are also very good. One suggestion from my side. Please provide multiple wish list creation, so that i can keep items in wish list categories wise/ family members wise. It will facilitate us to keep huge no of items in my wish list as per taste of my family members. This facility is available in Amazon.",AJIO,wishlist
play_9ee18a13ee6d,playstore,AJIO (Android),https://play.google.com/store/apps/details?id=com.ril.ajio&reviewId=ea7a052b-a0a6-4c0c-8c02-a4d03c0e79ed,2026-08-22T15:59:58+00:00,The app keeps getting hanged everytime I use it and the wishlist always reloads after viewing an item in it. It's very annoying,AJIO,wishlist
play_9b10b74e0d04,playstore,AJIO (Android),https://play.google.com/store/apps/details?id=com.ril.ajio&reviewId=f5fbb5b8-64d1-4599-b0eb-1fbeea6805d8,2026-08-22T15:59:58+00:00,"Worst shopping app i have ever used. It doesn't show the wish list and always keeps showing ""oops, something went wrong"". I am very much disappointed 😡😡😡😡😡😡😡",AJIO,wishlist
play_714e38859445,playstore,AJIO (Android),https://play.google.com/store/apps/details?id=com.ril.ajio&reviewId=6a9aed3f-b1eb-40fd-8c4f-f3aa8a8d9896,2026-08-22T15:59:58+00:00,Very very slow app.. It takes so long to load. Wishlist is just not working. N when I proceed to but it just keeps loading.. Good collection but bad speed,AJIO,wishlist
play_8cdd0b515075,playstore,AJIO (Android),https://play.google.com/store/apps/details?id=com.ril.ajio&reviewId=f714d0e5-d60a-4d27-b433-754c6cff6b30,2026-08-22T15:59:58+00:00,"Very bad experience, I am unable to purchase any item from the app.... Whenever I click add to BAG option the said item didn't go the bag.... Please help me in this regards",AJIO,added to cart / bag
play_175bf1d0a275,playstore,AJIO (Android),https://play.google.com/store/apps/details?id=com.ril.ajio&reviewId=d168c0f2-a42d-41e2-820c-6587814bc41e,2026-08-22T15:59:58+00:00,"Worst service.. My product was to be delivered on 22 march but till now it did not.... Neither jio app is helping nor customer service.. Till now I have experienced worst online shopping service.... I have added many things in my wishlist , But it still shows empty.. Please resolve this issue...",AJIO,wishlist
play_a1d573107320,playstore,AJIO (Android),https://play.google.com/store/apps/details?id=com.ril.ajio&reviewId=1f84c561-1138-4085-9806-aa293e51433f,2026-08-22T15:59:58+00:00,Good shopping experience. It'd be good if we can share entire wishlist to someone in WhatsApp. Also it'd be good if we can have separate multiple wishlist,AJIO,wishlist
play_ca3a666b50a3,playstore,AJIO (Android),https://play.google.com/store/apps/details?id=com.ril.ajio&reviewId=b0f9b683-d629-4780-8b30-99ff929a952d,2026-08-22T15:59:58+00:00,The products keep disappearing from my wishlist... I can't add more than a few products to the list... It's horrible,AJIO,wishlist
play_7bacbc9bd95c,playstore,AJIO (Android),https://play.google.com/store/apps/details?id=com.ril.ajio&reviewId=835137b4-63f4-43fc-ba97-8331429142aa,2026-08-22T15:59:58+00:00,"Worst experience! i was waiting for 2 hours just to place an single order. yet not able access my cart,bag and wishlist.worst app in shopping.",AJIO,wishlist
play_713cfcc0a126,playstore,AJIO (Android),https://play.google.com/store/apps/details?id=com.ril.ajio&reviewId=b2cfccae-5a62-4801-852c-856879eaed49,2026-08-22T15:59:58+00:00,"I love this aap and ajio have such a nice collection ,But i am facing one problem regarding to wishlist , the things which i wishlisted got removed from that section, I don't know how please fix my issue and one more suggestion please add review section in the app .",AJIO,wishlist
play_0707ca47db1a,playstore,AJIO (Android),https://play.google.com/store/apps/details?id=com.ril.ajio&reviewId=c4ccb263-5514-40da-9348-04422916831f,2026-08-22T15:59:58+00:00,App still not working after the update. Kindly check not able to access wishlist or account details or orders. Getting oops something went wrong.,AJIO,wishlist
play_00b4875739ff,playstore,AJIO (Android),https://play.google.com/store/apps/details?id=com.ril.ajio&reviewId=a1049d41-5ec2-4400-9b36-7f528b1cd9eb,2026-08-22T15:59:58+00:00,"i wanted to buy shoes but perfect size not available,most of the pairs are not available in size of 10,11.Even after filters no option is left,This disappointed me alot.",AJIO,meant to buy
play_a5d55517e6e7,playstore,AJIO (Android),https://play.google.com/store/apps/details?id=com.ril.ajio&reviewId=3b7e8ed3-b5dc-47da-88e2-3572885f84a2,2026-08-22T15:59:58+00:00,I love this app but the only problem is it's stops or won't show up my wish list whenever I try to go through and it's been a pain to search for the products again and again!,AJIO,wishlist
play_a05fb3b3cd6e,playstore,AJIO (Android),https://play.google.com/store/apps/details?id=com.ril.ajio&reviewId=a8593ea2-d0a8-4001-9b0f-e0284a82c774,2026-08-22T15:59:58+00:00,Hlw... After update ajio is not doing great ... I want to order but i cant after add to cart i want to remove some items but i dont know why items didnt remove and this item cant be removed something like that pop up... Please ajio fix this asap ... Im in shopping mood dont spoil my mood,AJIO,added to cart / bag
play_98a3d589c109,playstore,AJIO (Android),https://play.google.com/store/apps/details?id=com.ril.ajio&reviewId=1647253b-cea6-4309-9d9e-3c224cf582df,2026-08-22T15:59:58+00:00,"Can't add more than a few items to wishlist. Wishlist should be unlimited, ideally. Most other apps don't have a limit.",AJIO,wishlist
play_53afd638903d,playstore,AJIO (Android),https://play.google.com/store/apps/details?id=com.ril.ajio&reviewId=30ac8df2-28de-406a-8e4f-cd528aec47c9,2026-08-22T15:59:58+00:00,App is too slow and does not load pages.. There are so many glitches.. I have wishlisted so many products but then none of product was there in my wishlist.. Waste of time..,AJIO,wishlist
play_d8d2a389fca2,playstore,AJIO (Android),https://play.google.com/store/apps/details?id=com.ril.ajio&reviewId=7c72f43e-1fc7-4fb1-a47c-6fa997e604a5,2026-08-22T15:59:58+00:00,"I like shopping on ajio but since last 2 days facing several issues after I have updated app, unable to open Cart and place order, same happens for wishlist.",AJIO,wishlist
play_547c39393766,playstore,AJIO (Android),https://play.google.com/store/apps/details?id=com.ril.ajio&reviewId=aa3778c5-eef9-496b-bc55-49fe56e41777,2026-08-22T15:59:58+00:00,App is good but too slow to load the things. Takes too much time to add and remove items in the wishlist and bag.,AJIO,wishlist
play_a41ceb82ed7c,playstore,AJIO (Android),https://play.google.com/store/apps/details?id=com.ril.ajio&reviewId=281ca358-0a85-4bf0-ad05-ecd4bebd3d8d,2026-08-22T15:59:58+00:00,The app is not working properly. Items cannot be added in bad. We can't open the wishlist and bag. Worst experience,AJIO,wishlist
play_2acb922bb291,playstore,AJIO (Android),https://play.google.com/store/apps/details?id=com.ril.ajio&reviewId=5574abe4-8323-4e58-bf5e-cf7d4a1e8d61,2026-08-22T15:59:58+00:00,"After updating it, it shows my wishlist is empty. I've shortlisted so many items which I was thinking to buy. Congrats guys you are in loss👏",AJIO,wishlist; shortlisted
play_b2437ea9c732,playstore,AJIO (Android),https://play.google.com/store/apps/details?id=com.ril.ajio&reviewId=8a3ff42a-91d4-40e3-9900-44a09efbc250,2026-08-22T15:59:58+00:00,It's nice shopping here but there is some glitch in recent times. Products in the wishlist are disappearing itself.,AJIO,wishlist
play_97dcdea3c675,playstore,AJIO (Android),https://play.google.com/store/apps/details?id=com.ril.ajio&reviewId=5bfb1921-32ee-4598-b3ee-b95ffb85a523,2026-08-22T15:59:58+00:00,"its amazing, i love each n every product, very good quality n i suggest everyone to gv it ur time for shopping cuz its worthy...just loving it😊 But there's one more that...the things which we add on wishlish ,the older one gets disappear...plzz fix this issue increase d limit of wishlist...dat will help us alot.",AJIO,wishlist
play_0fd9237cd5d9,playstore,AJIO (Android),https://play.google.com/store/apps/details?id=com.ril.ajio&reviewId=df37a8d5-e52e-4626-9160-4c4ebac6c958,2026-08-22T15:59:58+00:00,The prices are always fluctuating. I really wanted to buy nike shoes 1 week ago it was 6000 now it's 9000. It's infuriating. Never gonna use this app again. And also gonna leave jio connection. Can't rely on reliance ig.,AJIO,meant to buy
play_039402df4a89,playstore,AJIO (Android),https://play.google.com/store/apps/details?id=com.ril.ajio&reviewId=07581290-087a-4ac1-915c-2f4eec6f2ffb,2026-08-22T15:59:58+00:00,I was fine until they started deleting stuff from my closet. First off having a limit on yhe wishlist and a number as small as 50 is absurd secondly instead of telling me that I cant add mote items ti the closet they start deleting the stuff at the end. Ive lost so many clothes due to them deleting my clothes from my closet im sooo mad rn. Also they provide refund in the wallet so we have to use the money at ajio at the emd of the day after calling for weeks i still cant get my money from the w,AJIO,wishlist
play_16e284500cc6,playstore,AJIO (Android),https://play.google.com/store/apps/details?id=com.ril.ajio&reviewId=58235d38-f9ad-4464-b192-315fcd0a9f40,2026-08-22T15:59:58+00:00,"1. The app is full of bugs. Crashes half the times and removes all the items from wishlist 2. Fake offers - managed to order a branded footwear on their ₹1 flash sale. After a few days the order was cancelled without any reason. 3. Very high delivery time - estimated delivery time during sale shows more than 12 days to Delhi-NCR region! Guess it takes month for tier-2,3 cities then Lol",AJIO,wishlist
play_b3ba1dfeb503,playstore,AJIO (Android),https://play.google.com/store/apps/details?id=com.ril.ajio&reviewId=105a3066-5b82-47df-8137-b3a5e009cb45,2026-08-22T15:59:58+00:00,"The app is very buggy, sometime it can't load the search item, sometime the wishlist, to enhance your user experience rather than making the app buggy and clueless for user give a small notification say the app needs an update and an update button, it's time to work on your UX guys",AJIO,wishlist
play_5d9117adf68c,playstore,AJIO (Android),https://play.google.com/store/apps/details?id=com.ril.ajio&reviewId=f1f4f431-de4b-4b17-9d6e-a9479f204863,2026-08-22T15:59:58+00:00,I don't know y people have given worst rating. My experience was really good with Ajio. delivery Exchange return everything was good. Only thing is delivery charge is high. They should need to consider about it. Also need some updates in d app regarding wishlist as v need to scroll from d top each n ever time. Customer support is also good.,AJIO,wishlist
play_26365f3c884f,playstore,AJIO (Android),https://play.google.com/store/apps/details?id=com.ril.ajio&reviewId=f5be21c2-4932-4166-afda-4d359e368a8a,2026-08-22T15:59:58+00:00,"Unstable app! Only UI is being focused upon by Developers, they forgot to make the app stable. Sometimes the wishlist doesn't open and sometimes the cart. Not a great experience.",AJIO,wishlist
play_3248b0c65e25,playstore,AJIO (Android),https://play.google.com/store/apps/details?id=com.ril.ajio&reviewId=979b425b-6e7e-4df0-934e-571d454376a7,2026-08-22T15:59:58+00:00,It crashes with error message while applying filters. And while you open one product from wishlist the page restarts . Then you have to scroll down the last product again.,AJIO,wishlist
play_afe5cbd6cbba,playstore,AJIO (Android),https://play.google.com/store/apps/details?id=com.ril.ajio&reviewId=c0702d86-d4d6-4cd5-aaae-10cce8f777c6,2026-08-22T15:59:58+00:00,I really like the app. Just would like a feature to filter the products in my wishlist like Myntra has. It's extremely inconvenient to scroll the entire wishlist.,Myntra,wishlist
play_c762df034509,playstore,AJIO (Android),https://play.google.com/store/apps/details?id=com.ril.ajio&reviewId=67085453-45e2-4c93-83d2-f0dc0c6c31b4,2026-08-22T15:59:58+00:00,"Since the beginning of the sale I am not able to access wishlist and bag. Highly disappointed, it always shows try after some time while rest everything works.",AJIO,wishlist
play_229fb6251483,playstore,AJIO (Android),https://play.google.com/store/apps/details?id=com.ril.ajio&reviewId=bb9892cb-d3db-4187-9914-def97dfcb218,2026-08-22T15:59:58+00:00,I really donno the reason I can't open wishlist on ajio If I can't open wishlist means how can I purchase? And when I bought product the quality was worth go through the issue of opening wish list,AJIO,wishlist
play_3bdef9bbd018,playstore,AJIO (Android),https://play.google.com/store/apps/details?id=com.ril.ajio&reviewId=877b5049-b5ca-4540-9211-139dabf21ff9,2026-08-22T15:59:58+00:00,"Late deliveries , auto cancellations , 99% Out of stock of most of the wishlisted ...main thing i return a item pickup done ..but money is not returned Totally dissapointed",AJIO,wishlist
play_579f4b63b73e,playstore,AJIO (Android),https://play.google.com/store/apps/details?id=com.ril.ajio&reviewId=563c242f-6146-4feb-896a-8a759f006b27,2026-08-22T15:59:58+00:00,Good..but wishlist space is not enough..and offers lack clarity..pls make more space for closet and wishlist..not able to add more,AJIO,wishlist
play_94249c2e419b,playstore,Nykaa Fashion (Android),https://play.google.com/store/apps/details?id=com.fsn.nds&reviewId=534d0074-6ae4-4449-8a85-2a208495452f,2026-08-22T16:03:56+00:00,"Hi Nykaa, You literally spill the beans about my cart and wishlist with other customers out there, while I check out the products, which you need to really change this attitude. It's my honest opinion and don't do so with others as well, if at all it is your business tactics or whatsoever you name it. So embarassing and disgusting in some way too.",Nykaa Fashion,wishlist
play_b2003e68df90,playstore,Nykaa Fashion (Android),https://play.google.com/store/apps/details?id=com.fsn.nds&reviewId=816c6ee5-0dba-4508-90b6-2874874c2bbf,2026-08-22T16:03:56+00:00,prices and cloth ranges are good but if i wishlist something for later it ends up either getting stocked out and never returns back in stock for months,Nykaa Fashion,wishlist
play_5d97f6881c60,playstore,Nykaa Fashion (Android),https://play.google.com/store/apps/details?id=com.fsn.nds&reviewId=f50791ec-bc78-4655-b366-476f863cd37a,2026-08-22T16:03:56+00:00,"So usually, any customer's wishlist would contain more than 30 items at least, and almost all shopping apps let you view your wishlist items and layer proceed with buying. Unfortunately, you CANNOT view all the items you have added on your Nykaa Fashion app's wishlist, it is impossible to do so, and becomes very frustrating. You have to delete some item from your wishlist in order to view the item that's next in line! Hence, not so great!",Nykaa Fashion,wishlist
play_1eb8be1eb9fd,playstore,Nykaa Fashion (Android),https://play.google.com/store/apps/details?id=com.fsn.nds&reviewId=b8cd79a1-6b7d-486d-a3d2-48efc8336f46,2026-08-22T16:03:56+00:00,This app has wide range of good stuffs but it's quite expensive and product are overpriced than other app. Also their is one issue in my app that the wishlist is not showing completely only 10-20 products of the wishlist appears at a time...rest of wishlisted products are not showing. I have updated the app too but no difference. I hope it gets resolved soon.,Nykaa Fashion,wishlist
play_96dec6279655,playstore,Nykaa Fashion (Android),https://play.google.com/store/apps/details?id=com.fsn.nds&reviewId=01db42d6-c268-4de8-a13e-ca5efc8f1644,2026-08-22T16:03:56+00:00,"Why there is wishlist option available in your app, if it is of no use. We can't view the whole list you saved earlier in wishlist. We have to remove few items to review previous saved items. I have made complaint twice on customer care, I was told to remove cookies which I did several times but nothing happened. Also another option they told to remove app and install it after 2 hours if removing cookies doesn't work, but both option didn't work. Never experienced this on any other app.",Nykaa Fashion,wishlist; saved items
play_b3947056f626,playstore,Nykaa Fashion (Android),https://play.google.com/store/apps/details?id=com.fsn.nds&reviewId=d326d37c-1672-435c-8e0e-4b7d54d172c7,2026-08-22T16:03:56+00:00,There's some sort of bug in your app. Wishlist never shows the complete items. Only a maximum of 20-30 items are visible and the rest of the wishlist never loads. Please fix it. And when you remove some recently added items then the older starts to show but only a maximum of around 30 items are visible.,Nykaa Fashion,wishlist
play_c82abaf4c061,playstore,Nykaa Fashion (Android),https://play.google.com/store/apps/details?id=com.fsn.nds&reviewId=c1c6e456-625e-4330-9fbf-dbeec82524ab,2026-08-22T16:03:56+00:00,"Though the collection is really good, the prices are absolutely off the charts. Moreover, the wishlist function is practically useless as it does not store beyond 15 to 17 items. This really ruins the experience and has put me off of using the app.",Nykaa Fashion,wishlist
play_f958f0642069,playstore,Nykaa Fashion (Android),https://play.google.com/store/apps/details?id=com.fsn.nds&reviewId=b8720645-b39e-4ce8-ab2e-6c7560d66743,2026-08-22T16:03:56+00:00,"Why there is wishlist option available in your app, if it is of no use. We can't view the whole list we saved earlier in wishlist. We have to remove few items to review previous saved items. Please fix this issue as soon as possible. Also add a option to remove all items from the wish list at one click.",Nykaa Fashion,wishlist; saved items
play_b554b287fc2c,playstore,Nykaa Fashion (Android),https://play.google.com/store/apps/details?id=com.fsn.nds&reviewId=528d939a-1e76-4a08-b577-d33935eac82a,2026-08-22T16:03:56+00:00,"Whats wrong with your wishlist option on the app. We cannot load all the products tht added to wishlist this is not the first time , since 6 months im observing and it is so irritating not able to review our wishlist. For gods sake please look into this issue instead of replying ""we will solve""",Nykaa Fashion,wishlist; added to wishlist
play_764fbdfcbfba,playstore,Nykaa Fashion (Android),https://play.google.com/store/apps/details?id=com.fsn.nds&reviewId=f0b301c7-ab88-4834-97ed-be77e0e68601,2026-08-22T16:03:57+00:00,A substandard application. Wishlist never appears completely. I wrote my concern to the customer service. They made lame excuses and were unable to solve my issues. Well how can they when they simply don't try to understand them and stick to some useless explanation.,Nykaa Fashion,wishlist
play_5171a4de41da,playstore,Nykaa Fashion (Android),https://play.google.com/store/apps/details?id=com.fsn.nds&reviewId=79a37e8c-12f2-4cce-a268-7c8511004272,2026-08-22T16:03:57+00:00,"Hi, I love shopping here I am having serious problem with the wishlist option .,.even if I put like things in the wishlist like 10 items ....later when I see only the first 5 shows and not all ....this has been a problem since a long time !",Nykaa Fashion,wishlist
play_4c178a1ee508,playstore,Nykaa Fashion (Android),https://play.google.com/store/apps/details?id=com.fsn.nds&reviewId=c97b9298-9096-41db-87a2-47a54f22b8e8,2026-08-22T16:03:57+00:00,"Since lot of products ( ethnic wears ) for females arw custom made by thw designers so there is no return policy unlike other shopping apps so add a filter in the list where we can only view products which has return policy, browsing 50 products and adding in wishlist and then realising that none of them has returns is a painful experience for customer.",Nykaa Fashion,wishlist
play_b5e7fdd13743,playstore,Nykaa Fashion (Android),https://play.google.com/store/apps/details?id=com.fsn.nds&reviewId=6f8b71d4-9cd9-48b9-a2bc-af5201f8f0e1,2026-08-22T16:03:57+00:00,"I like this app, it has a great variety but I would like it more if it had more quantity and variety in clothes. I wanted to buy some comfy sweats and loose oversized outfit.. but those were not available.. pls watch out these.. otherwise a good app :) Just need some more products",Nykaa Fashion,meant to buy
play_395551c521de,playstore,Nykaa Fashion (Android),https://play.google.com/store/apps/details?id=com.fsn.nds&reviewId=7b7426c7-ca57-4495-8fe6-7cfdfdaeac7e,2026-08-22T16:03:57+00:00,Very faulty app. Unlike the nykaa beauty app this app is not user friendly. There is a problem in saving items to your wishlist it just does not get saved! In fact on their website their is no option to wishlist The FAQ section is not well written No option to track to your orders or returns Returning or exchanging products is big hustle on nykaa unlike other online shopping sites!,Nykaa Fashion,wishlist
play_c476d52de46b,playstore,Nykaa Fashion (Android),https://play.google.com/store/apps/details?id=com.fsn.nds&reviewId=614ed578-bafe-4ca0-958c-ee8cbe749e0e,2026-08-22T16:03:57+00:00,It's a scam! Worst application they show discounted price but when you add to cart the price changes. Secondly even after adding to cart successfully they say you can't order the said product while making payments,Nykaa Fashion,added to cart / bag
play_e4f2652d1e03,playstore,Nykaa Fashion (Android),https://play.google.com/store/apps/details?id=com.fsn.nds&reviewId=dc43bf4d-e8dd-4402-843a-e41e16ba1f37,2026-08-22T16:03:57+00:00,"I had bought a top for my sister and it was big for her and I had to return it for an exchange but I didn't get that as well and when I had a chat in the app I was told to submit my bank details so that they would transfer my money, I wanted to buy something else instead so I requested to put my money to the wallet, but you people don't have that option, every app has it, I don't feel safe to share my details, please create wallet in the app, I will shop for the same amount or more.",Nykaa Fashion,meant to buy
play_9ac2d0671dea,playstore,Nykaa Fashion (Android),https://play.google.com/store/apps/details?id=com.fsn.nds&reviewId=0ffbe4e6-2da6-4e36-ae7d-25dd0dfe8c7a,2026-08-22T16:03:57+00:00,It's overall a good app with good brand but the only concern I have is that I cannot view my my complete wishlist. I either have to delete some wishlist products to see some more and still not the whole list. If this glitch then you should definitely look into this.,Nykaa Fashion,wishlist
play_63e0084d8efa,playstore,Nykaa Fashion (Android),https://play.google.com/store/apps/details?id=com.fsn.nds&reviewId=60f64c3a-5624-422c-8fa7-104d1759676e,2026-08-22T16:03:57+00:00,"Please solve the issue of wishlist page. It happens everytime, I cannot see my entire wishlist, if I remove some from the list then I can see the further ones. Solve the wishlist issue asap PAY ATTENTION TO YOUR WISHLIST PAGE ISSUE, IT IS NOT WORKING PROPERLY",Nykaa Fashion,wishlist
play_efa954135773,playstore,Nykaa Fashion (Android),https://play.google.com/store/apps/details?id=com.fsn.nds&reviewId=08888ccc-0049-498a-99c2-c7776525eabb,2026-08-22T16:03:57+00:00,"Simply you show the products which are not available, you will send nice message after completion of payment that it has autoreturtned. Waisted my night shortlisting producting and buying due to wrong information shown. Please update correct inventory if that's not available.",Nykaa Fashion,shortlisted
play_38ffecc62ea0,playstore,Nykaa Fashion (Android),https://play.google.com/store/apps/details?id=com.fsn.nds&reviewId=063c378c-7fd9-4b99-ba31-2634c63a75ad,2026-08-22T16:03:57+00:00,"I could not wishlist more than 19 products....if i will wishlist 20th product...then the last product in the wishlist will get disappear from list and if i remove any product from list, the disappeared ones will appear...i dont know whats there with this app....other apps like myntra ,they provide over 1000 space for wishlisting....this app sucks",Myntra,wishlist
play_b29d1aa4714e,playstore,Nykaa Fashion (Android),https://play.google.com/store/apps/details?id=com.fsn.nds&reviewId=c29d0188-a679-4a55-ad92-280990fc15f2,2026-08-22T16:03:57+00:00,All products are out of stock all the time!!!!!!! like letrally it never comes in stock my whole wishlist is out of stock and even if something is in stock barely one size is available then it's out of stock again!!!,Nykaa Fashion,wishlist
play_405593dcbdbd,playstore,Nykaa Fashion (Android),https://play.google.com/store/apps/details?id=com.fsn.nds&reviewId=02adc571-b2bc-4ceb-979f-26cae7f0fc4f,2026-08-22T16:03:57+00:00,I was thoroughly enjoying this app. I love nykaa so hell yeah I love nykaa fashion too. Except that in the past week the interface has gotten so slow. It takes more than 1.5 min of loading to remove and item or send it to wishlist from my cart. It's ruining the experience. I updated my app two days ago yet it's just gotten worse. Edit: thank you for reaching out so quickly. I will do just that to see if the problem still persists.,Nykaa Fashion,wishlist
play_62025a8eb044,playstore,Nykaa Fashion (Android),https://play.google.com/store/apps/details?id=com.fsn.nds&reviewId=9e6cea41-3b92-4fe0-9288-a1f6a3f509f7,2026-08-22T16:03:57+00:00,"My wishlist isn't loading properly and it always gets stuck and also i am not able to view the items, wishlisted earlier and it gets frustrating. Always asking for app update but never fixing this problem. please fix this bug.",Nykaa Fashion,wishlist
play_f82eba34687d,playstore,Nykaa Fashion (Android),https://play.google.com/store/apps/details?id=com.fsn.nds&reviewId=4cd28253-fad7-4278-b6f6-3bd41f55b718,2026-08-22T16:03:57+00:00,"So far, I love the app. But I'm experiencing trouble to have full access of my wishlist. I need to delete items from wishlist to have a look on previously added items. Kindly resolve the issue.",Nykaa Fashion,wishlist
play_a2988228e5c4,playstore,Nykaa Fashion (Android),https://play.google.com/store/apps/details?id=com.fsn.nds&reviewId=30cdb9ce-94bb-400c-8ba5-f9496daff127,2026-08-22T16:03:57+00:00,You can't view your wishlist and that's the worst part..when you save new items the old ones disappear and you have to delete items to view you wishlist..it's very irritating,Nykaa Fashion,wishlist
play_e188c98f69ab,playstore,Nykaa Fashion (Android),https://play.google.com/store/apps/details?id=com.fsn.nds&reviewId=c6f6eb61-1bb2-40b5-8bdf-e948b7e694c9,2026-08-22T16:03:57+00:00,I wanted to buy boot but found most of the range is sold out.. I have been tracking it for last 2 months. Giving One star for non-availability of products... Otherwise user interface is very very good and easy..,Nykaa Fashion,meant to buy
play_b9d9301f0e4a,playstore,Nykaa Fashion (Android),https://play.google.com/store/apps/details?id=com.fsn.nds&reviewId=7c611c96-a5d8-49ed-9f89-81465bdbf024,2026-08-22T16:03:57+00:00,This app is like for celebs prices are so high here that only they can afford it to buy! We middle class people can only have it in our wishlist for years😂😪 Nykaa Fashion please make some reasonable clothes for mid class ppl also😂,Nykaa Fashion,wishlist
play_9e25e0a34a0d,playstore,Nykaa Fashion (Android),https://play.google.com/store/apps/details?id=com.fsn.nds&reviewId=dcdfa304-2fae-4fcf-9e0b-0ed4aa97e0ee,2026-08-22T16:03:57+00:00,"I am literally never able to access my wish list further than 10 items. Have tried re-installing it several times, updated it, and what not but the problem persists.",Nykaa Fashion,wishlist
play_587222a509d3,playstore,Nykaa Fashion (Android),https://play.google.com/store/apps/details?id=com.fsn.nds&reviewId=84fcb34d-7ded-4333-b050-fa09b4d61abc,2026-08-22T16:03:57+00:00,Worst app. Received 6 faulty stitched tees. Only exchange available. All the tee again with same poor quality. Wishlist doesnt load. Customer care doesn't solve any issue not interested in hearing out either,Nykaa Fashion,wishlist
play_f066406a60a5,playstore,Nykaa Fashion (Android),https://play.google.com/store/apps/details?id=com.fsn.nds&reviewId=82abf5ce-2930-422d-b1f7-01aeaafe999e,2026-08-22T16:03:57+00:00,How to contact you? You guys delivered damage product and when I want to replace it you said its out of stalk. But when I added same product for new purchase its been added to cart. What is going on?,Nykaa Fashion,added to cart / bag
play_c80f2e5a3cf4,playstore,Nykaa Fashion (Android),https://play.google.com/store/apps/details?id=com.fsn.nds&reviewId=c7f8ddff-e099-473c-b0bd-c76b9f0ae4be,2026-08-22T16:03:57+00:00,I recently added many items in my wishlist and now the wishlist isn't loading. It's a waste of my time and energy. Never gonna shop again from nykaa fashion.,Nykaa Fashion,wishlist
play_0b0b993a4488,playstore,Nykaa Fashion (Android),https://play.google.com/store/apps/details?id=com.fsn.nds&reviewId=025e0d84-e093-4100-8a79-74cfaaacde16,2026-08-22T16:03:57+00:00,Nykaa you have a nice variety of clothes and overall everything is good but you need to improve your app. The whole wishlist is never available only latest are shown. Please improve the app. This is the 3rd time I'm editing the review and no action has taken place it is same like before please fix your app,Nykaa Fashion,wishlist
play_34cc632baf32,playstore,Nykaa Fashion (Android),https://play.google.com/store/apps/details?id=com.fsn.nds&reviewId=af28ef31-d9c1-4325-8e59-c7c862d05e54,2026-08-22T16:03:57+00:00,"First I add many items in cart,when I want to buy one thing from cart,,I have no option to buy just one thing from cart,,so I move to wishlist all items,after I order that selected item and continue shopping,,,please do cart settings",Nykaa Fashion,wishlist
play_a43444987553,playstore,Nykaa Fashion (Android),https://play.google.com/store/apps/details?id=com.fsn.nds&reviewId=7e202367-c785-4e5f-ac70-6175ed583828,2026-08-22T16:03:57+00:00,"It's the worst app because my wishlist is never completely visible.Its only showing half of the wishlisted products.I just hate this experience, it's very annoying 😒.",Nykaa Fashion,wishlist
play_315fa8ccf573,playstore,Nykaa Fashion (Android),https://play.google.com/store/apps/details?id=com.fsn.nds&reviewId=0796d566-1e0f-496c-b819-1cd866d1c58c,2026-08-22T16:03:57+00:00,I wishlisted 50 items on nykaa but I'm able to see only 8-10 products why so ?? I already uninstalled and again installed but problem is still as it was please help me and show my whole wishlist on nykaa fashion - shopping app......!,Nykaa Fashion,wishlist
play_0732bf2dfbfb,playstore,Nykaa Fashion (Android),https://play.google.com/store/apps/details?id=com.fsn.nds&reviewId=220a36f5-a1bd-4f07-adb5-6d4786a22bc3,2026-08-22T16:03:57+00:00,There is some kind of technical glitch. Items added in wishlist got removed immediately.,Nykaa Fashion,wishlist
play_85c83cda03e1,playstore,Nykaa Fashion (Android),https://play.google.com/store/apps/details?id=com.fsn.nds&reviewId=3bc5b0a2-90fe-41b2-9d37-1d05ab6d22c1,2026-08-22T16:03:57+00:00,Couldn't add any product in cart. On click of 'Add to cart' button getting error 'no such entity with %fieldname = %fieldvalue' in popup,Nykaa Fashion,added to cart / bag
play_9444b6255ea8,playstore,Nykaa Fashion (Android),https://play.google.com/store/apps/details?id=com.fsn.nds&reviewId=b880ad2f-04c7-40bb-9881-19efe8cfde6a,2026-08-22T16:03:57+00:00,"Wishlist isn't working it have several kind of problem like, not load your all wishlist & stopped then can't load your rest of ones....Please Nykaa Fashion work on this.",Nykaa Fashion,wishlist
play_3303fcdfa8be,playstore,Nykaa Fashion (Android),https://play.google.com/store/apps/details?id=com.fsn.nds&reviewId=48f4ebec-191f-4ca7-a4f8-40f95116a604,2026-08-22T16:03:57+00:00,The app would be better if there was an option to sort items by price/discount/etc within the wishlist,Nykaa Fashion,wishlist
play_c12d5f709faa,playstore,Nykaa Fashion (Android),https://play.google.com/store/apps/details?id=com.fsn.nds&reviewId=b7e1acc1-8d9d-4870-b15b-6f7f7e130220,2026-08-22T16:03:57+00:00,Wishlist is showing only 8-10 items but I wishlisted more than 50 items but it's not showing...this issue I'm facing from the 1st day of using this app..such a worst and irritating app,Nykaa Fashion,wishlist
play_eb4b61565ddc,playstore,Nykaa Fashion (Android),https://play.google.com/store/apps/details?id=com.fsn.nds&reviewId=cc9bbb2f-686e-4d33-a8e2-9ba73557953d,2026-08-22T16:03:57+00:00,"They just keep removing everything from wishlist, and sometimes from cart also.. despite multiple complaints they don't seem to care..now I am able to see only 4 items in the wishlist.. pathetic app",Nykaa Fashion,wishlist
play_d44f0cd00e30,playstore,Nykaa Fashion (Android),https://play.google.com/store/apps/details?id=com.fsn.nds&reviewId=88451da6-32bd-4732-bdce-a42aeb534ebc,2026-08-22T16:03:57+00:00,Shocked! Is Nykaa fashion is selling their coustomer's data???? I recieved a call few minutes back that my name has been short listed in top five coustomer and offered me some gift also the sales girl knew my shopping details including my address!!! This is totally pathetic if I'm getting it right.... Will have to think many times before purchasing from next time onwards.... I want to request the team to go through the matter because it is the concern of safety and privacy.,Nykaa Fashion,shortlisted
play_846c39cfe9d4,playstore,Nykaa Fashion (Android),https://play.google.com/store/apps/details?id=com.fsn.nds&reviewId=cc382fc3-9c49-43b4-af6c-8ad26733b2bf,2026-08-22T16:03:57+00:00,"Everything is fine but please allow me to have more items in my wishlist.. The more I add , previous ones gone !! Please 🙏🏻",Nykaa Fashion,wishlist
play_7c5ab4c2008b,playstore,Nykaa Fashion (Android),https://play.google.com/store/apps/details?id=com.fsn.nds&reviewId=ae2d7c0d-66d7-4860-890f-808168cb3017,2026-08-22T16:03:57+00:00,app doesnt show all products of my wishlist and second issue is i can't apply any coupon code.,Nykaa Fashion,wishlist
play_564227852e9f,playstore,Nykaa Fashion (Android),https://play.google.com/store/apps/details?id=com.fsn.nds&reviewId=fd7b63ed-b5de-4581-9824-09c7189329e9,2026-08-22T16:03:57+00:00,I loved the app but since 2 weeks or so the app just doesn't load products anymore... Can't see my wishlist not products in bag Please fix the issues,Nykaa Fashion,wishlist
play_363b086f67b4,playstore,Nykaa Fashion (Android),https://play.google.com/store/apps/details?id=com.fsn.nds&reviewId=20522851-422a-45ff-9be0-25d90db620c0,2026-08-22T16:03:57+00:00,Items from my wishlist keep disappearing even when they're not out of stock. Please fix this.,Nykaa Fashion,wishlist
play_2e447910c79f,playstore,Nykaa Fashion (Android),https://play.google.com/store/apps/details?id=com.fsn.nds&reviewId=d911e81d-80d6-4b26-ae0e-513103f5f959,2026-08-22T16:03:57+00:00,The app takes 7-8 seconds to remove item from bag. One needs to be really really patient while wishlist/removing items in bag,Nykaa Fashion,wishlist
play_cbfffd42465b,playstore,Nykaa Fashion (Android),https://play.google.com/store/apps/details?id=com.fsn.nds&reviewId=b893e081-c01b-488f-bdb9-f24ff0a0e942,2026-08-22T16:03:57+00:00,What happened to my wishlist when I am accessing from my phone? It's a mess but when I am using my laptop it's fine . Please fix this issue.,Nykaa Fashion,wishlist
play_12e20c853851,playstore,Nykaa Fashion (Android),https://play.google.com/store/apps/details?id=com.fsn.nds&reviewId=57d1d41b-c852-4087-8a17-ba1bd85a2a2d,2026-08-22T16:03:57+00:00,The wishlist doesn't load after showing 30 products. I cannot view my list.,Nykaa Fashion,wishlist
play_5cf49c27b32e,playstore,Nykaa Fashion (Android),https://play.google.com/store/apps/details?id=com.fsn.nds&reviewId=6a74aa52-28a7-4c9f-b58a-fb7576713b95,2026-08-22T16:03:57+00:00,Very bad. Products are not delivered on time. Saved products are not visible in wishlist.,Nykaa Fashion,wishlist
play_2cf0e7e2f018,playstore,Nykaa Fashion (Android),https://play.google.com/store/apps/details?id=com.fsn.nds&reviewId=d0cbcb54-f1d4-4f64-8a67-d271e8604ee1,2026-08-22T16:03:57+00:00,Why is only half my wishlist visible? I can never see all the wishlisted products. I have remove some to be able to view the old ones.,Nykaa Fashion,wishlist
play_3d761897baec,playstore,Nykaa Fashion (Android),https://play.google.com/store/apps/details?id=com.fsn.nds&reviewId=9ff7d01f-84d8-45b7-a80d-46cbfccae8fa,2026-08-22T16:03:57+00:00,"Not able to login- If I login with google it says ""error"" And if I login manually it says ""already logged in with google"" I'm not able to save products to the wishlist because of this",Nykaa Fashion,wishlist
play_3c4ef6d1e2ee,playstore,Nykaa Fashion (Android),https://play.google.com/store/apps/details?id=com.fsn.nds&reviewId=5f6b1637-e111-4d51-b308-b816137647a3,2026-08-22T16:03:57+00:00,My whole wishlist vanished automatically one day and I didn't get any support from customer care.,Nykaa Fashion,wishlist
play_51d36182d973,playstore,Nykaa Fashion (Android),https://play.google.com/store/apps/details?id=com.fsn.nds&reviewId=25ccd8bb-a954-40e8-a60e-c0d7794e2329,2026-08-22T16:03:57+00:00,"The app wishlist doesn't work... I can't even see all the products,... Uninsstalled and re installed it",Nykaa Fashion,wishlist
play_9a1a99f52667,playstore,Nykaa Fashion (Android),https://play.google.com/store/apps/details?id=com.fsn.nds&reviewId=861cbe9a-68cd-4d3e-8c2b-8ed04712ffaa,2026-08-22T16:03:57+00:00,The wishlist doesn't show the entire stored items. 10-15 saved items only.,Nykaa Fashion,wishlist; saved items
play_fd20c2fa31b8,playstore,Nykaa Fashion (Android),https://play.google.com/store/apps/details?id=com.fsn.nds&reviewId=1b682f64-1eef-40d5-b39c-c5586442e3bf,2026-08-22T16:03:57+00:00,"Worst app ever, it's scrolling up automatically , I couldn't even wishlist the items I like",Nykaa Fashion,wishlist
play_d51a2dfba820,playstore,Nykaa Fashion (Android),https://play.google.com/store/apps/details?id=com.fsn.nds&reviewId=7d564a90-1d11-484b-964e-ae1f603a4f39,2026-08-22T16:03:57+00:00,My wishlist is not working. Your app is having a glitch problem. Please solve this asap.,Nykaa Fashion,wishlist
play_1f9dbffc6089,playstore,Nykaa Fashion (Android),https://play.google.com/store/apps/details?id=com.fsn.nds&reviewId=53f7cf5c-ee4a-46c2-95b1-0faefad9da02,2026-08-22T16:03:57+00:00,"It doesn't show full wishlist...when u delete one, the other one shows up",Nykaa Fashion,wishlist
play_523251818a0e,playstore,Nykaa Fashion (Android),https://play.google.com/store/apps/details?id=com.fsn.nds&reviewId=13f43465-9dd6-4e23-995a-245522d72828,2026-08-22T16:03:57+00:00,Unable to view my entire wishlist. Please fix the bug!,Nykaa Fashion,wishlist
play_55d05740f639,playstore,Nykaa Fashion (Android),https://play.google.com/store/apps/details?id=com.fsn.nds&reviewId=e4c15950-513f-461f-8c1c-eb77ef283af7,2026-08-22T16:03:57+00:00,"This is a glitch in the wishlist, the wishlist never shows all the times in your wishlist",Nykaa Fashion,wishlist
play_f02aaf13bf5a,playstore,Nykaa Fashion (Android),https://play.google.com/store/apps/details?id=com.fsn.nds&reviewId=0546d344-4684-4dd2-a0d4-05878dc97c65,2026-08-22T16:03:57+00:00,wishlist doesn't show more than 20 items. Unable to see my wishlist,Nykaa Fashion,wishlist
play_e33f0d32a964,playstore,Nykaa Fashion (Android),https://play.google.com/store/apps/details?id=com.fsn.nds&reviewId=3b788169-0173-4511-90eb-4fdf1625b82e,2026-08-22T16:03:57+00:00,Wishlist option adds only 1 product at a time 😑 What is the use of wishlist then ?,Nykaa Fashion,wishlist
play_007b24b0b850,playstore,Nykaa Fashion (Android),https://play.google.com/store/apps/details?id=com.fsn.nds&reviewId=e0c4ea26-6303-4cd6-b13d-51b5faa9a50d,2026-08-22T16:03:57+00:00,Wish list product are out of stock for a month..canot buy things even if I went to.,Nykaa Fashion,wishlist
play_cf6e45372088,playstore,Nykaa Fashion (Android),https://play.google.com/store/apps/details?id=com.fsn.nds&reviewId=a9364312-a734-4778-bff8-5de6da4581ae,2026-08-22T16:03:58+00:00,Very slow..not able to add in wishlist and cart,Nykaa Fashion,wishlist
play_4f084d154412,playstore,Nykaa Fashion (Android),https://play.google.com/store/apps/details?id=com.fsn.nds&reviewId=7128bda7-ef3e-4f53-aab9-55fe7458f2c3,2026-08-22T16:03:58+00:00,Wishlist only showing recent items saved...this is worst...resolve this,Nykaa Fashion,wishlist
play_a8cfa6b6fd9d,playstore,Nykaa Fashion (Android),https://play.google.com/store/apps/details?id=com.fsn.nds&reviewId=bafa6e66-ec71-408e-ad4c-3ff70d2680bb,2026-08-22T16:03:58+00:00,My wishlisted products gets disappeared automatically and I can't find them anymore.,Nykaa Fashion,wishlist
play_c24fa4b8e5e7,playstore,Nykaa Fashion (Android),https://play.google.com/store/apps/details?id=com.fsn.nds&reviewId=527cf24a-b75b-4d0a-a65b-541fbba0d83c,2026-08-22T16:03:58+00:00,Where my wishlist has gone? I'm trying to login but it's not happening ..?,Nykaa Fashion,wishlist
play_ef0c72c8f43e,playstore,Nykaa Fashion (Android),https://play.google.com/store/apps/details?id=com.fsn.nds&reviewId=6548f9b2-bd22-4010-9410-a4b645b7835f,2026-08-22T16:03:58+00:00,Thanks Nyka .I wanted to buy gift to my friend so I came here and I got it beautiful collection within my budget.,Nykaa Fashion,meant to buy
play_145196337518,playstore,Nykaa Fashion (Android),https://play.google.com/store/apps/details?id=com.fsn.nds&reviewId=6d49a113-ae6b-4919-8213-6c21abf3e4fd,2026-08-22T16:03:58+00:00,All my items in wishlist are 👎 no longer visible,Nykaa Fashion,wishlist
play_5140b807840e,playstore,Nykaa Fashion (Android),https://play.google.com/store/apps/details?id=com.fsn.nds&reviewId=31ce05ab-a36a-402c-a2b1-587af27f8e60,2026-08-22T16:03:58+00:00,All my wishlisted products are gone and the saved addresses as well 🥺🥺,Nykaa Fashion,wishlist
play_20f30acef409,playstore,Nykaa Fashion (Android),https://play.google.com/store/apps/details?id=com.fsn.nds&reviewId=ab09f7ef-0b07-46d6-8374-270cedae4510,2026-08-22T16:03:58+00:00,Wish list should be more organised,Nykaa Fashion,wishlist
play_93e0330c035f,playstore,Nykaa Fashion (Android),https://play.google.com/store/apps/details?id=com.fsn.nds&reviewId=3197e7a3-7b23-4c6b-870f-6046a3a6dbb0,2026-08-22T16:03:58+00:00,Wishlist never gets open properly,Nykaa Fashion,wishlist
play_eb00e6867593,playstore,Nykaa Fashion (Android),https://play.google.com/store/apps/details?id=com.fsn.nds&reviewId=b4bb0dd9-0a22-4ffe-8f8c-52b34e9e1f49,2026-08-22T16:03:58+00:00,The app never shows complete wishlist.,Nykaa Fashion,wishlist
play_0b7e7bd76f66,playstore,Nykaa Fashion (Android),https://play.google.com/store/apps/details?id=com.fsn.nds&reviewId=cb75f569-fbe3-4e0b-8e7b-8e52bd1f443a,2026-08-22T16:03:58+00:00,I cannot see my all wishlist item..,Nykaa Fashion,wishlist
play_e4f4b5313ea3,playstore,Nykaa Fashion (Android),https://play.google.com/store/apps/details?id=com.fsn.nds&reviewId=d1b15eac-b4d9-494d-9f97-10c4ebd8206d,2026-08-22T16:03:58+00:00,I cant even open my wishlist.. Donno what to do,Nykaa Fashion,wishlist
apps_7b8d6097bf83,appstore,AJIO (iOS),https://itunes.apple.com/in/review?id=1113425372&type=Purple%20Software,2026-08-22T16:04:30+00:00,"Wish list problem
The older wish listed items are not showing. Only a very small numbers of wish listed items can be accessed. Please fix this problem asap.",AJIO,wishlist
